date_utc,channel,message_id,link,substantive,topic,subtopic,sentiment,summary_en,views,forwards
2026-06-02 00:11:03,ngp_razvedka,25477,https://t.me/ngp_razvedka/25477,False,none,none,neu,,39126,39
2026-06-02 00:14:16,ngp_razvedka,25478,https://t.me/ngp_razvedka/25478,False,none,none,neu,,38605,11
2026-06-02 00:17:06,ngp_razvedka,25479,https://t.me/ngp_razvedka/25479,False,none,none,neu,,43847,100
2026-06-02 00:18:10,ngp_razvedka,25480,https://t.me/ngp_razvedka/25480,False,none,none,neu,,40657,18
2026-06-02 00:22:58,ngp_razvedka,25481,https://t.me/ngp_razvedka/25481,True,strikes_on_ukraine,deep_strikes,pos,Russia planned to strike Kyiv with explosives and fragmentation munitions.,39640,23
2026-06-02 01:10:07,ngp_razvedka,25482,https://t.me/ngp_razvedka/25482,False,none,none,neu,,40096,120
2026-06-02 01:17:33,ngp_razvedka,25483,https://t.me/ngp_razvedka/25483,False,none,none,neu,,45459,73
2026-06-02 03:36:54,dva_majors,93912,https://t.me/dva_majors/93912,False,none,none,neu,,115774,48
2026-06-02 03:36:57,dva_majors,93913,https://t.me/dva_majors/93913,True,strikes_on_ukraine,deep_strikes,pos,"Russian forces struck Kyiv, Dnipro, Kharkiv, Zaporizhzhia hitting Ukroboronprom and energy infrastructure.",363792,457
2026-06-02 03:43:10,dva_majors,93914,https://t.me/dva_majors/93914,False,none,none,neu,,106926,352
2026-06-02 03:47:20,dva_majors,93918,https://t.me/dva_majors/93918,False,none,none,neu,,113909,285
2026-06-02 03:47:20,dva_majors,93917,https://t.me/dva_majors/93917,False,none,none,neu,,119422,282
2026-06-02 03:47:20,dva_majors,93916,https://t.me/dva_majors/93916,False,none,none,neu,,116700,284
2026-06-02 03:47:20,dva_majors,93915,https://t.me/dva_majors/93915,True,strikes_on_ukraine,deep_strikes,pos,Four Russian cruise missiles struck Kyiv causing fires throughout the city.,114134,292
2026-06-02 04:27:55,dva_majors,93919,https://t.me/dva_majors/93919,True,ukraine_strikes_on_russia,drones_on_regions,pos,Russian air defense intercepted 148 Ukrainian drones over western regions and Black Sea.,108661,73
2026-06-02 05:01:01,rusich_army,29809,https://t.me/rusich_army/29809,False,none,none,neu,,81998,19
2026-06-02 05:02:42,rybar,80761,https://t.me/rybar/80761,True,strikes_on_ukraine,deep_strikes,pos,"Russian forces struck Kyiv, Dnipro, Kharkiv, Zaporizhzhia hitting energy and military infrastructure.",161097,80
2026-06-02 05:18:52,wargonzo,34564,https://t.me/wargonzo/34564,False,none,none,neu,,41355,128
2026-06-02 05:18:52,wargonzo,34563,https://t.me/wargonzo/34563,False,none,none,neu,,42261,128
2026-06-02 05:18:52,wargonzo,34562,https://t.me/wargonzo/34562,True,strikes_on_ukraine,deep_strikes,pos,Russia used over 400 rockets and 300 drones targeting Ukrainian energy infrastructure and strategic facilities.,38303,131
2026-06-02 05:25:54,rybar,80762,https://t.me/rybar/80762,True,frontline,other,pos,"Russian forces advancing toward Siversky Donets river, controlling Tatyanivka and Pryshib after two months combat.",178275,154
2026-06-02 05:39:19,dva_majors,93921,https://t.me/dva_majors/93921,True,ukraine_strikes_on_russia,other,neg,Dzhankoy railway station temporarily closed due to Ukrainian attack damage affecting passenger operations.,111135,447
2026-06-02 05:42:18,dva_majors,93922,https://t.me/dva_majors/93922,True,strikes_on_ukraine,deep_strikes,neu,Russia launched 73 missiles and 656 drones of various types against Ukraine overnight.,93785,132
2026-06-02 05:49:27,dva_majors,93923,https://t.me/dva_majors/93923,True,ukraine_strikes_on_russia,other,neg,"Ukrainian attack on Dzhankoy passenger train, claimed targeting Crimea railway infrastructure.",100163,655
2026-06-02 06:00:09,rusich_army,29810,https://t.me/rusich_army/29810,False,none,none,neu,,77057,38
2026-06-02 06:02:08,dva_majors,93924,https://t.me/dva_majors/93924,False,none,none,neu,,76227,2
2026-06-02 06:03:24,sashakots,62092,https://t.me/sashakots/62092,True,strikes_on_ukraine,deep_strikes,pos,Russian Defense Ministry reported massive strike with hypersonic missiles on military-industrial and infrastructure targets.,35960,41
2026-06-02 06:09:01,wargonzo,34571,https://t.me/wargonzo/34571,False,none,none,neu,,40948,56
2026-06-02 06:09:01,wargonzo,34570,https://t.me/wargonzo/34570,False,none,none,neu,,44656,55
2026-06-02 06:09:01,wargonzo,34569,https://t.me/wargonzo/34569,False,none,none,neu,,38833,55
2026-06-02 06:09:01,wargonzo,34567,https://t.me/wargonzo/34567,False,none,none,neu,,35474,55
2026-06-02 06:09:01,wargonzo,34566,https://t.me/wargonzo/34566,False,none,none,neu,,33978,58
2026-06-02 06:09:01,wargonzo,34565,https://t.me/wargonzo/34565,False,none,none,neu,,32788,55
2026-06-02 06:09:01,wargonzo,34568,https://t.me/wargonzo/34568,True,frontline,hulyaipole,pos,Russian forces expand control near Verkhnya Tersa and engage in combat near Lyubytske on Zaporizhzhia front.,35420,55
2026-06-02 06:15:17,vysokygovorit,23055,https://t.me/vysokygovorit/23055,True,west_nato,negotiations,neg,LDPR demands decisive military victory and destruction of Dnipro bridges to stop Western arms supply.,234760,157
2026-06-02 06:31:23,rusich_army,29811,https://t.me/rusich_army/29811,False,none,none,neu,,72616,22
2026-06-02 06:36:41,sashakots,62093,https://t.me/sashakots/62093,True,west_nato,alliance_politics,neu,Trump criticized Netanyahu over escalation in Lebanon and threatened Israel with isolation if Beirut bombed.,31825,18
2026-06-02 06:38:50,dva_majors,93925,https://t.me/dva_majors/93925,False,none,none,neu,,87075,1
2026-06-02 06:44:55,sashakots,62095,https://t.me/sashakots/62095,False,none,none,neu,,44177,291
2026-06-02 06:44:55,sashakots,62094,https://t.me/sashakots/62094,True,strikes_on_ukraine,deep_strikes,pos,"Russia struck Ukraine with Kalibr, Kh-101, Iskander, Kinzhal missiles, hitting industrial targets including Motor Sich factory.",44440,296
2026-06-02 06:59:12,dva_majors,93926,https://t.me/dva_majors/93926,False,none,none,neu,,80981,82
2026-06-02 06:59:59,dva_majors,93927,https://t.me/dva_majors/93927,False,none,none,neu,,82856,0
2026-06-02 07:09:21,rusich_army,29813,https://t.me/rusich_army/29813,True,strikes_on_ukraine,deep_strikes,pos,"Russia struck Kyiv with combined missile attack targeting defense industry facilities, including Ukroboronprom and weapons plants.",77510,98
2026-06-02 07:10:44,dva_majors,93928,https://t.me/dva_majors/93928,False,none,none,neu,,92893,448
2026-06-02 07:15:09,dva_majors,93929,https://t.me/dva_majors/93929,True,frontline,hulyaipole,pos,Russian drone operators from 42 Motor Rifle Division attack Ukrainian vehicles near Orekhovskoye despite Ukrainian claims of air control.,87812,43
2026-06-02 07:17:53,vysokygovorit,23056,https://t.me/vysokygovorit/23056,True,west_nato,negotiations,neu,Analysis of Vietnam War lessons: US constrained strategy and broken will led to defeat despite tactical advantages.,67798,366
2026-06-02 07:24:02,rybar,80763,https://t.me/rybar/80763,True,west_nato,alliance_politics,neu,"USA, UK, Australia launching AUKUS project to develop autonomous underwater vehicles for protecting submarine cable infrastructure.",166354,52
2026-06-02 07:40:49,dva_majors,93930,https://t.me/dva_majors/93930,True,strikes_on_ukraine,deep_strikes,pos,"Russian forces struck recruitment centers, defense plants, and energy infrastructure across Kyiv, Zaporizhzhia, Kharkiv, and Dnipro.",90232,286
2026-06-02 07:45:32,dva_majors,93931,https://t.me/dva_majors/93931,True,ukraine_strikes_on_russia,other,neu,Sevastopol defense shot down seven Ukrainian drones; one damaged private house with no casualties.,86235,53
2026-06-02 07:59:58,dva_majors,93941,https://t.me/dva_majors/93941,False,none,none,neu,,84943,81
2026-06-02 07:59:58,dva_majors,93940,https://t.me/dva_majors/93940,False,none,none,neu,,94478,83
2026-06-02 07:59:58,dva_majors,93939,https://t.me/dva_majors/93939,False,none,none,neu,,88855,79
2026-06-02 07:59:58,dva_majors,93938,https://t.me/dva_majors/93938,False,none,none,neu,,92690,82
2026-06-02 07:59:58,dva_majors,93937,https://t.me/dva_majors/93937,False,none,none,neu,,93231,80
2026-06-02 07:59:58,dva_majors,93936,https://t.me/dva_majors/93936,False,none,none,neu,,86475,85
2026-06-02 07:59:58,dva_majors,93935,https://t.me/dva_majors/93935,False,none,none,neu,,85208,82
2026-06-02 07:59:58,dva_majors,93934,https://t.me/dva_majors/93934,False,none,none,neu,,83137,83
2026-06-02 07:59:58,dva_majors,93933,https://t.me/dva_majors/93933,False,none,none,neu,,86085,83
2026-06-02 07:59:58,dva_majors,93932,https://t.me/dva_majors/93932,False,none,none,neu,,86247,79
2026-06-02 08:05:10,dva_majors,93942,https://t.me/dva_majors/93942,True,west_nato,rearmament,neg,"Germany and Netherlands assigned German-Dutch Corps as NATO tactical headquarters for Estonia and Latvia, preparing for 60,000 troop deployment.",258031,698
2026-06-02 08:16:11,epoddubny,27674,https://t.me/epoddubny/27674,True,strikes_on_ukraine,deep_strikes,pos,"Russia launched combined strike with hypersonic missiles and drones against defense plants, fuel infrastructure, and military positions across Ukraine.",49324,30
2026-06-02 08:17:11,wargonzo,34575,https://t.me/wargonzo/34575,False,none,none,neu,,38440,101
2026-06-02 08:17:11,wargonzo,34574,https://t.me/wargonzo/34574,False,none,none,neu,,40771,101
2026-06-02 08:17:11,wargonzo,34573,https://t.me/wargonzo/34573,False,none,none,neu,,35561,101
2026-06-02 08:17:11,wargonzo,34572,https://t.me/wargonzo/34572,True,russia_internal,mobilisation,neu,Russia planning mobile version of Citadel anti-aircraft system using Ural trucks and radar station for drone defense.,30507,102
2026-06-02 08:26:43,sashakots,62096,https://t.me/sashakots/62096,True,strikes_on_ukraine,fuel_infrastructure,pos,Russian Geran drones struck Rovenskaya oil refinery with operator control from hundreds kilometers away without NATO satellite reliance.,33063,170
2026-06-02 08:29:01,rybar,80764,https://t.me/rybar/80764,True,strikes_on_ukraine,fuel_infrastructure,neu,"Russia shifted targeting from power plants to railway energy substations and transit nodes, disrupting Ukrainian rail network supply.",175693,134
2026-06-02 08:58:52,sashakots,62101,https://t.me/sashakots/62101,False,none,none,neu,,82383,356
2026-06-02 08:58:52,sashakots,62100,https://t.me/sashakots/62100,False,none,none,neu,,85813,358
2026-06-02 08:58:52,sashakots,62099,https://t.me/sashakots/62099,False,none,none,neu,,84871,356
2026-06-02 08:58:52,sashakots,62098,https://t.me/sashakots/62098,False,none,none,neu,,78014,358
2026-06-02 08:58:52,sashakots,62097,https://t.me/sashakots/62097,True,strikes_on_ukraine,other,neg,Kyiv metro shelter crowded with tourists using large tents; residents complain about selfishness and lack of space during strikes.,73407,363
2026-06-02 09:02:07,rusich_army,29814,https://t.me/rusich_army/29814,True,frontline,other,pos,Russian drone killed Ukrainian vehicle crew who failed to observe approaching target despite having three guns and multiple observers.,160727,352
2026-06-02 09:04:54,rybar,80765,https://t.me/rybar/80765,True,russia_internal,ideology_society,neg,Rybar criticizes invitation of Andrew Tate brothers to Russia as poor choice due to criminal allegations and toxic masculinity advocacy.,172297,264
2026-06-02 09:32:46,epoddubny,27676,https://t.me/epoddubny/27676,True,strikes_on_ukraine,deep_strikes,pos,"Russia struck Motor Sich factory and energy infrastructure in Zaporizhzhia, Kharkiv, Poltava disrupting Ukrainian fuel supplies.",37179,56
2026-06-02 09:34:10,wargonzo,34576,https://t.me/wargonzo/34576,True,russia_internal,elite_politics,neu,"War correspondent Semyon Pegov discusses Russian-Abkhazian relations, political tensions, and cultural preservation in podcast episode.",35503,16
2026-06-02 09:34:11,rybar,80768,https://t.me/rybar/80768,False,none,none,neu,,198605,384
2026-06-02 09:34:11,rybar,80767,https://t.me/rybar/80767,False,none,none,neu,,224661,384
2026-06-02 09:34:11,rybar,80766,https://t.me/rybar/80766,True,west_nato,other,pos,"Rybar praises American conservative Candace Owens visiting Russia as legitimate voice of traditional values, unlike previous controversial guests.",204163,386
2026-06-02 09:34:50,dva_majors,93943,https://t.me/dva_majors/93943,True,russia_internal,other,neu,Voronezh market illegal structures demolished; issues remain with tax evasion and regional authorities' willingness to solve problems.,84137,93
2026-06-02 09:44:30,ngp_razvedka,25484,https://t.me/ngp_razvedka/25484,False,none,none,neu,,40366,23
2026-06-02 09:52:01,epoddubny,27677,https://t.me/epoddubny/27677,True,west_nato,military_aid,neg,"USA studies deploying nuclear weapons in non-nuclear NATO European countries, expanding nuclear capability in Eastern Europe.",77371,105
2026-06-02 09:56:11,sashakots,62103,https://t.me/sashakots/62103,True,west_nato,military_aid,neg,"USA studies deploying nuclear weapons in non-nuclear NATO European countries, expanding nuclear capability in Eastern Europe.",27087,38
2026-06-02 09:59:16,dva_majors,93944,https://t.me/dva_majors/93944,True,criticism,government,neg,"Ukrainian parliament audit reveals widespread defense ministry mismanagement, funding shortfalls, and supply deficiencies during war.",77272,48
2026-06-02 09:59:35,dva_majors,93948,https://t.me/dva_majors/93948,False,none,none,neu,,82029,69
2026-06-02 09:59:35,dva_majors,93947,https://t.me/dva_majors/93947,False,none,none,neu,,85283,69
2026-06-02 09:59:35,dva_majors,93946,https://t.me/dva_majors/93946,False,none,none,neu,,82246,69
2026-06-02 09:59:35,dva_majors,93945,https://t.me/dva_majors/93945,True,ukraine_strikes_on_russia,drones_on_regions,neg,"Ukrainian drone and FPV attacks escalating massively, becoming sophisticated and hard to detect threat to Russian infrastructure.",77603,72
2026-06-02 10:20:16,Sladkov_plus,15578,https://t.me/Sladkov_plus/15578,False,none,none,neu,,186527,108
2026-06-02 10:23:25,ngp_razvedka,25485,https://t.me/ngp_razvedka/25485,True,russia_internal,other,neg,"Russian blogger criticizes social media users for revealing fuel convoy positions to Ukrainian drones, enabling targeting.",40953,85
2026-06-02 10:31:51,dva_majors,93958,https://t.me/dva_majors/93958,False,none,none,neu,,87580,89
2026-06-02 10:31:51,dva_majors,93957,https://t.me/dva_majors/93957,False,none,none,neu,,103223,89
2026-06-02 10:31:51,dva_majors,93956,https://t.me/dva_majors/93956,False,none,none,neu,,96845,91
2026-06-02 10:31:51,dva_majors,93955,https://t.me/dva_majors/93955,False,none,none,neu,,90617,94
2026-06-02 10:31:51,dva_majors,93954,https://t.me/dva_majors/93954,False,none,none,neu,,86979,93
2026-06-02 10:31:51,dva_majors,93953,https://t.me/dva_majors/93953,False,none,none,neu,,88196,99
2026-06-02 10:31:51,dva_majors,93952,https://t.me/dva_majors/93952,False,none,none,neu,,81524,91
2026-06-02 10:31:51,dva_majors,93951,https://t.me/dva_majors/93951,False,none,none,neu,,83087,104
2026-06-02 10:31:51,dva_majors,93950,https://t.me/dva_majors/93950,False,none,none,neu,,79665,92
2026-06-02 10:31:51,dva_majors,93949,https://t.me/dva_majors/93949,False,none,none,neu,,80241,90
2026-06-02 10:32:13,wargonzo,34577,https://t.me/wargonzo/34577,False,none,none,neu,,35784,27
2026-06-02 10:38:42,rybar,80769,https://t.me/rybar/80769,True,russia_internal,security_cases,neg,FSB reports foreign intelligence agencies deployed spyware in phones of Russian officials using commercial Israeli tools.,261872,408
2026-06-02 10:50:57,sashakots,62104,https://t.me/sashakots/62104,True,russia_internal,economy,neg,"Armenian PM Pashinyan proposes compensating farmers for crop losses from Russian restrictions, questioned as economically unsustainable.",32315,43
2026-06-02 11:00:46,rusich_army,29815,https://t.me/rusich_army/29815,True,ukraine_strikes_on_russia,drones_on_regions,neg,"Ukrainian drones attack Russian oil refineries, industrial facilities, and claims to have hit civilian passenger train heading to St. Petersburg.",89505,173
2026-06-02 11:01:09,dva_majors,93959,https://t.me/dva_majors/93959,False,none,none,neu,,105337,408
2026-06-02 11:16:44,epoddubny,27678,https://t.me/epoddubny/27678,True,strikes_on_ukraine,fuel_infrastructure,pos,"Russian combined missile and drone strike causes significant damage to Naftogaz fuel infrastructure facility in Merefa, Kharkiv region.",38208,70
2026-06-02 11:20:15,dva_majors,93960,https://t.me/dva_majors/93960,True,west_nato,military_aid,neg,USA Space Force contracts SpaceX $4.16 billion for space-based airborne moving target indicator system for global surveillance.,89091,196
2026-06-02 11:22:00,vysokygovorit,23058,https://t.me/vysokygovorit/23058,True,russia_internal,ideology_society,pos,Russian military adaptation from industrial to drone-based warfare parallels historical pattern of catching up and surpassing in weaponry.,220726,1215
2026-06-02 11:29:36,rybar,80770,https://t.me/rybar/80770,True,west_nato,other,neu,"Cuba faces potential epidemic crisis from garbage collapse due to US fuel blockade, with limited waste management infrastructure.",163077,123
2026-06-02 11:38:39,dva_majors,93961,https://t.me/dva_majors/93961,True,russia_internal,economy,neu,"Crimean head Aksyonov reports fuel shortage on peninsula under Putin's personal control, interactive map to locate gas stations announced.",97389,217
2026-06-02 11:44:36,sashakots,62105,https://t.me/sashakots/62105,True,russia_internal,ideology_society,pos,Russian military adapting from industrial to drone-based warfare mirrors historical pattern of catching up and surpassing adversaries.,26645,97
2026-06-02 11:57:10,dva_majors,93962,https://t.me/dva_majors/93962,True,ukraine_strikes_on_russia,drones_on_regions,neg,Ukrainian FPV drone intentionally attacks church in Kursk region's Glushkovskiy district near Kulbaki.,87810,96
2026-06-02 11:59:38,epoddubny,27683,https://t.me/epoddubny/27683,False,none,none,neu,,36025,127
2026-06-02 11:59:38,epoddubny,27682,https://t.me/epoddubny/27682,False,none,none,neu,,35955,127
2026-06-02 11:59:38,epoddubny,27681,https://t.me/epoddubny/27681,False,none,none,neu,,35043,127
2026-06-02 11:59:38,epoddubny,27680,https://t.me/epoddubny/27680,False,none,none,neu,,32057,128
2026-06-02 11:59:38,epoddubny,27679,https://t.me/epoddubny/27679,True,strikes_on_ukraine,deep_strikes,neg,Russian missile and drone strike on Kyiv forces civilians into metro shelters; wealthy residents monopolize space with large tents.,30779,128
2026-06-02 12:07:58,rybar,80771,https://t.me/rybar/80771,True,russia_internal,elite_politics,neu,Russian special envoy Kabulov denies reports of deploying air defense systems to Taliban or stationing forces at Bagram airbase.,164487,48
2026-06-02 12:15:59,sashakots,62108,https://t.me/sashakots/62108,False,none,none,neu,,35757,123
2026-06-02 12:15:59,sashakots,62107,https://t.me/sashakots/62107,False,none,none,neu,,36080,123
2026-06-02 12:15:59,sashakots,62106,https://t.me/sashakots/62106,True,strikes_on_ukraine,deep_strikes,pos,"Russian strikes hit ten Ukrainian defense industry facilities in Kyiv including drone production, weapons manufacturing, and military export monopoly.",30920,123
2026-06-02 12:16:17,epoddubny,27684,https://t.me/epoddubny/27684,True,strikes_on_ukraine,deep_strikes,pos,"Russian strikes damage Ukrainian defense plants including Mayak weapons factory, Aeroengine Motor Sich, drone producer Fire Point, and military airfields.",55832,91
2026-06-02 12:20:31,dva_majors,93966,https://t.me/dva_majors/93966,False,none,none,neu,,97512,181
2026-06-02 12:20:31,dva_majors,93965,https://t.me/dva_majors/93965,False,none,none,neu,,99992,181
2026-06-02 12:20:31,dva_majors,93964,https://t.me/dva_majors/93964,False,none,none,neu,,92210,180
2026-06-02 12:20:31,dva_majors,93963,https://t.me/dva_majors/93963,True,frontline,other,neu,Ukrainian border brigade Pomsta deploys mobile MANPAD system on pickup truck with dual machine guns and remote Xbox-controlled targeting.,86203,180
2026-06-02 12:23:32,wargonzo,34578,https://t.me/wargonzo/34578,False,none,none,neu,,33630,8
2026-06-02 12:31:45,Sladkov_plus,15579,https://t.me/Sladkov_plus/15579,True,russia_internal,mobilisation,pos,Civilian specialist 'Mark' promoted to deputy commander of 'Volga' regiment despite lacking formal military background.,238545,99
2026-06-02 12:31:46,rusich_army,29817,https://t.me/rusich_army/29817,False,none,none,neu,,87151,19
2026-06-02 12:50:16,rybar,80772,https://t.me/rybar/80772,True,ukraine_strikes_on_russia,crimea_energy,neg,Crimea fuel shortage worsens due to Ukrainian strikes on logistics corridor; interactive gas station map launching.,166022,168
2026-06-02 13:00:16,sashakots,62109,https://t.me/sashakots/62109,True,frontline,other,pos,"Spetsnaz drone operators destroyed 15 Ukrainian heavy drones near Dobropol, protecting ground forces from aerial drops.",37619,15
2026-06-02 13:01:58,wargonzo,34579,https://t.me/wargonzo/34579,True,frontline,other,neg,Unit 'Arbat' recovers fallen soldier under constant drone threat; night operations more dangerous despite darkness.,32122,18
2026-06-02 13:04:14,rusich_army,29818,https://t.me/rusich_army/29818,False,none,none,neu,,90531,16
2026-06-02 13:07:43,rybar,80773,https://t.me/rybar/80773,True,strikes_on_ukraine,deep_strikes,pos,"Russian forces conducted massive combined strike on Kyiv with drones and missiles; damaged seven districts, power cuts.",168880,154
2026-06-02 13:28:30,dva_majors,93967,https://t.me/dva_majors/93967,True,russia_internal,elite_politics,neg,Russia restricts agricultural imports from Armenia; accuses Armenian government of mismanagement and incompetence.,92903,233
2026-06-02 13:49:50,epoddubny,27685,https://t.me/epoddubny/27685,True,russia_internal,ideology_society,pos,Russia historically lags in military innovation but catches up and surpasses; currently transforming to drone-centric warfare.,34310,83
2026-06-02 13:52:03,dva_majors,93968,https://t.me/dva_majors/93968,True,ukraine_strikes_on_russia,drones_on_regions,neg,Ukrainian MLRS strike on Suzemka town kills civilian; three others wounded including rescue worker.,88609,80
2026-06-02 14:01:01,epoddubny,27687,https://t.me/epoddubny/27687,False,none,none,neu,,41142,26
2026-06-02 14:01:01,epoddubny,27686,https://t.me/epoddubny/27686,True,frontline,other,pos,Russian drone operators systematically destroy enemy heavy drones and personnel across all special operation directions.,41812,25
2026-06-02 14:02:23,dva_majors,93970,https://t.me/dva_majors/93970,False,none,none,neu,,92221,113
2026-06-02 14:02:23,dva_majors,93969,https://t.me/dva_majors/93969,True,russia_internal,ideology_society,neu,"Study explores adversarial patterns, thermal masking, and AI countermeasures for military equipment concealment.",92157,114
2026-06-02 14:07:01,wargonzo,34580,https://t.me/wargonzo/34580,False,none,none,neu,,31766,33
2026-06-02 14:41:54,rybar,80774,https://t.me/rybar/80774,False,none,none,neu,,858418,394
2026-06-02 14:50:56,vysokygovorit,23059,https://t.me/vysokygovorit/23059,False,none,none,neu,,81912,47
2026-06-02 14:52:51,dva_majors,93971,https://t.me/dva_majors/93971,True,criticism,government,neg,Government censorship prevents Russian media from reporting Ukrainian war crimes; enables enemy propaganda spread.,129946,498
2026-06-02 15:00:01,rusich_army,29819,https://t.me/rusich_army/29819,False,none,none,neu,,103016,16
2026-06-02 15:00:23,dva_majors,93972,https://t.me/dva_majors/93972,False,none,none,neu,,92393,114
2026-06-02 15:02:42,vysokygovorit,23060,https://t.me/vysokygovorit/23060,False,none,none,neu,,100308,35
2026-06-02 15:03:04,rybar,80775,https://t.me/rybar/80775,True,west_nato,alliance_politics,neg,US deploys two carrier strike groups near Iran amid failed negotiations; tensions in Strait of Hormuz escalating.,157710,30
2026-06-02 15:05:58,wargonzo,34581,https://t.me/wargonzo/34581,True,frontline,other,neg,Unit 'Arbat' recovers fallen soldiers under drone attacks; pledges never to abandon comrades dead or alive.,33412,43
2026-06-02 15:09:18,ngp_razvedka,25486,https://t.me/ngp_razvedka/25486,True,strikes_on_ukraine,deep_strikes,pos,Russian strike hits ESMA factory in Ukraine; post celebrates destruction of plant.,40977,68
2026-06-02 15:29:58,dva_majors,93982,https://t.me/dva_majors/93982,False,none,none,neu,,98756,79
2026-06-02 15:29:58,dva_majors,93981,https://t.me/dva_majors/93981,False,none,none,neu,,123633,81
2026-06-02 15:29:58,dva_majors,93980,https://t.me/dva_majors/93980,False,none,none,neu,,118276,79
2026-06-02 15:29:58,dva_majors,93979,https://t.me/dva_majors/93979,False,none,none,neu,,101525,83
2026-06-02 15:29:58,dva_majors,93978,https://t.me/dva_majors/93978,False,none,none,neu,,102049,84
2026-06-02 15:29:58,dva_majors,93977,https://t.me/dva_majors/93977,False,none,none,neu,,102527,80
2026-06-02 15:29:58,dva_majors,93976,https://t.me/dva_majors/93976,False,none,none,neu,,96825,78
2026-06-02 15:29:58,dva_majors,93975,https://t.me/dva_majors/93975,False,none,none,neu,,93343,83
2026-06-02 15:29:58,dva_majors,93974,https://t.me/dva_majors/93974,False,none,none,neu,,92564,79
2026-06-02 15:29:58,dva_majors,93973,https://t.me/dva_majors/93973,False,none,none,neu,,91272,78
2026-06-02 15:32:01,rybar,80776,https://t.me/rybar/80776,True,frontline,other,pos,Russian forces evacuate Krasnoarmeysk civilians after liberation; military police rescue residents under drone threats.,156211,301
2026-06-02 15:36:34,vysokygovorit,23061,https://t.me/vysokygovorit/23061,False,none,none,neu,,107182,234
2026-06-02 15:55:27,vysokygovorit,23062,https://t.me/vysokygovorit/23062,True,frontline,other,pos,Fiber optic drone operators intercept enemy armored vehicles on Dobropol direction roads.,90456,21
2026-06-02 16:01:03,wargonzo,34582,https://t.me/wargonzo/34582,False,none,none,neu,,35881,14
2026-06-02 16:11:18,epoddubny,27693,https://t.me/epoddubny/27693,False,none,none,neu,,45527,64
2026-06-02 16:11:18,epoddubny,27692,https://t.me/epoddubny/27692,False,none,none,neu,,50659,64
2026-06-02 16:11:18,epoddubny,27691,https://t.me/epoddubny/27691,False,none,none,neu,,52681,64
2026-06-02 16:11:18,epoddubny,27690,https://t.me/epoddubny/27690,False,none,none,neu,,51757,64
2026-06-02 16:11:18,epoddubny,27689,https://t.me/epoddubny/27689,False,none,none,neu,,45818,64
2026-06-02 16:11:18,epoddubny,27688,https://t.me/epoddubny/27688,False,none,none,neu,,41389,65
2026-06-02 16:11:19,epoddubny,27696,https://t.me/epoddubny/27696,False,none,none,neu,,51458,64
2026-06-02 16:11:19,epoddubny,27695,https://t.me/epoddubny/27695,False,none,none,neu,,62512,64
2026-06-02 16:11:19,epoddubny,27694,https://t.me/epoddubny/27694,False,none,none,neu,,66135,64
2026-06-02 16:18:02,rybar,80777,https://t.me/rybar/80777,True,west_nato,military_aid,neg,US military tanker aircraft continue operations from Israel to Persian Gulf despite deescalation talks.,167702,29
2026-06-02 16:34:38,wargonzo,34583,https://t.me/wargonzo/34583,True,west_nato,other,pos,Iranian military official claims war with US is inevitable and threatens to block Hormuz Strait.,37662,24
2026-06-02 16:37:00,dva_majors,93983,https://t.me/dva_majors/93983,False,none,none,neu,,149551,64
2026-06-02 16:59:01,sashakots,62114,https://t.me/sashakots/62114,False,none,none,neu,,39751,88
2026-06-02 16:59:01,sashakots,62113,https://t.me/sashakots/62113,False,none,none,neu,,43816,88
2026-06-02 16:59:01,sashakots,62112,https://t.me/sashakots/62112,False,none,none,neu,,39700,88
2026-06-02 16:59:01,sashakots,62111,https://t.me/sashakots/62111,False,none,none,neu,,34979,88
2026-06-02 16:59:01,sashakots,62110,https://t.me/sashakots/62110,True,strikes_on_ukraine,deep_strikes,neg,"Ukraine's 2014 Su-25 strike on Luhansk administrative building killed eight civilians, escalated Donbas conflict.",32098,91
2026-06-02 17:02:49,rusich_army,29820,https://t.me/rusich_army/29820,True,russia_internal,other,pos,Russian heavy cruiser Nakhimov completes sea trials after modernization; criticized for slow Russian shipbuilding.,105987,118
2026-06-02 17:06:01,dva_majors,93984,https://t.me/dva_majors/93984,False,none,none,neu,,87556,43
2026-06-02 17:12:04,dva_majors,93985,https://t.me/dva_majors/93985,False,none,none,neu,,103662,12
2026-06-02 17:15:21,rybar,80778,https://t.me/rybar/80778,True,west_nato,alliance_politics,neu,US commander calls Korean Peninsula 'dagger in Asia's heart' directed at China's interests.,170314,58
2026-06-02 17:20:03,ngp_razvedka,25487,https://t.me/ngp_razvedka/25487,True,criticism,government,neg,Ukrainian strike on Dzhankoy railway station caused casualties; Russia lacks will for symmetric retaliation despite capability.,41757,120
2026-06-02 17:20:13,wargonzo,34584,https://t.me/wargonzo/34584,True,frontline,other,pos,"Unit Arbat operates in dangerous frontline sector, conducts evacuation of wounded under constant drone threat.",48160,40
2026-06-02 17:20:17,dva_majors,93986,https://t.me/dva_majors/93986,True,russia_internal,economy,neg,LNR imposes fuel rationing at 20 liters per purchase due to logistics problems and rising demand.,120728,420
2026-06-02 17:32:15,sashakots,62115,https://t.me/sashakots/62115,False,none,none,neu,,39850,10
2026-06-02 17:34:13,vysokygovorit,23063,https://t.me/vysokygovorit/23063,True,strikes_on_ukraine,deep_strikes,pos,Massive Russian strike on Ukrainian defense industry targets; Ukraine denies damage.,113792,41
2026-06-02 17:45:05,dva_majors,93987,https://t.me/dva_majors/93987,False,none,none,neu,,119587,531
2026-06-02 18:05:34,sashakots,62116,https://t.me/sashakots/62116,False,none,none,neu,,44914,15
2026-06-02 18:14:00,rybar,80779,https://t.me/rybar/80779,True,strikes_on_ukraine,deep_strikes,pos,"Kyiv struck by massive combined attack with Iskanders, Zircons, Kh-101s; NATO debates nuclear expansion.",176600,42
2026-06-02 18:16:04,rusich_army,29822,https://t.me/rusich_army/29822,True,strikes_on_ukraine,deep_strikes,pos,Massive Russian strike on Ukrainian defense industry targets; Ukraine denies damage.,88991,51
2026-06-02 18:21:24,ngp_razvedka,25488,https://t.me/ngp_razvedka/25488,True,criticism,government,neg,Questions why private fuel depot protection costs are passed to consumers instead of state responsibility.,92963,185
2026-06-02 18:43:33,vysokygovorit,23064,https://t.me/vysokygovorit/23064,True,strikes_on_ukraine,deep_strikes,pos,Zelenskyy announces expected Kyiv strike after recent city illumination; highlights Ukrainian unpredictability.,111448,96
2026-06-02 19:20:06,rybar,80781,https://t.me/rybar/80781,False,none,none,neu,,178910,106
2026-06-02 19:20:06,rybar,80780,https://t.me/rybar/80780,True,strikes_on_ukraine,deep_strikes,pos,"Russia strikes Kyiv industry, multiple regions; Ukraine attacks Ilskiy refinery; LNR implements fuel rationing.",181168,106
2026-06-02 19:29:15,dva_majors,93988,https://t.me/dva_majors/93988,True,russia_internal,economy,neg,Sevastopol restricts fuel sales to emergency services only due to supply shortage.,120256,244
2026-06-02 19:30:38,dva_majors,93989,https://t.me/dva_majors/93989,True,strikes_on_ukraine,deep_strikes,pos,Russia sets record for Iskander usage against Kyiv due to Ukrainian Patriot ammunition shortage; US increases production.,106763,49
2026-06-02 19:49:58,dva_majors,93990,https://t.me/dva_majors/93990,False,none,none,neu,,114906,1
2026-06-02 19:57:17,dva_majors,93991,https://t.me/dva_majors/93991,True,russia_internal,mobilisation,pos,Ukrainian citizens applying for Russian citizenship before 2028 exempt from criminal record requirements.,128131,291
2026-06-02 20:14:19,rybar,80782,https://t.me/rybar/80782,False,none,none,neu,,180810,11
2026-06-03 03:38:08,dva_majors,93992,https://t.me/dva_majors/93992,False,none,none,neu,,116747,22
2026-06-03 03:38:11,dva_majors,93993,https://t.me/dva_majors/93993,True,ukraine_strikes_on_russia,drones_on_regions,neg,"Ukraine struck St. Petersburg oil terminal and Russian regions with 30+ drones overnight, causing fires and casualties.",436119,535
2026-06-03 03:50:28,dva_majors,93994,https://t.me/dva_majors/93994,True,ukraine_strikes_on_russia,drones_on_regions,neg,Ukrainian drones hit St. Petersburg oil terminal in demonstration attack ahead of economic forum despite air defense.,141773,1164
2026-06-03 03:57:48,dva_majors,93995,https://t.me/dva_majors/93995,True,ukraine_strikes_on_russia,drones_on_regions,neg,50 Ukrainian drones shot down over Leningrad region; combat operations ongoing.,107034,195
2026-06-03 04:01:16,dva_majors,93996,https://t.me/dva_majors/93996,True,ukraine_strikes_on_russia,drones_on_regions,neg,"Ukrainian drone struck civilian bus in Enakievo, killing 7 and wounding 11 civilians.",129037,1000
2026-06-03 04:10:01,rybar,80785,https://t.me/rybar/80785,False,none,none,neu,,252420,85
2026-06-03 04:10:01,rybar,80784,https://t.me/rybar/80784,False,none,none,neu,,256200,85
2026-06-03 04:10:01,rybar,80783,https://t.me/rybar/80783,True,west_nato,other,neg,"Iran attacked Kuwait, Bahrain and UAE after US struck Iranian tanker in Persian Gulf escalation.",171792,87
2026-06-03 04:41:47,wargonzo,34585,https://t.me/wargonzo/34585,True,ukraine_strikes_on_russia,drones_on_regions,neg,"VSU drone struck passenger bus Moscow-Simferopol route in Enakievo, killing 7 and wounding 11.",50295,234
2026-06-03 04:44:22,dva_majors,93997,https://t.me/dva_majors/93997,True,criticism,government,neg,Post criticizes Russian government for pretending war doesn't exist despite visible destruction in Leningrad.,117157,410
2026-06-03 05:01:54,rusich_army,29823,https://t.me/rusich_army/29823,False,none,none,neu,,85715,23
2026-06-03 05:02:14,dva_majors,93998,https://t.me/dva_majors/93998,True,strikes_on_ukraine,other,pos,Russian air defense destroyed 354 Ukrainian drones overnight across multiple regions.,107385,103
2026-06-03 05:11:23,dva_majors,93999,https://t.me/dva_majors/93999,True,ukraine_strikes_on_russia,drones_on_regions,neg,"Ukrainian drones attacked St. Petersburg infrastructure in Kronstadt and other districts, causing damage and casualties.",104841,209
2026-06-03 05:12:26,dva_majors,94002,https://t.me/dva_majors/94002,False,none,none,neu,,122623,751
2026-06-03 05:12:26,dva_majors,94001,https://t.me/dva_majors/94001,False,none,none,neu,,124843,748
2026-06-03 05:12:26,dva_majors,94000,https://t.me/dva_majors/94000,True,ukraine_strikes_on_russia,drones_on_regions,neg,"Photos show aftermath of Ukrainian drone strike on civilian bus in DNR; 7 killed, 11 wounded.",118503,746
2026-06-03 05:22:11,dva_majors,94003,https://t.me/dva_majors/94003,True,ukraine_strikes_on_russia,drones_on_regions,neg,"59 Ukrainian drones shot down over Leningrad region; minor damage reported, no casualties.",108948,116
2026-06-03 05:25:34,rybar,80786,https://t.me/rybar/80786,True,ukraine_strikes_on_russia,drones_on_regions,neg,Ukraine conducted overnight drone attacks on Russian regions including strikes on oil terminal and infrastructure.,233921,79
2026-06-03 05:27:27,sashakots,62121,https://t.me/sashakots/62121,False,none,none,neu,,51031,586
2026-06-03 05:27:27,sashakots,62120,https://t.me/sashakots/62120,False,none,none,neu,,53977,588
2026-06-03 05:27:27,sashakots,62119,https://t.me/sashakots/62119,False,none,none,neu,,54325,586
2026-06-03 05:27:27,sashakots,62118,https://t.me/sashakots/62118,False,none,none,neu,,50523,587
2026-06-03 05:27:27,sashakots,62117,https://t.me/sashakots/62117,True,ukraine_strikes_on_russia,drones_on_regions,neg,VSU drone deliberately killed 7 civilians on Moscow-Simferopol bus route in Enakievo.,45591,591
2026-06-03 05:37:54,wargonzo,34586,https://t.me/wargonzo/34586,True,ukraine_strikes_on_russia,drones_on_regions,neg,Ukrainian drones attacked Smolensk region; 31 intercepted but 2 emergency workers killed.,44398,87
2026-06-03 05:56:46,dva_majors,94005,https://t.me/dva_majors/94005,False,none,none,neu,,120644,763
2026-06-03 05:56:46,dva_majors,94004,https://t.me/dva_majors/94004,True,ukraine_strikes_on_russia,drones_on_regions,neg,Analysis of Ukrainian drone tactics over St. Petersburg showing low-altitude approaches to evade radar; 59 drones downed.,121700,699
2026-06-03 05:58:40,epoddubny,27697,https://t.me/epoddubny/27697,True,ukraine_strikes_on_russia,drones_on_regions,neg,Ukrainian drone killed 7 and wounded 11 including a child on civilian bus in Enakievo.,49819,225
2026-06-03 06:01:46,dva_majors,94006,https://t.me/dva_majors/94006,True,strikes_on_ukraine,other,pos,Russian forces deployed 198 drones against Ukraine overnight.,99107,46
2026-06-03 06:01:50,dva_majors,94007,https://t.me/dva_majors/94007,True,russia_internal,ideology_society,neg,Post accuses Greenpeace activists in Buryatia of foreign-funded sabotage against Russian strategic economic project.,100467,69
2026-06-03 06:09:01,wargonzo,34593,https://t.me/wargonzo/34593,False,none,none,neu,,43046,60
2026-06-03 06:09:01,wargonzo,34592,https://t.me/wargonzo/34592,False,none,none,neu,,45981,59
2026-06-03 06:09:01,wargonzo,34591,https://t.me/wargonzo/34591,False,none,none,neu,,42047,60
2026-06-03 06:09:01,wargonzo,34590,https://t.me/wargonzo/34590,False,none,none,neu,,37111,59
2026-06-03 06:09:01,wargonzo,34589,https://t.me/wargonzo/34589,False,none,none,neu,,36784,60
2026-06-03 06:09:01,wargonzo,34588,https://t.me/wargonzo/34588,False,none,none,neu,,36322,61
2026-06-03 06:09:01,wargonzo,34587,https://t.me/wargonzo/34587,True,frontline,other,neu,"Frontline summary reports Russian advances near Grishino, Konstantinovka and gains on Krasnolimansk direction.",34456,61
2026-06-03 06:30:27,rybar,80787,https://t.me/rybar/80787,True,west_nato,rearmament,neg,USA allegedly discussing expanding nuclear weapons deployment to NATO Baltic states.,245246,61
2026-06-03 06:30:33,dva_majors,94008,https://t.me/dva_majors/94008,True,russia_internal,security_cases,neg,FSB reports discovering foreign intelligence services installed spyware on phones of high-ranking Russian officials.,93834,163
2026-06-03 06:34:19,sashakots,62122,https://t.me/sashakots/62122,True,west_nato,other,neg,"Report on Middle East tensions between US and Iran, and European division on conflict resolution.",43255,15
2026-06-03 06:37:07,dva_majors,94009,https://t.me/dva_majors/94009,True,ukraine_strikes_on_russia,drones_on_regions,neg,Video shows Ukrainian drone striking civilian passenger bus in Enakievo.,116564,644
2026-06-03 06:59:59,dva_majors,94010,https://t.me/dva_majors/94010,False,none,none,neu,,115073,0
2026-06-03 07:01:01,rusich_army,29824,https://t.me/rusich_army/29824,True,ukraine_strikes_on_russia,drones_on_regions,neg,"Ukraine conducted largest drone attack in a week, targeting Russian regions including St. Petersburg during SPIEF.",86307,90
2026-06-03 07:14:47,sashakots,62123,https://t.me/sashakots/62123,True,frontline,other,pos,Russian unit destroyed Ukrainian drone launcher truck disguised as cargo vehicle on May 30.,84358,257
2026-06-03 07:15:07,dva_majors,94011,https://t.me/dva_majors/94011,True,frontline,hulyaipole,pos,Russian air defense operators intercepted Ukrainian drones threatening logistics on Zaporizhzhia front.,122305,141
2026-06-03 07:28:01,rybar,80788,https://t.me/rybar/80788,True,ukraine_strikes_on_russia,drones_on_regions,neg,Ukrainian drone killed seven civilians on Moscow-Simferopol bus near Yenakiieve; part of escalating attacks.,248485,421
2026-06-03 07:45:54,epoddubny,27698,https://t.me/epoddubny/27698,True,frontline,other,pos,Russian unit destroyed Ukrainian drone launcher truck disguised as cargo vehicle on May 30.,44467,90
2026-06-03 07:49:39,rybar,80789,https://t.me/rybar/80789,True,russia_internal,mobilisation,neu,"Russia produces 15,000 FPV drones daily but quality remains problematic despite production scaling.",251571,228
2026-06-03 08:00:01,vysokygovorit,23066,https://t.me/vysokygovorit/23066,False,none,none,neu,,115635,46
2026-06-03 08:03:58,wargonzo,34596,https://t.me/wargonzo/34596,False,none,none,neu,,37656,18
2026-06-03 08:03:58,wargonzo,34595,https://t.me/wargonzo/34595,False,none,none,neu,,38631,18
2026-06-03 08:03:58,wargonzo,34594,https://t.me/wargonzo/34594,False,none,none,neu,,31675,21
2026-06-03 09:02:17,rusich_army,29825,https://t.me/rusich_army/29825,True,frontline,other,pos,Russian forces attacked Ukrainian unit crossing open field on vehicles resulting in casualties.,77349,43
2026-06-03 09:02:48,dva_majors,94012,https://t.me/dva_majors/94012,True,west_nato,military_aid,neg,US increasing THAAD and Patriot missile production to strengthen Indo-Pacific region.,115254,97
2026-06-03 09:11:08,rybar,80790,https://t.me/rybar/80790,True,ukraine_strikes_on_russia,drones_on_regions,neg,"Ukraine attacked St. Petersburg during SPIEF with 354 drones, hitting infrastructure in Kronstadt and oil terminal.",284237,555
2026-06-03 09:24:53,rybar,80791,https://t.me/rybar/80791,True,ukraine_strikes_on_russia,drones_on_regions,neg,Ukrainian drones hit Boiky corvette in dry dock at Kronstadt naval shipyard; air defense system remains ineffective.,391988,1513
2026-06-03 09:38:33,epoddubny,27699,https://t.me/epoddubny/27699,True,russia_internal,elite_politics,neu,Russian Defense Minister Beloussov chairs CSTO meeting prioritizing stability across Eurasia in 2026.,79330,48
2026-06-03 09:40:33,ngp_razvedka,25494,https://t.me/ngp_razvedka/25494,False,none,none,neu,,41975,97
2026-06-03 09:40:33,ngp_razvedka,25493,https://t.me/ngp_razvedka/25493,False,none,none,neu,,43496,97
2026-06-03 09:40:33,ngp_razvedka,25492,https://t.me/ngp_razvedka/25492,False,none,none,neu,,42605,97
2026-06-03 09:40:33,ngp_razvedka,25491,https://t.me/ngp_razvedka/25491,False,none,none,neu,,42020,97
2026-06-03 09:40:33,ngp_razvedka,25490,https://t.me/ngp_razvedka/25490,False,none,none,neu,,41052,97
2026-06-03 09:40:33,ngp_razvedka,25489,https://t.me/ngp_razvedka/25489,True,ukraine_strikes_on_russia,drones_on_regions,neg,Ukrainian forces killed seven civilians in bus attack; author advocates mirror strikes against Ukrainian civilians.,40162,98
2026-06-03 09:50:03,epoddubny,27700,https://t.me/epoddubny/27700,False,none,none,neu,,44395,4
2026-06-03 09:50:40,sashakots,62124,https://t.me/sashakots/62124,True,ukraine_strikes_on_russia,drones_on_regions,neg,Ukraine targeted St. Petersburg during SPIEF with drone attacks aiming to disrupt international economic forum.,100040,586
2026-06-03 10:02:10,wargonzo,34597,https://t.me/wargonzo/34597,True,frontline,other,pos,Russian 80th Separate Brigade FPV operators destroyed Ukrainian military vehicles through air reconnaissance monitoring.,33569,11
2026-06-03 10:23:12,wargonzo,34598,https://t.me/wargonzo/34598,True,ukraine_strikes_on_russia,drones_on_regions,neg,Ukrainian drone struck Moscow-Simferopol bus injuring ten civilians including seven-year-old child with serious wounds.,35546,67
2026-06-03 10:27:24,sashakots,62125,https://t.me/sashakots/62125,True,frontline,other,pos,Russian Geran drone destroyed Ukrainian S-300 launcher detonating munitions through temperature effects.,34674,27
2026-06-03 10:28:19,dva_majors,94022,https://t.me/dva_majors/94022,False,none,none,neu,,110198,69
2026-06-03 10:28:19,dva_majors,94021,https://t.me/dva_majors/94021,False,none,none,neu,,118662,69
2026-06-03 10:28:19,dva_majors,94020,https://t.me/dva_majors/94020,False,none,none,neu,,123230,69
2026-06-03 10:28:19,dva_majors,94019,https://t.me/dva_majors/94019,False,none,none,neu,,111496,70
2026-06-03 10:28:19,dva_majors,94018,https://t.me/dva_majors/94018,False,none,none,neu,,112918,70
2026-06-03 10:28:19,dva_majors,94017,https://t.me/dva_majors/94017,False,none,none,neu,,111217,71
2026-06-03 10:28:19,dva_majors,94016,https://t.me/dva_majors/94016,False,none,none,neu,,106229,71
2026-06-03 10:28:19,dva_majors,94015,https://t.me/dva_majors/94015,False,none,none,neu,,111347,71
2026-06-03 10:28:19,dva_majors,94014,https://t.me/dva_majors/94014,False,none,none,neu,,105217,71
2026-06-03 10:28:19,dva_majors,94013,https://t.me/dva_majors/94013,False,none,none,neu,,102917,72
2026-06-03 10:31:09,dva_majors,94023,https://t.me/dva_majors/94023,False,none,none,neu,,110640,52
2026-06-03 10:35:07,rybar,80792,https://t.me/rybar/80792,True,frontline,other,pos,Russian brigade destroyed Ukrainian drone launcher mounted on truck container; analysis of mobile BLA tactics.,292758,172
2026-06-03 10:35:08,rybar,80793,https://t.me/rybar/80793,False,none,none,neu,,286545,174
2026-06-03 10:40:41,sashakots,62126,https://t.me/sashakots/62126,True,russia_internal,elite_politics,neu,Russian Defense Minister Beloussov chairs CSTO meeting prioritizing stability across Eurasia in 2026.,34050,18
2026-06-03 11:00:21,rusich_army,29826,https://t.me/rusich_army/29826,True,west_nato,alliance_politics,neg,NATO's Baltops-2026 largest naval exercise in Baltic Sea starts June 4 with major warships participating.,97675,76
2026-06-03 11:01:19,vysokygovorit,23067,https://t.me/vysokygovorit/23067,True,ukraine_strikes_on_russia,drones_on_regions,neg,Ukraine's drones reached Starlink infrastructure despite Elon Musk's family presence at SPIEF.,131365,330
2026-06-03 11:04:23,sashakots,62127,https://t.me/sashakots/62127,True,ukraine_strikes_on_russia,drones_on_regions,neg,"Ukrainian FP-1 drone approaches St. Petersburg flying extremely low below radar detection, posing defense challenges.",77520,910
2026-06-03 11:09:57,vysokygovorit,23068,https://t.me/vysokygovorit/23068,True,frontline,other,pos,Varyag brigade destroys trucks with long-range Ukrainian drone launchers.,103735,84
2026-06-03 11:31:02,rybar,80794,https://t.me/rybar/80794,False,none,none,neu,,271525,104
2026-06-03 11:32:55,ngp_razvedka,25495,https://t.me/ngp_razvedka/25495,False,none,none,neu,,41103,78
2026-06-03 11:38:00,dva_majors,94024,https://t.me/dva_majors/94024,True,ukraine_strikes_on_russia,crimea_energy,neg,Rare tanker trucks spotted in Crimea footage; urges operational security during wartime.,149819,269
2026-06-03 11:45:08,rybar,80795,https://t.me/rybar/80795,True,west_nato,alliance_politics,neg,Russia restricts Armenian agricultural imports as Yerevan pursues EU-US alignment over EAEU commitment.,271933,47
2026-06-03 12:01:36,sashakots,62128,https://t.me/sashakots/62128,True,criticism,army_command,neg,Author advocates removing restraints on targeting Ukrainian leadership and critical infrastructure.,195761,2342
2026-06-03 12:01:49,dva_majors,94025,https://t.me/dva_majors/94025,True,west_nato,military_aid,neg,Ukraine launches private air defense units; private companies now form anti-drone forces for commercial purposes.,116612,140
2026-06-03 12:03:23,dva_majors,94026,https://t.me/dva_majors/94026,False,none,none,neu,,116755,163
2026-06-03 12:16:23,epoddubny,27701,https://t.me/epoddubny/27701,True,west_nato,alliance_politics,neu,CSTO defense ministers agree on collective security measures and military cooperation framework.,47826,26
2026-06-03 12:21:50,rybar,80796,https://t.me/rybar/80796,True,russia_internal,ideology_society,neg,Uzbek textbooks portray Russian imperial rule negatively while omitting infrastructure and educational development.,281614,219
2026-06-03 12:33:00,wargonzo,34600,https://t.me/wargonzo/34600,False,none,none,neu,,50070,51
2026-06-03 12:33:00,wargonzo,34599,https://t.me/wargonzo/34599,True,west_nato,military_aid,neg,US withdraws troops from Lithuania without replacement; UK increases military presence in Estonia.,51183,52
2026-06-03 12:39:01,sashakots,62129,https://t.me/sashakots/62129,True,frontline,pokrovsk,pos,"Russian Southern grouping breaches toward Konstantinovka bridge, advancing from three directions using small assault groups.",42710,88
2026-06-03 12:48:45,ngp_razvedka,25496,https://t.me/ngp_razvedka/25496,True,criticism,government,neg,Author argues mirror terror tactics against Ukraine effective historically; criticizes belief such measures avoid civilian casualties.,43063,61
2026-06-03 13:05:01,rusich_army,29827,https://t.me/rusich_army/29827,False,none,none,neu,,98467,53
2026-06-03 13:07:02,rybar,80797,https://t.me/rybar/80797,True,frontline,other,neu,Russian forces advance west of Seversky Donets-Donbas canal near Malinovka with ongoing Ukrainian counterattacks.,270505,86
2026-06-03 13:32:56,dva_majors,94027,https://t.me/dva_majors/94027,True,criticism,government,neg,Spokesman accuses Kyiv of targeting civilians; author criticizes issuing statements instead of military action.,166690,181
2026-06-03 13:34:52,epoddubny,27702,https://t.me/epoddubny/27702,True,frontline,other,pos,"Russian marine reconnaissance detects Ukrainian Grad MLRS in Dobropole industrial zone, destroyed by FPV drones.",54191,52
2026-06-03 13:45:08,rybar,80798,https://t.me/rybar/80798,True,russia_internal,economy,pos,Russian crude oil exports hit 4-year maximum at 3.46 million barrels daily due to Middle East fuel crisis.,275051,98
2026-06-03 13:48:19,dva_majors,94028,https://t.me/dva_majors/94028,True,ukraine_strikes_on_russia,drones_on_regions,neg,Ukrainian drones hit corvette Boiky in dry dock at Kronstadt naval plant; reveals air defense vulnerabilities.,104405,521
2026-06-03 14:10:33,sashakots,62130,https://t.me/sashakots/62130,True,west_nato,military_aid,neu,"Ukraine tests FP-7 ballistic missile derived from Soviet S-300 system, positioning as cheaper ATACMS alternative.",37662,154
2026-06-03 14:34:02,wargonzo,34602,https://t.me/wargonzo/34602,False,none,none,neu,,32735,26
2026-06-03 14:34:02,wargonzo,34601,https://t.me/wargonzo/34601,True,west_nato,other,neu,"Iranian hackers breach US Space Force officer Instagram account, post Vietnam War-era propaganda radio broadcasts.",33966,29
2026-06-03 14:40:44,dva_majors,94032,https://t.me/dva_majors/94032,False,none,none,neu,,130385,551
2026-06-03 14:40:44,dva_majors,94031,https://t.me/dva_majors/94031,False,none,none,neu,,132739,551
2026-06-03 14:40:44,dva_majors,94030,https://t.me/dva_majors/94030,False,none,none,neu,,122150,551
2026-06-03 14:40:44,dva_majors,94029,https://t.me/dva_majors/94029,True,west_nato,military_aid,neg,NATO Secretary General Rutté visits Kyiv with full alliance delegation to discuss air defense and missile development.,116654,554
2026-06-03 14:45:11,rybar,80799,https://t.me/rybar/80799,True,criticism,army_command,neg,Corvette Boiky attack reveals limited Russian fleet capacity; warship production takes years for limited force.,278863,341
2026-06-03 15:01:54,sashakots,62137,https://t.me/sashakots/62137,False,none,none,neu,,37728,28
2026-06-03 15:01:54,sashakots,62136,https://t.me/sashakots/62136,False,none,none,neu,,37340,28
2026-06-03 15:01:54,sashakots,62135,https://t.me/sashakots/62135,False,none,none,neu,,35859,28
2026-06-03 15:01:54,sashakots,62134,https://t.me/sashakots/62134,False,none,none,neu,,34563,28
2026-06-03 15:01:54,sashakots,62133,https://t.me/sashakots/62133,False,none,none,neu,,32775,28
2026-06-03 15:01:54,sashakots,62132,https://t.me/sashakots/62132,False,none,none,neu,,32266,28
2026-06-03 15:01:54,sashakots,62131,https://t.me/sashakots/62131,False,none,none,neu,,31474,28
2026-06-03 15:01:54,sashakots,62138,https://t.me/sashakots/62138,False,none,none,neu,,33924,28
2026-06-03 15:03:29,rusich_army,29828,https://t.me/rusich_army/29828,True,ukraine_strikes_on_russia,crimea_energy,neg,Crimea faces severe fuel shortage as Ukrainian drones target tankers along main highway.,106745,178
2026-06-03 15:05:04,epoddubny,27703,https://t.me/epoddubny/27703,True,strikes_on_ukraine,other,pos,Rocket strike hit logistics hub in Dnipropetrovsk serving Ukrainian forces.,164571,218
2026-06-03 15:08:46,dva_majors,94033,https://t.me/dva_majors/94033,False,none,none,neu,,118317,96
2026-06-03 15:10:27,vysokygovorit,23069,https://t.me/vysokygovorit/23069,True,strikes_on_ukraine,other,pos,Rocket strike destroyed logistics hub in Dnipropetrovsk supporting Ukrainian military.,95144,90
2026-06-03 15:20:42,vysokygovorit,23070,https://t.me/vysokygovorit/23070,False,none,none,neu,,176394,1477
2026-06-03 15:31:01,wargonzo,34603,https://t.me/wargonzo/34603,False,none,none,neu,,32474,5
2026-06-03 15:45:07,rybar,80800,https://t.me/rybar/80800,False,none,none,neu,,236311,93
2026-06-03 16:08:43,rybar,80801,https://t.me/rybar/80801,False,none,none,neu,,238009,55
2026-06-03 16:29:27,wargonzo,34604,https://t.me/wargonzo/34604,True,ukraine_strikes_on_russia,other,neg,Ukrainian strike on civilian bus killed passengers; survivors describe sudden attack during night journey.,39774,54
2026-06-03 16:29:58,dva_majors,94034,https://t.me/dva_majors/94034,True,russia_internal,security_cases,neu,Crimean authorities prosecute people filming fuel tanker convoys as state treason and sabotage.,181686,1474
2026-06-03 16:32:08,Sladkov_plus,15580,https://t.me/Sladkov_plus/15580,False,none,none,neu,,141921,46
2026-06-03 16:44:58,dva_majors,94035,https://t.me/dva_majors/94035,True,west_nato,military_aid,neu,US withdraws 1000 soldiers from Lithuania with uncertain replacement timeline for NATO rotation.,124917,120
2026-06-03 16:51:53,sashakots,62140,https://t.me/sashakots/62140,False,none,none,neu,,35840,102
2026-06-03 16:51:53,sashakots,62139,https://t.me/sashakots/62139,True,strikes_on_ukraine,other,pos,Strike on Dnipropetrovsk hit logistics hub used for drone operations and mobile FPV launcher trucks.,35300,103
2026-06-03 16:59:01,sashakots,62143,https://t.me/sashakots/62143,False,none,none,neu,,32418,21
2026-06-03 16:59:01,sashakots,62142,https://t.me/sashakots/62142,False,none,none,neu,,38006,21
2026-06-03 16:59:01,sashakots,62141,https://t.me/sashakots/62141,False,none,none,neu,,30127,21
2026-06-03 17:01:02,rybar,80802,https://t.me/rybar/80802,True,frontline,other,pos,"Russian forces advance through Konstantinovka, controlling industrial zones and expanding territory across city.",243133,142
2026-06-03 17:02:00,rusich_army,29829,https://t.me/rusich_army/29829,True,frontline,other,pos,Drone operator recorded Ukrainian soldiers attempting chaotic retreat with two killed by aerial fire.,104599,48
2026-06-03 17:07:01,epoddubny,27704,https://t.me/epoddubny/27704,True,ukraine_strikes_on_russia,drones_on_regions,pos,Russian drone unit shoots down multiple Ukrainian drones including American-Ukrainian high-speed Baton drone.,56045,53
2026-06-03 17:29:26,sashakots,62144,https://t.me/sashakots/62144,True,russia_internal,security_cases,pos,Spanish foreign fighter missing in Kharkiv; captured phone revealed Ukrainian military positions and contacts.,36942,39
2026-06-03 17:33:44,sashakots,62145,https://t.me/sashakots/62145,False,none,none,neu,,39993,2
2026-06-03 17:38:07,Sladkov_plus,15581,https://t.me/Sladkov_plus/15581,True,frontline,other,pos,Russian tactical successes in height battles near Slaviansk and advance on Kramatorsk direction ongoing.,239772,40
2026-06-03 17:45:08,rybar,80803,https://t.me/rybar/80803,True,strikes_on_ukraine,fuel_infrastructure,pos,Russian forces conducted dozens of strikes on Ukrainian fuel infrastructure to disrupt logistics supply.,269318,249
2026-06-03 17:56:18,sashakots,62146,https://t.me/sashakots/62146,False,none,none,neu,,46480,33
2026-06-03 18:00:00,wargonzo,34605,https://t.me/wargonzo/34605,False,none,none,neu,,38193,7
2026-06-03 18:35:36,ngp_razvedka,25497,https://t.me/ngp_razvedka/25497,False,none,none,neu,,42556,48
2026-06-03 19:02:01,dva_majors,94037,https://t.me/dva_majors/94037,False,none,none,neu,,124464,102
2026-06-03 19:02:01,dva_majors,94036,https://t.me/dva_majors/94036,True,west_nato,military_aid,neu,Britain purchases 150-250 Martlet anti-drone missiles tested in Ukraine for 36 million pounds.,126080,103
2026-06-03 19:22:08,sashakots,62147,https://t.me/sashakots/62147,True,west_nato,alliance_politics,neu,Poland officially requests permanent US military presence close to Russian borders.,44724,34
2026-06-03 19:32:01,wargonzo,34606,https://t.me/wargonzo/34606,True,russia_internal,elite_politics,pos,Russian Defense Minister discusses strengthening 201st base in Tajikistan and military cooperation.,41373,26
2026-06-03 19:49:24,Sladkov_plus,15582,https://t.me/Sladkov_plus/15582,False,none,none,neu,,231666,181
2026-06-03 19:49:58,dva_majors,94038,https://t.me/dva_majors/94038,False,none,none,neu,,125055,5
2026-06-03 20:02:01,dva_majors,94039,https://t.me/dva_majors/94039,True,ukraine_strikes_on_russia,crimea_energy,neg,"Ukraine conducted mass drone strikes on Crimea, targeting Sevastopol with heavy air defense engagement.",133766,406
2026-06-03 20:45:26,rybar,80806,https://t.me/rybar/80806,False,none,none,neu,,270810,65
2026-06-03 20:45:26,rybar,80805,https://t.me/rybar/80805,False,none,none,neu,,194685,66
2026-06-03 20:45:26,rybar,80804,https://t.me/rybar/80804,True,strikes_on_ukraine,other,pos,Russian forces struck Ukrainian logistics hubs in Dnipropetrovsk and Odesa; Ukraine attacked St. Petersburg.,177170,67
2026-06-03 20:54:54,vysokygovorit,23071,https://t.me/vysokygovorit/23071,False,none,none,neu,,108376,32
2026-06-03 20:59:02,rybar,80807,https://t.me/rybar/80807,True,ukraine_strikes_on_russia,drones_on_regions,neg,"Ukraine conducted mass drone attack on St. Petersburg during PMEF, targeting oil infrastructure and military objects.",349515,30
2026-06-03 21:24:15,ngp_razvedka,25498,https://t.me/ngp_razvedka/25498,False,none,none,neu,,41992,19
2026-06-03 22:43:25,dva_majors,94040,https://t.me/dva_majors/94040,True,ukraine_strikes_on_russia,drones_on_regions,neg,"Ukrainian strike on Simferopol killed three civilians, wounded seven; authorities mobilizing emergency response.",124927,266
2026-06-03 22:53:28,dva_majors,94041,https://t.me/dva_majors/94041,True,ukraine_strikes_on_russia,drones_on_regions,neg,Sevastopol air defense intercepted over 20 Ukrainian drones; minor damage reported in residential areas.,131316,99
2026-06-04 03:49:09,dva_majors,94042,https://t.me/dva_majors/94042,False,none,none,neu,,129296,51
2026-06-04 03:49:12,dva_majors,94043,https://t.me/dva_majors/94043,True,ukraine_strikes_on_russia,drones_on_regions,neg,"Ukraine launched drone attacks on Crimea, Sevastopol, and Russian regions, killing civilians.",461329,622
2026-06-04 03:57:10,dva_majors,94044,https://t.me/dva_majors/94044,True,russia_internal,ideology_society,neg,Russian analyst predicts 20-30 years of continuous warfare and global conflict ahead.,124739,1207
2026-06-04 04:09:30,rybar,80808,https://t.me/rybar/80808,True,ukraine_strikes_on_russia,drones_on_regions,neg,"Ukraine attacked Crimea, Sevastopol, and Russian regions with drones, causing civilian casualties.",243329,93
2026-06-04 04:31:01,sashakots,62148,https://t.me/sashakots/62148,True,russia_internal,ideology_society,neg,Russian analyst warns of decade-long war of attrition using strategy of slow escalation.,208023,5707
2026-06-04 05:01:36,rusich_army,29830,https://t.me/rusich_army/29830,False,none,none,neu,,80061,26
2026-06-04 05:02:18,rybar,80809,https://t.me/rybar/80809,True,frontline,kupyansk,pos,"Russian forces advance in Kharkiv direction, capturing multiple settlements along Volchya river.",268031,118
2026-06-04 05:08:02,wargonzo,34614,https://t.me/wargonzo/34614,False,none,none,neu,,45275,64
2026-06-04 05:08:02,wargonzo,34613,https://t.me/wargonzo/34613,False,none,none,neu,,48833,64
2026-06-04 05:08:02,wargonzo,34612,https://t.me/wargonzo/34612,False,none,none,neu,,44321,64
2026-06-04 05:08:02,wargonzo,34611,https://t.me/wargonzo/34611,False,none,none,neu,,41271,64
2026-06-04 05:08:02,wargonzo,34610,https://t.me/wargonzo/34610,False,none,none,neu,,41758,65
2026-06-04 05:08:02,wargonzo,34609,https://t.me/wargonzo/34609,False,none,none,neu,,41035,64
2026-06-04 05:08:02,wargonzo,34608,https://t.me/wargonzo/34608,False,none,none,neu,,38752,65
2026-06-04 05:08:02,wargonzo,34607,https://t.me/wargonzo/34607,True,frontline,hulyaipole,pos,Russian forces make gains on Zaporizhzhia front and assault Konstantinovka in Donets direction.,35482,68
2026-06-04 06:00:09,dva_majors,94045,https://t.me/dva_majors/94045,True,ukraine_strikes_on_russia,drones_on_regions,neu,Russian air defense intercepted 272 Ukrainian drones over multiple Russian regions overnight.,111627,42
2026-06-04 06:02:51,dva_majors,94046,https://t.me/dva_majors/94046,False,none,none,neu,,89401,11
2026-06-04 06:16:01,dva_majors,94048,https://t.me/dva_majors/94048,False,none,none,neu,,125203,705
2026-06-04 06:16:01,dva_majors,94047,https://t.me/dva_majors/94047,True,criticism,government,neg,Blogger criticizes tourist for filming military convoy endangering security of servicemen.,129594,720
2026-06-04 06:17:59,epoddubny,27705,https://t.me/epoddubny/27705,True,ukraine_strikes_on_russia,drones_on_regions,neg,"Ukrainian drone attacked civilian train in Crimea killing one person, wounding three.",54530,201
2026-06-04 06:20:17,wargonzo,34615,https://t.me/wargonzo/34615,True,russia_internal,other,neu,Analysis of electronic warfare station battery life from vehicle power without engine running.,37873,18
2026-06-04 06:31:02,Sladkov_plus,15584,https://t.me/Sladkov_plus/15584,False,none,none,neu,,152774,86
2026-06-04 06:32:01,rybar,80810,https://t.me/rybar/80810,False,none,none,neu,,255675,165
2026-06-04 06:33:56,rusich_army,29832,https://t.me/rusich_army/29832,False,none,none,neu,,72226,15
2026-06-04 06:45:23,rusich_army,29833,https://t.me/rusich_army/29833,False,none,none,neu,,68805,15
2026-06-04 06:57:00,sashakots,62149,https://t.me/sashakots/62149,True,west_nato,military_aid,neg,NATO discusses continued financial support to Ukraine ahead of July summit with Zelenskyy.,37197,28
2026-06-04 06:59:59,dva_majors,94049,https://t.me/dva_majors/94049,False,none,none,neu,,99392,11
2026-06-04 07:04:28,rusich_army,29834,https://t.me/rusich_army/29834,True,ukraine_strikes_on_russia,drones_on_regions,neg,Ukrainian forces conducted over 1000 drone attacks on Russian regions and Crimea in 24 hours.,93810,68
2026-06-04 07:17:43,dva_majors,94050,https://t.me/dva_majors/94050,True,ukraine_strikes_on_russia,drones_on_regions,neg,"Ukrainian drone attacked suburban train in Crimea, killing one civilian and wounding three.",98821,288
2026-06-04 07:21:01,wargonzo,34616,https://t.me/wargonzo/34616,True,ukraine_strikes_on_russia,drones_on_regions,neg,Ukrainian drones attacked civilian train in Crimea and bus near Enakievo causing casualties.,37506,87
2026-06-04 07:23:41,dva_majors,94051,https://t.me/dva_majors/94051,False,none,none,neu,,100705,127
2026-06-04 07:25:24,dva_majors,94052,https://t.me/dva_majors/94052,True,strikes_on_ukraine,deep_strikes,pos,"Russian forces struck facilities in Kyiv, Kharkiv, Odesa and other Ukrainian cities causing fires.",101446,90
2026-06-04 07:32:32,dva_majors,94053,https://t.me/dva_majors/94053,True,frontline,other,pos,Russian FPV drone operators conduct urban combat operations on fiber optic communications.,103012,34
2026-06-04 07:45:09,dva_majors,94054,https://t.me/dva_majors/94054,True,west_nato,other,pos,US sanctions Iran shadow fleet tankers being scrapped; many ships deteriorated from overuse.,107242,109
2026-06-04 08:04:01,rybar,80811,https://t.me/rybar/80811,True,west_nato,other,neu,Hormuz Strait shipping remains severely restricted despite recent Iran-US escalation; limited traffic levels persist.,253176,33
2026-06-04 08:25:29,sashakots,62150,https://t.me/sashakots/62150,False,none,none,neu,,32922,27
2026-06-04 09:01:02,wargonzo,34620,https://t.me/wargonzo/34620,False,none,none,neu,,38566,84
2026-06-04 09:01:02,wargonzo,34619,https://t.me/wargonzo/34619,False,none,none,neu,,39894,84
2026-06-04 09:01:02,wargonzo,34618,https://t.me/wargonzo/34618,True,west_nato,rearmament,pos,China launches advanced submarines with innovative design at record production pace.,32651,84
2026-06-04 09:01:02,rusich_army,29835,https://t.me/rusich_army/29835,False,none,none,neu,,77002,46
2026-06-04 09:40:08,epoddubny,27706,https://t.me/epoddubny/27706,True,ukraine_strikes_on_russia,drones_on_regions,neg,Ukrainian strikes damage Zaporizhzhia power plant supplying local nuclear station; power grid threatened.,78771,150
2026-06-04 09:43:08,sashakots,62152,https://t.me/sashakots/62152,True,ukraine_strikes_on_russia,drones_on_regions,neg,Ukrainian strikes damage Zaporizhzhia power plant supplying local nuclear station; power grid threatened.,32878,59
2026-06-04 09:50:11,dva_majors,94055,https://t.me/dva_majors/94055,False,none,none,neu,,106798,12
2026-06-04 09:51:01,epoddubny,27707,https://t.me/epoddubny/27707,False,none,none,neu,,50665,13
2026-06-04 09:52:50,dva_majors,94056,https://t.me/dva_majors/94056,True,criticism,government,neg,"Federal media mishandles SVO coverage at SPIEF forum, alienating public with tone-deaf reporting.",108517,291
2026-06-04 09:55:36,ngp_razvedka,25499,https://t.me/ngp_razvedka/25499,True,ukraine_strikes_on_russia,drones_on_regions,neg,Ukrainian forces deny attacking fuel tankers in Kyiv region; post questions enemy denial claims.,42132,37
2026-06-04 10:03:07,dva_majors,94057,https://t.me/dva_majors/94057,True,ukraine_strikes_on_russia,drones_on_regions,neg,Ukrainian drones damage border patrol ship Svetlyak near Crimea; Russian forces sustain heavy assault.,150874,526
2026-06-04 10:13:57,vysokygovorit,23072,https://t.me/vysokygovorit/23072,True,russia_internal,economy,neu,Historical analysis of Bethlehem Steel's decline compared to Nucor's innovation-driven success.,85518,783
2026-06-04 10:21:35,dva_majors,94058,https://t.me/dva_majors/94058,True,west_nato,other,neg,French authorities arrest Russian captain of shadow fleet tanker Tagor; faces imprisonment and fines.,121944,119
2026-06-04 10:25:16,epoddubny,27708,https://t.me/epoddubny/27708,False,none,none,neu,,49893,20
2026-06-04 10:26:23,dva_majors,94059,https://t.me/dva_majors/94059,True,west_nato,negotiations,pos,Austria proposes EU halt accepting Ukrainian male refugees from March 2027; mandate them return.,109405,173
2026-06-04 10:29:55,sashakots,62153,https://t.me/sashakots/62153,True,west_nato,other,pos,USA-Russia hockey match planned for July 1 Moscow; sports diplomacy signals thaw in tensions.,32491,51
2026-06-04 10:30:48,dva_majors,94060,https://t.me/dva_majors/94060,False,none,none,neu,,109760,11
2026-06-04 10:36:14,rybar,80813,https://t.me/rybar/80813,True,russia_internal,other,pos,Russian military introduces lightweight Obereg 2.0 body armor combining protection and minimal 7.5kg mass.,247418,99
2026-06-04 11:02:02,wargonzo,34621,https://t.me/wargonzo/34621,True,strikes_on_ukraine,other,pos,Russia plans to increase reactive Geran-3/4 drone usage to 50% of attacks; improved tactics deployed.,48967,34
2026-06-04 11:03:15,rusich_army,29836,https://t.me/rusich_army/29836,True,strikes_on_ukraine,other,pos,"Russian forces strike Ukrainian military warehouses, rail stations, and fuel infrastructure across multiple regions.",106370,70
2026-06-04 11:05:18,rybar,80814,https://t.me/rybar/80814,True,criticism,government,neg,SPIEF marred by controversies involving unofficial US delegation and problematic guest invitations.,251864,193
2026-06-04 11:19:21,sashakots,62154,https://t.me/sashakots/62154,True,frontline,hulyaipole,pos,Russian forces capture Komsomolskoye settlement in Zaporizhzhia; control 5 square kilometers of defensive area.,84409,68
2026-06-04 11:27:01,epoddubny,27709,https://t.me/epoddubny/27709,True,frontline,other,pos,Russian forces destroy Ukrainian electronic warfare station and eliminate enemy personnel in forest positions.,54486,23
2026-06-04 11:41:37,dva_majors,94061,https://t.me/dva_majors/94061,False,none,none,neu,,115689,58
2026-06-04 11:59:09,epoddubny,27710,https://t.me/epoddubny/27710,True,frontline,hulyaipole,pos,Russian forces capture Komsomolskoye settlement in Zaporizhzhia; control 5 square kilometers of defensive area.,49779,26
2026-06-04 12:01:37,sashakots,62155,https://t.me/sashakots/62155,True,west_nato,negotiations,neu,US general proposes Baltic Sea blockade to pressure Russia and avoid extended Ukraine aid.,46558,78
2026-06-04 12:14:01,epoddubny,27711,https://t.me/epoddubny/27711,True,strikes_on_ukraine,deep_strikes,pos,Russian military strikes solar power plant in Dnipropetrovsk used by Ukrainian forces.,71019,53
2026-06-04 12:33:01,wargonzo,34622,https://t.me/wargonzo/34622,False,none,none,neu,,35458,5
2026-06-04 12:41:12,sashakots,62156,https://t.me/sashakots/62156,True,west_nato,negotiations,pos,Russia claims US pressures Ukraine toward peace while Kremlin discusses negotiations with US officials.,47872,100
2026-06-04 12:42:17,dva_majors,94062,https://t.me/dva_majors/94062,True,russia_internal,economy,neg,Crimea implements emergency fuel rationing due to gasoline shortage; restricts retail sales.,122929,878
2026-06-04 12:57:10,vysokygovorit,23073,https://t.me/vysokygovorit/23073,False,none,none,neu,,112039,387
2026-06-04 12:59:51,rybar,80815,https://t.me/rybar/80815,True,strikes_on_ukraine,fuel_infrastructure,neu,Analysis of Russian strikes on Ukrainian fuel infrastructure lacks systematic operational planning for sustained effect.,257259,115
2026-06-04 13:00:01,rusich_army,29838,https://t.me/rusich_army/29838,False,none,none,neu,,91349,29
2026-06-04 13:11:13,sashakots,62157,https://t.me/sashakots/62157,True,russia_internal,security_cases,pos,FSB detains Sevastopol resident suspected of spying for Ukraine and providing military information.,39034,53
2026-06-04 13:51:10,dva_majors,94063,https://t.me/dva_majors/94063,True,frontline,other,pos,Russian air defense intercepts over 20 Ukrainian drones over Zaporizhzhia; Ukrainian forces resort to Starlink.,114484,60
2026-06-04 14:23:12,wargonzo,34623,https://t.me/wargonzo/34623,True,west_nato,military_aid,neu,Poland closes airspace near Ukraine-Belarus border from June to September for military operations.,36682,34
2026-06-04 14:23:37,sashakots,62158,https://t.me/sashakots/62158,True,west_nato,rearmament,pos,"US reduces military presence in Europe; withdraws fighter jets, tankers, and drones under Trump plan.",33881,52
2026-06-04 14:32:51,rybar,80816,https://t.me/rybar/80816,True,ukraine_strikes_on_russia,drones_on_regions,neg,Ukrainian drone threat escalates with increased launches reaching Urals; record interceptions in border regions.,248597,217
2026-06-04 14:34:33,dva_majors,94064,https://t.me/dva_majors/94064,True,frontline,hulyaipole,pos,Russian forces capture Komsomolske in Zaporizhzhia; eliminate over 250 enemy personnel and 35 drones.,108319,64
2026-06-04 14:35:39,epoddubny,27712,https://t.me/epoddubny/27712,True,russia_internal,mobilisation,pos,SVO veteran promotes veteran rehabilitation fund and mentorship programs at economic forum.,63402,32
2026-06-04 14:48:14,dva_majors,94065,https://t.me/dva_majors/94065,False,none,none,neu,,186077,552
2026-06-04 14:53:01,dva_majors,94066,https://t.me/dva_majors/94066,True,russia_internal,security_cases,pos,FSB detains man for car arsons in Obninsk; denies involvement with Ukrainian intelligence.,131651,85
2026-06-04 15:11:22,rusich_army,29839,https://t.me/rusich_army/29839,False,none,none,neu,,97934,32
2026-06-04 16:10:02,rybar,80817,https://t.me/rybar/80817,True,frontline,kupyansk,pos,Russian forces expand control near Konstantinivka; encircle Ukrainian garrison south of city.,247901,104
2026-06-04 16:28:47,sashakots,62159,https://t.me/sashakots/62159,True,russia_internal,mobilisation,pos,Moscow recruits drone operators for air defense; offers 220k monthly salary and modern equipment.,37078,172
2026-06-04 16:32:02,wargonzo,34624,https://t.me/wargonzo/34624,True,russia_internal,ideology_society,neu,Historical analysis of 1916 Brusilov Offensive; examines why Russian military success failed strategically.,42743,35
2026-06-04 16:50:30,sashakots,62162,https://t.me/sashakots/62162,False,none,none,neu,,38446,55
2026-06-04 16:50:30,sashakots,62161,https://t.me/sashakots/62161,False,none,none,neu,,39511,54
2026-06-04 16:50:30,sashakots,62160,https://t.me/sashakots/62160,True,russia_internal,ideology_society,pos,Article on Brusilov Offensive success through effective artillery use and target reconnaissance.,28979,54
2026-06-04 17:00:01,rusich_army,29842,https://t.me/rusich_army/29842,False,none,none,neu,,75128,44
2026-06-04 17:00:01,rusich_army,29841,https://t.me/rusich_army/29841,False,none,none,neu,,72954,44
2026-06-04 17:00:01,rusich_army,29840,https://t.me/rusich_army/29840,True,west_nato,military_aid,neg,Taiwan tests Altius-600M loitering munitions; Russian analysts note obsolescence in actual combat.,103289,45
2026-06-04 17:04:02,rybar,80818,https://t.me/rybar/80818,True,frontline,hulyaipole,pos,Russian forces liberate Hulyaipole area; advance toward Novoselivka along Orekhovsk defensive line.,249771,122
2026-06-04 17:20:58,dva_majors,94067,https://t.me/dva_majors/94067,True,west_nato,negotiations,pos,Russia ready for peace talks with Ukraine based on Ankara summit understanding; awaits Kyiv acceptance.,130162,222
2026-06-04 17:23:07,ngp_razvedka,25500,https://t.me/ngp_razvedka/25500,True,ukraine_strikes_on_russia,other,neg,Ukraine planning simultaneous attacks on Crimean Bridge and Mariupol-Dzhankoy road.,42383,108
2026-06-04 17:32:15,dva_majors,94068,https://t.me/dva_majors/94068,True,strikes_on_ukraine,other,neu,Putin clarifies Oreshnik missile has not been fully deployed in combat operations yet.,132399,427
2026-06-04 17:32:52,sashakots,62163,https://t.me/sashakots/62163,False,none,none,neu,,33706,30
2026-06-04 17:35:10,rybar,80819,https://t.me/rybar/80819,True,west_nato,military_aid,neg,US preparing to resume military aid to Ukraine while Russia watches passively at SPIEF.,245100,37
2026-06-04 18:02:26,sashakots,62164,https://t.me/sashakots/62164,False,none,none,neu,,36682,16
2026-06-04 18:03:01,ngp_razvedka,25501,https://t.me/ngp_razvedka/25501,True,strikes_on_ukraine,other,neu,"Putin confirms Oreshnik strikes on Ukraine were for testing purposes only, not actual combat use.",42502,42
2026-06-04 18:12:47,dva_majors,94069,https://t.me/dva_majors/94069,True,west_nato,negotiations,pos,Putin expresses relief about ending conflict if negotiations with Zelenskyy commence.,161067,1059
2026-06-04 18:23:37,sashakots,62165,https://t.me/sashakots/62165,False,none,none,neu,,39841,20
2026-06-04 18:35:25,rybar,80820,https://t.me/rybar/80820,True,criticism,government,neg,Decentralized management systems fail without quality personnel and communication channels.,273082,160
2026-06-04 19:14:16,ngp_razvedka,25502,https://t.me/ngp_razvedka/25502,True,criticism,government,pos,Zelenskyy's letter to Putin reveals himself as low-ranking gang member admitting Putin's power.,42097,53
2026-06-04 19:23:26,Sladkov_plus,15586,https://t.me/Sladkov_plus/15586,True,criticism,army_command,neg,Russia was first with combat balloons in 2007 but failed to deploy them operationally.,237108,76
2026-06-04 19:25:08,rybar,80825,https://t.me/rybar/80825,False,none,none,neu,,266242,109
2026-06-04 19:25:08,rybar,80824,https://t.me/rybar/80824,False,none,none,neu,,269766,95
2026-06-04 19:25:08,rybar,80823,https://t.me/rybar/80823,False,none,none,neu,,260503,96
2026-06-04 19:25:08,rybar,80822,https://t.me/rybar/80822,False,none,none,neu,,256543,95
2026-06-04 19:25:08,rybar,80821,https://t.me/rybar/80821,True,frontline,other,neu,Russian strikes on Ukrainian energy infrastructure and port; fighting continues on Liman and Slavyansk directions.,251043,96
2026-06-04 19:26:01,dva_majors,94070,https://t.me/dva_majors/94070,True,west_nato,alliance_politics,neg,EU provides 50+ million euros to Armenia to compensate for Russian export restrictions.,128375,188
2026-06-04 19:42:09,epoddubny,27713,https://t.me/epoddubny/27713,True,west_nato,negotiations,pos,Putin states Russia needs no ceasefire for negotiations and will find legitimate Ukrainian partners.,76595,126
2026-06-04 19:45:09,rybar,80826,https://t.me/rybar/80826,True,strikes_on_ukraine,fuel_infrastructure,neu,"Russia intercepted nearly 55,000 drones over established regions last year; SPIEF security questioned.",328220,31
2026-06-04 19:49:18,Sladkov_plus,15587,https://t.me/Sladkov_plus/15587,True,frontline,other,neu,Liman sector shows mutual offensives with both sides exhibiting defensive vulnerabilities.,196081,33
2026-06-04 19:49:58,dva_majors,94071,https://t.me/dva_majors/94071,False,none,none,neu,,126065,15
2026-06-04 19:59:02,dva_majors,94072,https://t.me/dva_majors/94072,True,west_nato,military_aid,neg,October 2025 WSJ report: US provided intelligence to Ukraine for striking Russian energy infrastructure.,140801,535
2026-06-04 20:10:45,Sladkov_plus,15588,https://t.me/Sladkov_plus/15588,False,none,none,neu,,210749,128
2026-06-04 20:49:09,vysokygovorit,23074,https://t.me/vysokygovorit/23074,True,frontline,other,pos,Russian reconnaissance neutralized Ukrainian heavy drone operators near Kharkiv-Belgorod border.,262631,1461
2026-06-04 21:57:22,epoddubny,27714,https://t.me/epoddubny/27714,True,frontline,other,pos,Russian reconnaissance neutralized Ukrainian heavy drone operators near Kharkiv-Belgorod border.,72472,217
2026-06-05 05:08:01,wargonzo,34631,https://t.me/wargonzo/34631,False,none,none,neu,,41441,57
2026-06-05 05:08:01,wargonzo,34630,https://t.me/wargonzo/34630,False,none,none,neu,,44737,54
2026-06-05 05:08:01,wargonzo,34629,https://t.me/wargonzo/34629,False,none,none,neu,,40643,54
2026-06-05 05:08:01,wargonzo,34628,https://t.me/wargonzo/34628,False,none,none,neu,,37125,54
2026-06-05 05:08:01,wargonzo,34627,https://t.me/wargonzo/34627,False,none,none,neu,,36588,55
2026-06-05 05:08:01,wargonzo,34626,https://t.me/wargonzo/34626,False,none,none,neu,,35179,54
2026-06-05 05:08:01,wargonzo,34625,https://t.me/wargonzo/34625,True,frontline,other,pos,Russian forces continue heavy fighting on Zaporizhzhia and Donetsk fronts with advances reported.,35217,55
2026-06-05 05:13:45,rusich_army,29843,https://t.me/rusich_army/29843,False,none,none,neu,,91890,18
2026-06-05 06:28:08,dva_majors,94073,https://t.me/dva_majors/94073,True,ukraine_strikes_on_russia,drones_on_regions,neu,Russia claims 123 Ukrainian drones shot down overnight; Russian strikes on Odesa and eastern regions reported.,168096,213
2026-06-05 06:34:25,dva_majors,94074,https://t.me/dva_majors/94074,True,frontline,other,pos,Russian 291st motorized rifle regiment drone operators report destroying enemy positions near Orekh.,86564,33
2026-06-05 06:40:11,dva_majors,94075,https://t.me/dva_majors/94075,False,none,none,neu,,69903,10
2026-06-05 06:45:20,rusich_army,29846,https://t.me/rusich_army/29846,False,none,none,neu,,57588,31
2026-06-05 06:45:20,rusich_army,29845,https://t.me/rusich_army/29845,False,none,none,neu,,60948,30
2026-06-05 06:45:20,rusich_army,29844,https://t.me/rusich_army/29844,False,none,none,neu,,85436,31
2026-06-05 06:45:25,sashakots,62166,https://t.me/sashakots/62166,True,west_nato,negotiations,neu,US demands Iran nuclear disarmament and regional ally abandonment; Iran views this as modern concession imperialism.,39653,18
2026-06-05 06:56:01,dva_majors,94076,https://t.me/dva_majors/94076,False,none,none,neu,,92409,13
2026-06-05 06:59:59,dva_majors,94077,https://t.me/dva_majors/94077,False,none,none,neu,,86201,0
2026-06-05 07:00:01,rusich_army,29847,https://t.me/rusich_army/29847,True,ukraine_strikes_on_russia,drones_on_regions,pos,Ukrainian drone attacks decline; 142 drones shot down in 24 hours with reduced geographic scope.,97980,41
2026-06-05 07:02:02,wargonzo,34632,https://t.me/wargonzo/34632,True,west_nato,military_aid,neg,US approves $1 billion aid and sanctions against Russia but freezes Tomahawk missile deployment to Europe.,47194,23
2026-06-05 07:22:54,Sladkov_plus,15589,https://t.me/Sladkov_plus/15589,False,none,none,neu,,209831,61
2026-06-05 07:23:02,dva_majors,94078,https://t.me/dva_majors/94078,True,frontline,other,pos,Russian 58th Army drones and airforce strike enemy temporary positions and reconnaissance stations.,87513,41
2026-06-05 07:24:02,rybar,80827,https://t.me/rybar/80827,True,west_nato,negotiations,neu,Hungarian PM Madar optimistic about talks with Zelenskyy on Hungarian minority rights in Ukraine for EU membership.,160645,41
2026-06-05 07:42:00,rybar,80828,https://t.me/rybar/80828,True,criticism,other,neg,Zelenskyy's letter to Putin is propaganda disguised as peace initiative with insults and threats.,160811,238
2026-06-05 08:08:12,dva_majors,94079,https://t.me/dva_majors/94079,True,west_nato,other,neg,Apple removes MAX app from App Store citing sanctions compliance and unspecified legal requirements.,91412,112
2026-06-05 08:12:20,Sladkov_plus,15590,https://t.me/Sladkov_plus/15590,True,frontline,kupyansk,neg,Ukrainian forced conscription rackets escalate; military academy cadets secretly sent to frontlines; manpower shortages reported.,224436,97
2026-06-05 08:20:05,dva_majors,94080,https://t.me/dva_majors/94080,True,strikes_on_ukraine,fuel_infrastructure,pos,Sevastopol fuel shortage; gas distribution rationed to 20 liters per person amid Ukrainian drone threats.,89695,209
2026-06-05 08:22:12,dva_majors,94081,https://t.me/dva_majors/94081,True,west_nato,military_aid,neu,Ukraine and Lithuania agree on long-term LNG terminal capacity reservations for 1 billion cubic meters annually.,88857,100
2026-06-05 08:26:01,wargonzo,34633,https://t.me/wargonzo/34633,True,west_nato,negotiations,neu,Putin and Zelenskyy express conditional willingness to meet; Trump positions himself as conflict mediator.,31705,34
2026-06-05 08:29:54,dva_majors,94083,https://t.me/dva_majors/94083,False,none,none,neu,,87383,165
2026-06-05 08:29:54,dva_majors,94082,https://t.me/dva_majors/94082,True,ukraine_strikes_on_russia,other,pos,Ukrainian unmanned boat with dozens kilograms of explosives detonates at Romanian NATO port Constanta.,92718,168
2026-06-05 08:34:51,rybar,80829,https://t.me/rybar/80829,True,strikes_on_ukraine,other,neu,IAEA arranges seventh ceasefire this year at Zaporizhzhia nuclear plant for power line repairs.,172209,58
2026-06-05 08:46:34,sashakots,62167,https://t.me/sashakots/62167,True,criticism,government,neg,Russian commentator critiques Zelenskyy's open letter as domestic propaganda aimed at stoking internal discontent.,34311,81
2026-06-05 08:56:38,rybar,80831,https://t.me/rybar/80831,False,none,none,neu,,171685,120
2026-06-05 08:56:38,rybar,80830,https://t.me/rybar/80830,True,ukraine_strikes_on_russia,other,pos,Ukrainian Sargan-type unmanned boat explodes at Romanian Constanta port with tens of kilograms explosives.,161229,120
2026-06-05 09:00:01,rusich_army,29848,https://t.me/rusich_army/29848,False,none,none,neu,,82268,41
2026-06-05 09:12:49,dva_majors,94084,https://t.me/dva_majors/94084,False,none,none,neu,,86075,83
2026-06-05 09:15:11,dva_majors,94085,https://t.me/dva_majors/94085,True,ukraine_strikes_on_russia,other,neg,Sevastopol governor reports Ukrainian attack repelled with 7 drones shot down near Crimea.,90239,61
2026-06-05 09:22:49,ngp_razvedka,25503,https://t.me/ngp_razvedka/25503,True,frontline,other,neg,"Military analyst dismisses peace negotiations, expects limited Ukrainian offensive operations in Zaporizhzhia and Kharkiv regions.",42738,76
2026-06-05 09:25:57,dva_majors,94086,https://t.me/dva_majors/94086,False,none,none,neu,,87640,79
2026-06-05 09:46:26,sashakots,62168,https://t.me/sashakots/62168,True,ukraine_strikes_on_russia,other,pos,Ukrainian naval drone exploded in Romanian Constanza port; Romania criticized for NATO support enabling Ukrainian strikes.,31722,85
2026-06-05 09:46:27,sashakots,62170,https://t.me/sashakots/62170,False,none,none,neu,,36833,83
2026-06-05 09:46:27,sashakots,62169,https://t.me/sashakots/62169,False,none,none,neu,,37666,82
2026-06-05 10:01:43,dva_majors,94087,https://t.me/dva_majors/94087,False,none,none,neu,,86412,23
2026-06-05 10:20:11,rybar,80832,https://t.me/rybar/80832,True,ukraine_strikes_on_russia,other,pos,Four additional Ukrainian naval drones detected near Constanza after one detonated; likely targeting tankers from Bosphorus.,175163,130
2026-06-05 10:25:13,sashakots,62171,https://t.me/sashakots/62171,True,ukraine_strikes_on_russia,other,pos,Five Azerbaijani sailors killed in Ukrainian drone attacks on civilian ships in Azov Sea; Baku distances itself from casualties.,42608,234
2026-06-05 10:31:02,dva_majors,94088,https://t.me/dva_majors/94088,True,ukraine_strikes_on_russia,other,neg,"Two civilian ships with Azerbaijani crews hit by Ukrainian drones in Azov Sea; five sailors killed, targeted at bridge.",84614,145
2026-06-05 10:32:47,ngp_razvedka,25504,https://t.me/ngp_razvedka/25504,True,criticism,government,neg,"Commentary criticizes Ukrainian regime for attacking Romania and killing Azerbaijanis, compares to Afghan drug trade conditions.",44273,80
2026-06-05 10:33:28,wargonzo,34638,https://t.me/wargonzo/34638,False,none,none,neu,,32394,27
2026-06-05 10:33:28,wargonzo,34637,https://t.me/wargonzo/34637,False,none,none,neu,,37490,27
2026-06-05 10:33:28,wargonzo,34636,https://t.me/wargonzo/34636,False,none,none,neu,,37232,27
2026-06-05 10:33:28,wargonzo,34634,https://t.me/wargonzo/34634,False,none,none,neu,,28894,27
2026-06-05 10:33:28,wargonzo,34635,https://t.me/wargonzo/34635,True,ukraine_strikes_on_russia,other,pos,Ukrainian naval drones attack Romanian Constanza port and Azov Sea cargo ships; five Azerbaijani sailors killed in indiscriminate terror.,33090,40
2026-06-05 10:40:43,ngp_razvedka,25505,https://t.me/ngp_razvedka/25505,False,none,none,neu,,40769,32
2026-06-05 10:50:14,dva_majors,94093,https://t.me/dva_majors/94093,False,none,none,neu,,137021,176
2026-06-05 10:50:14,dva_majors,94092,https://t.me/dva_majors/94092,False,none,none,neu,,140358,161
2026-06-05 10:50:14,dva_majors,94091,https://t.me/dva_majors/94091,False,none,none,neu,,125958,161
2026-06-05 10:50:14,dva_majors,94090,https://t.me/dva_majors/94090,True,ukraine_strikes_on_russia,other,pos,Ukrainian naval drone in Constanza equipped with Shatro electronic warfare systems from Unwave company.,122362,167
2026-06-05 10:57:25,sashakots,62172,https://t.me/sashakots/62172,True,west_nato,negotiations,pos,"Putin stated before Zelenskyy's letter that negotiations possible only from Russia's winning position, citing troop losses and desertions.",46636,194
2026-06-05 10:59:58,rusich_army,29849,https://t.me/rusich_army/29849,True,criticism,army_command,neg,Analysis argues FPV air defense is only effective counter to drones but lacks scaling; bureaucratic obstacles prevent wider implementation.,192845,305
2026-06-05 11:04:26,dva_majors,94094,https://t.me/dva_majors/94094,False,none,none,neu,,168009,2845
2026-06-05 11:26:04,rybar,80833,https://t.me/rybar/80833,True,russia_internal,other,pos,Russia and Ukraine exchanged 185 prisoners each; UAE mediated; freed Russians undergoing rehabilitation before return home.,174109,48
2026-06-05 11:32:00,rybar,80834,https://t.me/rybar/80834,True,west_nato,military_aid,pos,"Hungary lifted veto on EU Peace Fund, unblocking 6.6 billion euros for Ukraine weapons and compensation under new government.",166338,32
2026-06-05 11:36:49,vysokygovorit,23075,https://t.me/vysokygovorit/23075,True,criticism,army_command,neg,"Only effective anti-drone defense is FPV air defense systems; lack of scaling, training, and bureaucratic obstacles limit implementation.",95807,136
2026-06-05 11:47:28,sashakots,62173,https://t.me/sashakots/62173,True,russia_internal,other,pos,Russia freed 185 military prisoners exchanged with Ukraine; UAE mediated; soldiers undergoing medical care before repatriation.,34601,38
2026-06-05 11:59:58,rusich_army,29851,https://t.me/rusich_army/29851,False,none,none,neu,,56562,20
2026-06-05 11:59:58,rusich_army,29850,https://t.me/rusich_army/29850,False,none,none,neu,,82335,22
2026-06-05 12:02:13,dva_majors,94095,https://t.me/dva_majors/94095,True,frontline,other,pos,152mm Giacinth-S self-propelled gun reinforced with additional armor and anti-drone protection due to enemy aerial threats.,86398,14
2026-06-05 12:04:03,dva_majors,94097,https://t.me/dva_majors/94097,False,none,none,neu,,87450,187
2026-06-05 12:04:03,dva_majors,94096,https://t.me/dva_majors/94096,True,ukraine_strikes_on_russia,other,neg,Ukrainian drones targeted ship bridges in Azov Sea attacks killing five Azerbaijani sailors; aimed at civilian casualties.,88993,189
2026-06-05 12:11:09,rybar,80836,https://t.me/rybar/80836,False,none,none,neu,,170849,196
2026-06-05 12:11:09,rybar,80835,https://t.me/rybar/80835,True,ukraine_strikes_on_russia,other,pos,Ukrainian forces attacked Romanian Constanza port and Azov Sea ships; killed five Azerbaijanis; Azerbaijan downplays Ukrainian responsibility.,167608,197
2026-06-05 12:14:18,ngp_razvedka,25506,https://t.me/ngp_razvedka/25506,True,west_nato,negotiations,neg,Putin's spokesman hints commander will respond to Zelenskyy's letter with critique of expired peace proposal.,15861,62
2026-06-05 12:26:51,wargonzo,34639,https://t.me/wargonzo/34639,True,russia_internal,other,pos,Russia-Ukraine prisoner exchange: 185 military personnel freed on each side; UAE provided mediation; troops sent to Belarus for rehabilitation.,33300,31
2026-06-05 12:31:24,rusich_army,29853,https://t.me/rusich_army/29853,False,none,none,neu,,52980,182
2026-06-05 12:31:24,rusich_army,29852,https://t.me/rusich_army/29852,False,none,none,neu,,86328,181
2026-06-05 12:32:04,dva_majors,94098,https://t.me/dva_majors/94098,True,west_nato,alliance_politics,neg,Armenia's government dismisses parliamentary demands to clarify frozen CSTO membership status amid payment suspension.,87368,48
2026-06-05 12:44:37,dva_majors,94099,https://t.me/dva_majors/94099,False,none,none,neu,,88938,143
2026-06-05 12:45:00,rybar,80837,https://t.me/rybar/80837,True,ukraine_strikes_on_russia,other,neg,Swedish court orders transfer of Russian shadow fleet vessel Caffa to Ukraine by late June.,181618,216
2026-06-05 13:14:20,dva_majors,94100,https://t.me/dva_majors/94100,True,ukraine_strikes_on_russia,drones_on_regions,pos,Sevastopol air defense reportedly shot down nine Ukrainian drones with no casualties; minor roof fire.,88470,43
2026-06-05 13:20:04,dva_majors,94104,https://t.me/dva_majors/94104,False,none,none,neu,,183079,594
2026-06-05 13:20:04,dva_majors,94103,https://t.me/dva_majors/94103,False,none,none,neu,,195661,596
2026-06-05 13:20:04,dva_majors,94102,https://t.me/dva_majors/94102,False,none,none,neu,,191026,596
2026-06-05 13:20:04,dva_majors,94101,https://t.me/dva_majors/94101,True,west_nato,negotiations,neg,Russian analyst argues Zelenskyy's open letter to Putin demonstrates unwillingness to negotiate genuinely.,178515,599
2026-06-05 13:22:23,dva_majors,94105,https://t.me/dva_majors/94105,False,none,none,neu,,89469,24
2026-06-05 13:27:50,dva_majors,94106,https://t.me/dva_majors/94106,False,none,none,neu,,98020,15
2026-06-05 13:28:59,dva_majors,94107,https://t.me/dva_majors/94107,True,ukraine_strikes_on_russia,drones_on_regions,neg,"Ukrainian drone struck gas station in Kursk region; fuel truck damaged, two civilians injured.",97561,90
2026-06-05 14:01:01,rusich_army,29854,https://t.me/rusich_army/29854,False,none,none,neu,,84536,8
2026-06-05 14:01:21,Sladkov_plus,15592,https://t.me/Sladkov_plus/15592,False,none,none,neu,,102421,108
2026-06-05 14:02:13,rusich_army,29855,https://t.me/rusich_army/29855,False,none,none,neu,,79885,4
2026-06-05 14:03:28,wargonzo,34640,https://t.me/wargonzo/34640,True,ukraine_strikes_on_russia,other,neg,"Ukrainian drone attacked Zaporizhzhia nuclear plant, allegedly violating ceasefire; five Russians heavily wounded.",31365,78
2026-06-05 14:07:00,rybar,80838,https://t.me/rybar/80838,True,ukraine_strikes_on_russia,other,neg,Ukrainian attacks on Crimean supply routes continue; fuel shortages and queues persist at gas stations.,274898,556
2026-06-05 14:08:15,sashakots,62174,https://t.me/sashakots/62174,True,frontline,other,pos,Russian drone operators claim destruction of Ukrainian vehicles including two Kozak armored vehicles and Humvees.,35203,24
2026-06-05 14:19:48,vysokygovorit,23076,https://t.me/vysokygovorit/23076,False,none,none,neu,,100244,198
2026-06-05 15:02:01,wargonzo,34641,https://t.me/wargonzo/34641,False,none,none,neu,,31223,8
2026-06-05 15:09:50,sashakots,62175,https://t.me/sashakots/62175,True,west_nato,negotiations,neg,Russian military correspondent claims Zelenskyy's letter to Putin is Western attempt to destabilize Russia internally.,30258,59
2026-06-05 15:15:26,dva_majors,94109,https://t.me/dva_majors/94109,True,strikes_on_ukraine,deep_strikes,pos,Russian forces conducted guided aerial bomb strikes on Stetskovka and Husinka in Sumy region.,95720,39
2026-06-05 15:22:26,dva_majors,94110,https://t.me/dva_majors/94110,False,none,none,neu,,99218,307
2026-06-05 15:31:00,wargonzo,34642,https://t.me/wargonzo/34642,False,none,none,neu,,28470,20
2026-06-05 15:35:20,sashakots,62177,https://t.me/sashakots/62177,False,none,none,neu,,34727,126
2026-06-05 15:35:20,sashakots,62176,https://t.me/sashakots/62176,True,ukraine_strikes_on_russia,other,pos,Ukrainian unmanned vessels lost control due to Russian electronic warfare; all four self-destructed near Romania.,35412,129
2026-06-05 15:35:54,ngp_razvedka,25507,https://t.me/ngp_razvedka/25507,True,west_nato,negotiations,neg,"Putin rejects Zelenskyy's letter, cites earlier secret meeting requests and dismisses talks as unproductive.",16897,107
2026-06-05 15:37:07,rybar,80839,https://t.me/rybar/80839,True,west_nato,alliance_politics,pos,Putin at SPIEF describes world transitioning to multipolarity; criticizes Western aggression as short-sighted.,174739,75
2026-06-05 15:43:00,rybar,80840,https://t.me/rybar/80840,True,west_nato,other,neg,"Germany granted citizenship to record 332,500 people in 2025; analyst frames as demographic replacement.",168128,124
2026-06-05 15:52:01,dva_majors,94111,https://t.me/dva_majors/94111,True,west_nato,negotiations,neg,Putin lists conditions for Zelenskyy meeting; rejects letter as inappropriate and unproductive for dialogue.,100169,202
2026-06-05 16:01:01,ngp_razvedka,25508,https://t.me/ngp_razvedka/25508,False,none,none,neu,,16112,72
2026-06-05 16:01:02,wargonzo,34643,https://t.me/wargonzo/34643,True,west_nato,negotiations,neg,"Putin rejects Zelensky's call for talks, says negotiations are meaningless given conflicting objectives.",32630,59
2026-06-05 16:02:32,rusich_army,29856,https://t.me/rusich_army/29856,True,ukraine_strikes_on_russia,other,pos,Ukrainian naval drone attacked Romanian military port; NATO suffers consequences of supporting Ukraine.,71006,30
2026-06-05 16:32:48,rybar,80841,https://t.me/rybar/80841,True,west_nato,military_aid,neg,US Congress approves Ukraine support bill with lend-lease revival and intelligence assistance through 2027.,170781,141
2026-06-05 16:38:37,vysokygovorit,23077,https://t.me/vysokygovorit/23077,True,criticism,army_command,neg,Military forecasting mechanisms exist but appear ineffective; urgent need for specialized threat prediction organ.,106748,66
2026-06-05 16:53:21,dva_majors,94112,https://t.me/dva_majors/94112,False,none,none,neu,,101130,127
2026-06-05 16:59:01,sashakots,62180,https://t.me/sashakots/62180,False,none,none,neu,,39163,157
2026-06-05 16:59:01,sashakots,62179,https://t.me/sashakots/62179,False,none,none,neu,,41827,158
2026-06-05 16:59:01,sashakots,62178,https://t.me/sashakots/62178,False,none,none,neu,,33412,159
2026-06-05 17:00:06,rusich_army,29857,https://t.me/rusich_army/29857,False,none,none,neu,,77148,197
2026-06-05 17:01:01,wargonzo,34644,https://t.me/wargonzo/34644,False,none,none,neu,,30992,66
2026-06-05 17:04:00,rybar,80842,https://t.me/rybar/80842,True,frontline,other,neu,Heavy fighting near Rodinsk; Ukrainian infiltration groups targeted by Russian drone strikes.,173588,99
2026-06-05 17:31:01,wargonzo,34645,https://t.me/wargonzo/34645,False,none,none,neu,,32874,30
2026-06-05 17:33:06,rusich_army,29858,https://t.me/rusich_army/29858,True,strikes_on_ukraine,other,pos,Russian air defense successfully destroys another enemy target.,76048,11
2026-06-05 17:35:30,sashakots,62181,https://t.me/sashakots/62181,False,none,none,neu,,40747,12
2026-06-05 17:57:27,sashakots,62182,https://t.me/sashakots/62182,False,none,none,neu,,41714,14
2026-06-05 18:02:43,dva_majors,94113,https://t.me/dva_majors/94113,True,russia_internal,other,neu,"Effective anti-drone defense requires thermal optics and focused light, not sound-based detection methods.",104082,207
2026-06-05 18:08:00,rybar,80843,https://t.me/rybar/80843,True,frontline,other,neu,Zelensky's peace letter rejected by Putin; IAEA coordinates ceasefire at Zaporizhzhia nuclear plant.,172036,33
2026-06-05 18:08:37,ngp_razvedka,25509,https://t.me/ngp_razvedka/25509,True,west_nato,negotiations,neg,Zelensky's letter to Putin dismissed as weak domestic theater; Putin's response is to continue operations.,15595,27
2026-06-05 18:15:27,ngp_razvedka,25510,https://t.me/ngp_razvedka/25510,False,none,none,neu,,17298,49
2026-06-05 18:33:00,rybar,80844,https://t.me/rybar/80844,True,west_nato,military_aid,neg,Real-time commercial satellite imagery accelerates Ukrainian drone strikes on Russian targets.,182743,338
2026-06-05 18:57:16,wargonzo,34646,https://t.me/wargonzo/34646,True,frontline,other,pos,"Putin declares Russia will continue denazification, completely liberate Donbas, and maintain military advantages.",34544,27
2026-06-05 19:15:23,ngp_razvedka,25511,https://t.me/ngp_razvedka/25511,True,west_nato,negotiations,neg,Trump refuses involvement in peace process; Russia must escalate drone technology to raise conflict costs.,18737,37
2026-06-05 19:24:46,dva_majors,94123,https://t.me/dva_majors/94123,False,none,none,neu,,102828,91
2026-06-05 19:24:46,dva_majors,94122,https://t.me/dva_majors/94122,False,none,none,neu,,109097,84
2026-06-05 19:24:46,dva_majors,94121,https://t.me/dva_majors/94121,False,none,none,neu,,120997,84
2026-06-05 19:24:46,dva_majors,94120,https://t.me/dva_majors/94120,False,none,none,neu,,99357,86
2026-06-05 19:24:46,dva_majors,94119,https://t.me/dva_majors/94119,False,none,none,neu,,108189,85
2026-06-05 19:24:46,dva_majors,94118,https://t.me/dva_majors/94118,False,none,none,neu,,103106,86
2026-06-05 19:24:46,dva_majors,94117,https://t.me/dva_majors/94117,False,none,none,neu,,104052,85
2026-06-05 19:24:46,dva_majors,94116,https://t.me/dva_majors/94116,False,none,none,neu,,98553,89
2026-06-05 19:24:46,dva_majors,94115,https://t.me/dva_majors/94115,False,none,none,neu,,95940,85
2026-06-05 19:24:46,dva_majors,94114,https://t.me/dva_majors/94114,False,none,none,neu,,95227,87
2026-06-05 19:34:00,rybar,80845,https://t.me/rybar/80845,True,frontline,other,neu,Ukrainian drones and boats attacked Romania and Azerbaijan; Russia conducted strikes on fuel infrastructure.,182527,8
2026-06-05 19:37:03,rybar,80848,https://t.me/rybar/80848,False,none,none,neu,,199456,90
2026-06-05 19:37:03,rybar,80847,https://t.me/rybar/80847,False,none,none,neu,,200676,90
2026-06-05 19:37:03,rybar,80846,https://t.me/rybar/80846,True,strikes_on_ukraine,fuel_infrastructure,neu,Russia struck five gas stations across Ukraine; Ukraine hit three Russian fuel stations and injured sappers.,187266,90
2026-06-05 19:43:22,vysokygovorit,23078,https://t.me/vysokygovorit/23078,True,criticism,government,neg,Zelensky's arrogant letter reflects false confidence; Ukraine's military power vastly inferior to Russia's.,133430,461
2026-06-05 19:48:02,wargonzo,34647,https://t.me/wargonzo/34647,True,west_nato,alliance_politics,neg,Lithuania seeks US nuclear weapons deployment amid concerns over declining American military presence in Europe.,38680,33
2026-06-05 19:49:58,dva_majors,94124,https://t.me/dva_majors/94124,False,none,none,neu,,108151,10
2026-06-05 23:57:11,dva_majors,94126,https://t.me/dva_majors/94126,False,none,none,neu,,118457,458
2026-06-05 23:57:11,dva_majors,94125,https://t.me/dva_majors/94125,True,russia_internal,other,neu,"LNR authorities restrict passenger transportation on roads toward DPR, Zaporizhzhia, Kherson, Crimea due to military situation.",124256,460
2026-06-06 04:36:30,dva_majors,94127,https://t.me/dva_majors/94127,True,ukraine_strikes_on_russia,drones_on_regions,neg,St. Petersburg and Leningrad region attacked by Ukrainian drones; over 86 drones shot down.,112793,419
2026-06-06 04:47:47,dva_majors,94128,https://t.me/dva_majors/94128,True,ukraine_strikes_on_russia,drones_on_regions,pos,Russian air defense destroyed 376 Ukrainian drones overnight across 18 regions.,104208,110
2026-06-06 04:52:11,dva_majors,94129,https://t.me/dva_majors/94129,True,ukraine_strikes_on_russia,drones_on_regions,neu,Ukrainian drones shot down over Abkhazia; air alarm sounded in Sochi resort city.,110879,392
2026-06-06 05:01:01,rusich_army,29859,https://t.me/rusich_army/29859,False,none,none,neu,,71500,18
2026-06-06 05:16:48,dva_majors,94130,https://t.me/dva_majors/94130,True,ukraine_strikes_on_russia,other,neg,"Turkish fishing vessel sank west of Crimea; one killed, five injured. Vessel allegedly engaged in illegal fishing.",104501,179
2026-06-06 05:38:43,dva_majors,94131,https://t.me/dva_majors/94131,True,ukraine_strikes_on_russia,drones_on_regions,neu,"Daily military summary: Ukraine attacked St. Petersburg, Crimea, and Russian regions; Russia struck Ukrainian cities.",337471,422
2026-06-06 05:56:53,dva_majors,94132,https://t.me/dva_majors/94132,True,ukraine_strikes_on_russia,drones_on_regions,neg,Leningrad region: 141 Ukrainian drones shot down; fires reported near Bolshaya Izhora; temporary crisis center created.,103021,343
2026-06-06 06:29:57,dva_majors,94133,https://t.me/dva_majors/94133,True,ukraine_strikes_on_russia,other,neg,Ukraine continues attacking supply route to Crimea; fuel shortages and queues at gas stations persist.,86099,279
2026-06-06 06:59:59,dva_majors,94134,https://t.me/dva_majors/94134,False,none,none,neu,,100834,11
2026-06-06 07:01:50,rusich_army,29860,https://t.me/rusich_army/29860,True,strikes_on_ukraine,other,pos,Russian drone destroyed enemy artillery piece and ammunition storage; uncontrollable fire resulted.,144884,100
2026-06-06 07:10:10,wargonzo,34654,https://t.me/wargonzo/34654,False,none,none,neu,,40169,43
2026-06-06 07:10:10,wargonzo,34653,https://t.me/wargonzo/34653,False,none,none,neu,,45259,42
2026-06-06 07:10:10,wargonzo,34652,https://t.me/wargonzo/34652,False,none,none,neu,,43485,42
2026-06-06 07:10:10,wargonzo,34651,https://t.me/wargonzo/34651,False,none,none,neu,,39764,42
2026-06-06 07:10:10,wargonzo,34650,https://t.me/wargonzo/34650,False,none,none,neu,,38189,44
2026-06-06 07:10:10,wargonzo,34649,https://t.me/wargonzo/34649,False,none,none,neu,,35873,42
2026-06-06 07:10:10,wargonzo,34648,https://t.me/wargonzo/34648,True,frontline,other,pos,Russian forces continue offensive operations on Zaporizhzhia and Donetsk fronts; advancing on multiple directions.,33026,43
2026-06-06 07:35:00,rybar,80849,https://t.me/rybar/80849,True,west_nato,other,neg,US oil reserves hit 2004 lows amid war; sanctions and geopolitical tensions strain global energy markets.,172132,81
2026-06-06 07:48:45,sashakots,62183,https://t.me/sashakots/62183,True,russia_internal,other,pos,Admiral Nakhimov heavy atomic cruiser enters final sea trials; modernized and will strengthen Arctic capabilities.,42443,29
2026-06-06 08:04:07,Sladkov_plus,15593,https://t.me/Sladkov_plus/15593,False,none,none,neu,,89791,314
2026-06-06 08:04:51,Sladkov_plus,15594,https://t.me/Sladkov_plus/15594,True,russia_internal,ideology_society,pos,Putin stabilized Caucasus after 1999 bandit threats; seeks swift military victory today with strong popular support.,95000,288
2026-06-06 08:30:02,sashakots,62185,https://t.me/sashakots/62185,True,russia_internal,economy,pos,Putin delays VAT threshold reduction for small businesses; threshold remains at 20 million rubles annually.,32014,77
2026-06-06 08:37:41,rybar,80850,https://t.me/rybar/80850,True,ukraine_strikes_on_russia,drones_on_regions,neu,Daily military summary: Ukraine attacked St. Petersburg and Crimea; Russia struck Ukrainian cities overnight.,157597,61
2026-06-06 09:00:59,rusich_army,29861,https://t.me/rusich_army/29861,True,ukraine_strikes_on_russia,drones_on_regions,neg,Ukraine launched massive drone attack on St. Petersburg; 141 drones destroyed over Leningrad region.,69571,120
2026-06-06 09:01:33,rybar,80851,https://t.me/rybar/80851,True,ukraine_strikes_on_russia,drones_on_regions,neg,One of largest nighttime drone attacks on Leningrad region; 376 drones destroyed across 18 regions.,176508,300
2026-06-06 09:02:02,wargonzo,34655,https://t.me/wargonzo/34655,False,none,none,neu,,31588,15
2026-06-06 09:28:41,epoddubny,27716,https://t.me/epoddubny/27716,True,strikes_on_ukraine,other,pos,Russian troops captured Ukrainian Vampire heavy drone; officer crossed minefield to retrieve operational asset.,78101,117
2026-06-06 09:36:43,sashakots,62186,https://t.me/sashakots/62186,True,strikes_on_ukraine,other,pos,Russian troops captured Ukrainian Vampire heavy drone; officer crossed minefield to retrieve operational asset.,28086,42
2026-06-06 09:37:27,vysokygovorit,23079,https://t.me/vysokygovorit/23079,True,russia_internal,ideology_society,pos,Russian Day celebrates language protection; 32 laws passed since 2021 protecting Russian culture and language.,130490,32
2026-06-06 09:44:43,dva_majors,94135,https://t.me/dva_majors/94135,True,frontline,kupyansk,pos,Russian forces liberated Shevchenko village in Kharkiv region; advance toward Kazachia Lopan logistics hub.,97215,98
2026-06-06 09:51:08,dva_majors,94136,https://t.me/dva_majors/94136,True,ukraine_strikes_on_russia,drones_on_regions,neg,Sevastopol air defense shot down 8 Ukrainian drones; civilian casualties and damage to residential buildings.,98909,43
2026-06-06 09:53:57,sashakots,62187,https://t.me/sashakots/62187,True,frontline,other,pos,Russian military surgeons successfully removed a drone battery embedded in a soldier's eye socket near the frontline.,122500,519
2026-06-06 09:55:05,dva_majors,94137,https://t.me/dva_majors/94137,False,none,none,neu,,101346,171
2026-06-06 10:05:00,rybar,80852,https://t.me/rybar/80852,False,none,none,neu,,164495,81
2026-06-06 10:11:55,dva_majors,94138,https://t.me/dva_majors/94138,True,ukraine_strikes_on_russia,other,neg,Ukrainian drones attacked Sevastopol; 58 drones shot down in one day.,96510,106
2026-06-06 10:13:01,wargonzo,34656,https://t.me/wargonzo/34656,False,none,none,neu,,33622,11
2026-06-06 10:22:42,epoddubny,27717,https://t.me/epoddubny/27717,True,frontline,other,pos,Russian military surgeons successfully removed a drone battery embedded in a soldier's eye socket near the frontline.,51640,144
2026-06-06 10:29:57,dva_majors,94139,https://t.me/dva_majors/94139,False,none,none,neu,,99447,54
2026-06-06 10:31:47,epoddubny,27718,https://t.me/epoddubny/27718,True,frontline,kupyansk,pos,"Russian forces captured Shevchenko in Kharkiv region, advancing toward Ukrainian logistics hub Kazacha Lopan.",63634,49
2026-06-06 10:35:49,ngp_razvedka,25512,https://t.me/ngp_razvedka/25512,True,frontline,other,neu,Ukrainian drones attack civilian communication towers in liberated Zaporizhzhia region; offensive preparations expected.,17485,176
2026-06-06 10:46:08,sashakots,62188,https://t.me/sashakots/62188,True,criticism,government,neg,Civilians filming Russian air defense positions on Moscow rooftops endanger locations; better operational security needed.,37045,133
2026-06-06 10:59:57,dva_majors,94140,https://t.me/dva_majors/94140,True,west_nato,military_aid,neg,US Congress approved military aid to Ukraine and severe sanctions on Russia including 500% tariffs on imports.,100058,270
2026-06-06 11:01:01,ngp_razvedka,25513,https://t.me/ngp_razvedka/25513,True,frontline,other,neu,Ukraine targeting Zaporizhzhia supply roads to create logistics problems before anticipated offensive operation.,17947,141
2026-06-06 11:04:29,rybar,80854,https://t.me/rybar/80854,True,west_nato,rearmament,pos,Pentagon cancels Tomahawk missile deployment to Germany; US reducing military presence in Europe substantially.,160308,36
2026-06-06 11:05:05,rusich_army,29862,https://t.me/rusich_army/29862,True,frontline,other,pos,Russian drone eliminated an enemy soldier at a river crossing position in unspecified location.,88142,74
2026-06-06 11:32:31,sashakots,62190,https://t.me/sashakots/62190,False,none,none,neu,,34812,45
2026-06-06 11:32:31,sashakots,62189,https://t.me/sashakots/62189,True,frontline,kupyansk,pos,"Russian forces captured Shevchenko in Kharkiv region, moving closer to Ukrainian logistics hub Kazacha Lopan.",35059,46
2026-06-06 12:00:54,dva_majors,94141,https://t.me/dva_majors/94141,True,russia_internal,mobilisation,neu,Military medic describes establishing field hospital during ongoing offensive operations in liberated village.,294841,81
2026-06-06 12:06:02,rybar,80855,https://t.me/rybar/80855,True,west_nato,other,pos,US National Security Agency uses AI company Anthropic's systems for offensive cyber operations against rivals.,166556,111
2026-06-06 12:11:21,sashakots,62192,https://t.me/sashakots/62192,False,none,none,neu,,32465,9
2026-06-06 12:11:21,sashakots,62191,https://t.me/sashakots/62191,False,none,none,neu,,32374,9
2026-06-06 12:11:22,sashakots,62195,https://t.me/sashakots/62195,False,none,none,neu,,36999,9
2026-06-06 12:11:22,sashakots,62194,https://t.me/sashakots/62194,False,none,none,neu,,36310,9
2026-06-06 12:11:22,sashakots,62193,https://t.me/sashakots/62193,False,none,none,neu,,32626,9
2026-06-06 12:11:22,sashakots,62196,https://t.me/sashakots/62196,False,none,none,neu,,34505,9
2026-06-06 12:17:18,dva_majors,94142,https://t.me/dva_majors/94142,True,ukraine_strikes_on_russia,drones_on_regions,neg,Ukrainian drones attack Sevastopol; air defense and mobile fire groups engaged; civilians directed to shelters.,102227,65
2026-06-06 12:36:14,ngp_razvedka,25514,https://t.me/ngp_razvedka/25514,True,frontline,other,neu,Ukrainian forces disperse personnel in small groups across civilian buildings to avoid concentrated strikes.,17079,54
2026-06-06 12:36:15,dva_majors,94143,https://t.me/dva_majors/94143,True,criticism,army_command,neg,Russian air defense system ineffective; orders from Moscow headquarters outdated and written without battlefield understanding.,220580,534
2026-06-06 12:59:08,Sladkov_plus,15595,https://t.me/Sladkov_plus/15595,True,frontline,other,pos,Professional ground-based anti-drone efforts by Russian soldiers crucial to achieving air superiority over Ukrainian UAVs.,101019,75
2026-06-06 13:01:10,rusich_army,29863,https://t.me/rusich_army/29863,False,none,none,neu,,79141,5
2026-06-06 13:01:14,rusich_army,29864,https://t.me/rusich_army/29864,False,none,none,neu,,72407,2
2026-06-06 13:02:02,wargonzo,34657,https://t.me/wargonzo/34657,False,none,none,neu,,34311,11
2026-06-06 13:19:21,ngp_razvedka,25515,https://t.me/ngp_razvedka/25515,False,none,none,neu,,16773,22
2026-06-06 13:25:32,rybar,80856,https://t.me/rybar/80856,True,west_nato,military_aid,neg,Georgian authorities detained Russian citizen for allegedly circumventing sanctions on aviation parts supplies.,167122,127
2026-06-06 13:38:02,dva_majors,94144,https://t.me/dva_majors/94144,True,west_nato,military_aid,neg,Hungary lifted veto on 6.6 billion euros EU military aid to Ukraine for drone production.,122311,486
2026-06-06 13:58:26,dva_majors,94145,https://t.me/dva_majors/94145,True,ukraine_strikes_on_russia,drones_on_regions,neu,Sevastopol governor reports 16 Ukrainian drones shot down with two civilians slightly wounded.,117545,54
2026-06-06 14:06:07,dva_majors,94146,https://t.me/dva_majors/94146,False,none,none,neu,,113845,105
2026-06-06 14:30:03,wargonzo,34658,https://t.me/wargonzo/34658,True,ukraine_strikes_on_russia,drones_on_regions,neg,Zelensky confirms Ukrainian drone strikes on Kronstadt and Krasnodar fuel depot; 144 drones shot down.,36759,33
2026-06-06 14:42:16,rusich_army,29865,https://t.me/rusich_army/29865,True,criticism,army_command,neg,Ukrainian drones penetrate deep Russian territory; air defense orders from Moscow prove ineffective and outdated.,72236,52
2026-06-06 14:58:06,ngp_razvedka,25516,https://t.me/ngp_razvedka/25516,True,ukraine_strikes_on_russia,drones_on_regions,pos,Russian drones continuously attack Sumy-Kharkiv highway; blogger mocks Ukrainian complaints about drone strikes.,21520,103
2026-06-06 15:02:43,rusich_army,29866,https://t.me/rusich_army/29866,True,ukraine_strikes_on_russia,drones_on_regions,neg,Ukrainian strikes in rear areas since May have destroyed 270+ vehicles and expanded geographic range targeting fuel supplies.,90357,121
2026-06-06 15:31:02,wargonzo,34659,https://t.me/wargonzo/34659,False,none,none,neu,,40148,7
2026-06-06 15:38:37,rybar,80857,https://t.me/rybar/80857,True,west_nato,rearmament,neu,SVO and regional conflicts shift global defense procurement priorities toward drones over traditional weapons systems.,152564,37
2026-06-06 15:47:38,vysokygovorit,23082,https://t.me/vysokygovorit/23082,False,none,none,neu,,94747,76
2026-06-06 15:47:38,vysokygovorit,23081,https://t.me/vysokygovorit/23081,False,none,none,neu,,94937,75
2026-06-06 15:47:38,vysokygovorit,23080,https://t.me/vysokygovorit/23080,True,frontline,other,neu,FPV drone tactics and thermal-equipped systems in Lebanon approach operational sophistication seen in Ukraine conflict.,69062,76
2026-06-06 15:59:57,dva_majors,94147,https://t.me/dva_majors/94147,True,strikes_on_ukraine,other,neu,"Traditional air defense systems inadequate against expanding range, speed, and complexity of modern drone and missile strikes.",116200,128
2026-06-06 16:11:38,rybar,80858,https://t.me/rybar/80858,True,west_nato,other,pos,Guinea's port serves as logistics hub for Russian Africa Corps; France opposes Conakry's military cooperation with Russia.,145112,45
2026-06-06 16:22:56,rusich_army,29867,https://t.me/rusich_army/29867,False,none,none,neu,,83643,5
2026-06-06 16:28:58,rybar,80859,https://t.me/rybar/80859,True,frontline,kupyansk,pos,"Russian forces capture village Shevchenko on Slobozhan direction, probing Ukrainian defense weaknesses near border.",162809,99
2026-06-06 16:31:53,vysokygovorit,23083,https://t.me/vysokygovorit/23083,True,west_nato,alliance_politics,neg,"Finland hosts ninth NATO forward land forces deployment group, presented as potential threat to Russia.",90226,45
2026-06-06 16:45:09,rybar,80860,https://t.me/rybar/80860,True,russia_internal,elite_politics,neu,Armenia's ruling party suppresses opposition through systematic raids and prosecutions during pre-election campaign.,171467,89
2026-06-06 16:45:59,rusich_army,29868,https://t.me/rusich_army/29868,False,none,none,neu,,87590,98
2026-06-06 16:51:55,sashakots,62197,https://t.me/sashakots/62197,True,frontline,other,pos,Black Sea Fleet drones sink two Ukrainian speedboats with special operations forces aboard in coordinated attacks.,223440,591
2026-06-06 16:59:01,sashakots,62200,https://t.me/sashakots/62200,False,none,none,neu,,37175,26
2026-06-06 16:59:01,sashakots,62199,https://t.me/sashakots/62199,False,none,none,neu,,41118,27
2026-06-06 16:59:01,sashakots,62198,https://t.me/sashakots/62198,False,none,none,neu,,30997,27
2026-06-06 17:01:02,rusich_army,29869,https://t.me/rusich_army/29869,True,frontline,other,pos,Russian forces regularly shoot down heavy enemy drones as routine daily operations continue.,86995,26
2026-06-06 17:10:17,wargonzo,34660,https://t.me/wargonzo/34660,False,none,none,neu,,38070,6
2026-06-06 17:20:56,vysokygovorit,23084,https://t.me/vysokygovorit/23084,True,frontline,other,pos,Black Sea Fleet drones destroy two Ukrainian speedboats with marines aboard in coordinated strikes.,101591,215
2026-06-06 17:35:30,sashakots,62201,https://t.me/sashakots/62201,False,none,none,neu,,34004,3
2026-06-06 17:39:02,sashakots,62202,https://t.me/sashakots/62202,False,none,none,neu,,36077,5
2026-06-06 17:46:06,sashakots,62204,https://t.me/sashakots/62204,False,none,none,neu,,41440,128
2026-06-06 17:46:06,sashakots,62203,https://t.me/sashakots/62203,True,strikes_on_ukraine,other,pos,Russia tests upgraded Citadel air defense system with 100mm naval gun for improved anti-drone effectiveness.,42768,128
2026-06-06 18:13:18,ngp_razvedka,25517,https://t.me/ngp_razvedka/25517,False,none,none,neu,,18498,2
2026-06-06 18:22:42,wargonzo,34661,https://t.me/wargonzo/34661,False,none,none,neu,,44738,34
2026-06-06 18:24:08,dva_majors,94148,https://t.me/dva_majors/94148,False,none,none,neu,,112629,17
2026-06-06 18:28:38,dva_majors,94149,https://t.me/dva_majors/94149,True,ukraine_strikes_on_russia,drones_on_regions,pos,Russian air defense shot down 339 Ukrainian drones over various regions from 0700-2000 Moscow time.,108607,48
2026-06-06 18:34:14,dva_majors,94150,https://t.me/dva_majors/94150,True,frontline,other,pos,Russian forces destroyed Ukrainian enemy speedboats with personnel in Black Sea today.,112934,205
2026-06-06 18:35:50,rybar,80861,https://t.me/rybar/80861,True,frontline,other,pos,Russian Geran drones struck two Ukrainian naval patrol boats off Odessa coast in Black Sea.,263010,201
2026-06-06 19:04:58,rybar,80862,https://t.me/rybar/80862,True,frontline,kupyansk,pos,"Russian forces advance on eastern Oskol bank near Kupyansk, reducing Ukrainian bridgehead significantly.",174450,169
2026-06-06 19:23:57,dva_majors,94151,https://t.me/dva_majors/94151,False,none,none,neu,,107868,813
2026-06-06 19:28:58,rybar,80865,https://t.me/rybar/80865,False,none,none,neu,,196749,71
2026-06-06 19:28:58,rybar,80864,https://t.me/rybar/80864,False,none,none,neu,,191854,71
2026-06-06 19:28:58,rybar,80863,https://t.me/rybar/80863,True,strikes_on_ukraine,deep_strikes,neu,"Russian Geran drones struck targets in Poltava, Kryvyi Rih, and Dnipropetrovsk; concentrated on logistics.",169948,72
2026-06-06 19:35:01,rybar,80866,https://t.me/rybar/80866,True,strikes_on_ukraine,other,neu,"Summary of daily military operations on June 6: Russian advances in Kharkiv region, Ukrainian drone attacks on Leningrad Oblast.",184986,36
2026-06-06 19:48:27,ngp_razvedka,25518,https://t.me/ngp_razvedka/25518,False,none,none,neu,,20979,40
2026-06-06 19:49:58,dva_majors,94152,https://t.me/dva_majors/94152,False,none,none,neu,,110570,3
2026-06-06 19:56:00,rybar,80867,https://t.me/rybar/80867,True,frontline,other,pos,Geran drones continue targeting Ukrainian naval assets in Black Sea; Russian forces advance near Shevchenko.,190672,10
2026-06-06 20:02:40,dva_majors,94153,https://t.me/dva_majors/94153,False,none,none,neu,,105525,25
2026-06-06 20:15:48,dva_majors,94154,https://t.me/dva_majors/94154,True,russia_internal,security_cases,neg,Warning against filming attack aftermath to prevent enemy intelligence gathering on strike effectiveness.,121716,260
2026-06-06 20:36:45,dva_majors,94155,https://t.me/dva_majors/94155,True,ukraine_strikes_on_russia,drones_on_regions,neg,"Drone debris fell on Sochi road, breaking bus windows; 15 passengers unharmed but incident shows vulnerability.",120786,335
2026-06-07 03:04:54,dva_majors,94156,https://t.me/dva_majors/94156,False,none,none,neu,,114545,69
2026-06-07 03:05:13,dva_majors,94157,https://t.me/dva_majors/94157,True,ukraine_strikes_on_russia,drones_on_regions,neg,"Ukraine massively escalated drone attacks on Russian rear areas, fuel infrastructure, and logistics corridors; Crimea faces severe fuel crisis.",325696,381
2026-06-07 03:35:29,dva_majors,94158,https://t.me/dva_majors/94158,True,west_nato,other,neu,China announces marine operation near Taiwan responding to Japan-Philippines maritime delimitation negotiations.,115741,211
2026-06-07 04:30:13,rybar,80868,https://t.me/rybar/80868,True,west_nato,other,neu,China conducts law enforcement operation east of Taiwan in response to Japan-Philippines maritime boundary talks.,186906,117
2026-06-07 05:04:41,rusich_army,29870,https://t.me/rusich_army/29870,False,none,none,neu,,85023,12
2026-06-07 05:23:39,dva_majors,94159,https://t.me/dva_majors/94159,True,ukraine_strikes_on_russia,drones_on_regions,pos,Russia mirrors Ukrainian tactics by attacking logistics routes between Sumy and Kharkiv with drones; blogger celebrates tactics.,117716,279
2026-06-07 06:04:16,rybar,80869,https://t.me/rybar/80869,True,ukraine_strikes_on_russia,drones_on_regions,neg,"Ukraine massively escalated drone attacks on Russian rear areas, fuel infrastructure, and logistics corridors; Crimea faces severe fuel crisis.",168524,84
2026-06-07 06:18:03,dva_majors,94160,https://t.me/dva_majors/94160,True,ukraine_strikes_on_russia,drones_on_regions,neg,"Ukrainian drones attack Sevastopol for third consecutive day; air defense active, civilians advised to seek shelter.",100675,92
2026-06-07 06:29:57,dva_majors,94161,https://t.me/dva_majors/94161,True,strikes_on_ukraine,other,pos,Russian naval drones struck two Ukrainian speedboats near Odessa; damage confirmed on video footage.,85072,62
2026-06-07 06:49:57,dva_majors,94171,https://t.me/dva_majors/94171,False,none,none,neu,,89299,76
2026-06-07 06:49:57,dva_majors,94170,https://t.me/dva_majors/94170,False,none,none,neu,,99150,76
2026-06-07 06:49:57,dva_majors,94169,https://t.me/dva_majors/94169,False,none,none,neu,,104534,88
2026-06-07 06:49:57,dva_majors,94168,https://t.me/dva_majors/94168,False,none,none,neu,,93575,77
2026-06-07 06:49:57,dva_majors,94167,https://t.me/dva_majors/94167,False,none,none,neu,,99116,81
2026-06-07 06:49:57,dva_majors,94166,https://t.me/dva_majors/94166,False,none,none,neu,,89916,78
2026-06-07 06:49:57,dva_majors,94165,https://t.me/dva_majors/94165,False,none,none,neu,,92524,91
2026-06-07 06:49:57,dva_majors,94164,https://t.me/dva_majors/94164,False,none,none,neu,,93212,80
2026-06-07 06:49:57,dva_majors,94163,https://t.me/dva_majors/94163,False,none,none,neu,,89236,95
2026-06-07 06:49:57,dva_majors,94162,https://t.me/dva_majors/94162,False,none,none,neu,,88124,78
2026-06-07 06:59:59,dva_majors,94172,https://t.me/dva_majors/94172,False,none,none,neu,,103172,10
2026-06-07 07:00:01,rusich_army,29871,https://t.me/rusich_army/29871,True,ukraine_strikes_on_russia,drones_on_regions,neg,Ukraine launched massive thousand-plus drone attack; over 300 drones downed; fuel infrastructure and Crimea heavily targeted.,103548,71
2026-06-07 07:10:11,wargonzo,34669,https://t.me/wargonzo/34669,False,none,none,neu,,41475,61
2026-06-07 07:10:11,wargonzo,34668,https://t.me/wargonzo/34668,False,none,none,neu,,45846,60
2026-06-07 07:10:11,wargonzo,34667,https://t.me/wargonzo/34667,False,none,none,neu,,43045,60
2026-06-07 07:10:11,wargonzo,34666,https://t.me/wargonzo/34666,False,none,none,neu,,40013,60
2026-06-07 07:10:11,wargonzo,34665,https://t.me/wargonzo/34665,False,none,none,neu,,41687,61
2026-06-07 07:10:11,wargonzo,34664,https://t.me/wargonzo/34664,False,none,none,neu,,38731,60
2026-06-07 07:10:11,wargonzo,34663,https://t.me/wargonzo/34663,True,frontline,other,neu,"Russian forces report progress on multiple fronts: Zaporizhzhia, Donets, and Kharkiv; ongoing fighting in Konstantinovka and Pokrovsk direction.",34879,60
2026-06-07 07:14:57,dva_majors,94173,https://t.me/dva_majors/94173,False,none,none,neu,,98558,3
2026-06-07 07:29:02,dva_majors,94174,https://t.me/dva_majors/94174,True,frontline,hulyaipole,pos,Russian drone operators report destroying Ukrainian drones; expect summer counteroffensive; concern over fuel price speculation.,101688,88
2026-06-07 07:51:38,sashakots,62205,https://t.me/sashakots/62205,True,west_nato,other,neu,China launches maritime law enforcement operation near Taiwan against Japan-Philippines boundary delimitation attempts.,39726,31
2026-06-07 08:00:38,rybar,80870,https://t.me/rybar/80870,True,west_nato,other,neg,Container shipping rates from Asia to US jumped 109% since US-Iran war began due to Strait of Hormuz blockade.,180923,97
2026-06-07 08:01:02,wargonzo,34670,https://t.me/wargonzo/34670,True,west_nato,other,neu,China begins law enforcement operation near Taiwan responding to Japan-Philippines maritime boundary discussions.,39413,43
2026-06-07 08:10:46,Sladkov_plus,15599,https://t.me/Sladkov_plus/15599,False,none,none,neu,,103701,90
2026-06-07 08:10:46,Sladkov_plus,15598,https://t.me/Sladkov_plus/15598,False,none,none,neu,,110077,90
2026-06-07 08:10:46,Sladkov_plus,15597,https://t.me/Sladkov_plus/15597,False,none,none,neu,,98347,90
2026-06-07 08:10:46,Sladkov_plus,15596,https://t.me/Sladkov_plus/15596,True,russia_internal,ideology_society,neg,Kurds failed to achieve statehood due to US alliance preventing Russian-brokered autonomy deal in Syria.,92225,91
2026-06-07 08:31:48,Sladkov_plus,15600,https://t.me/Sladkov_plus/15600,True,russia_internal,ideology_society,pos,"Supply provision and uniforms from population are crucial morale factors for soldiers, reflecting leadership care.",101515,108
2026-06-07 08:56:56,sashakots,62209,https://t.me/sashakots/62209,False,none,none,neu,,42090,62
2026-06-07 08:56:56,sashakots,62208,https://t.me/sashakots/62208,False,none,none,neu,,43933,62
2026-06-07 08:56:56,sashakots,62207,https://t.me/sashakots/62207,False,none,none,neu,,35057,62
2026-06-07 08:56:56,sashakots,62206,https://t.me/sashakots/62206,True,russia_internal,other,neu,Russia and Ukraine conducted humanitarian document exchange allowing civilians with paperwork issues to return home.,29265,62
2026-06-07 09:00:15,epoddubny,27719,https://t.me/epoddubny/27719,True,frontline,other,pos,Kamikaze drones of 58th Army hunt enemy equipment and positions in Zaporizhzhia direction.,89158,46
2026-06-07 09:01:35,rusich_army,29872,https://t.me/rusich_army/29872,True,frontline,other,pos,Special operations unit destroyed enemy firing position; one soldier wounded but evacuated after blocking enemy position.,157988,214
2026-06-07 09:01:45,wargonzo,34672,https://t.me/wargonzo/34672,False,none,none,neu,,36354,7
2026-06-07 09:02:01,dva_majors,94175,https://t.me/dva_majors/94175,True,ukraine_strikes_on_russia,other,neg,Ukrainian drone damaged bridge at Chongar; traffic rerouted; blogger criticizes inadequate anti-drone countermeasures.,99878,284
2026-06-07 09:31:02,wargonzo,34673,https://t.me/wargonzo/34673,False,none,none,neu,,39961,26
2026-06-07 09:31:51,dva_majors,94176,https://t.me/dva_majors/94176,False,none,none,neu,,92082,111
2026-06-07 09:44:58,sashakots,62210,https://t.me/sashakots/62210,True,strikes_on_ukraine,other,pos,Russian VKS strikes Ukrainian command posts and defensive positions in Dnipropetrovsk and Kherson regions with FAB-500 bombs.,92882,89
2026-06-07 09:45:16,dva_majors,94178,https://t.me/dva_majors/94178,False,none,none,neu,,95015,350
2026-06-07 09:45:16,dva_majors,94177,https://t.me/dva_majors/94177,True,west_nato,military_aid,neg,American companies providing Ukrainian drone operators satellite imagery within 15 minutes for direct attack guidance.,103886,351
2026-06-07 10:00:37,rybar,80871,https://t.me/rybar/80871,False,none,none,neu,,159042,191
2026-06-07 10:17:51,epoddubny,27720,https://t.me/epoddubny/27720,True,strikes_on_ukraine,other,pos,Russian VKS strikes Ukrainian command posts and defensive positions in Dnipropetrovsk and Kherson regions with FAB-500 bombs.,57313,42
2026-06-07 10:22:10,dva_majors,94179,https://t.me/dva_majors/94179,False,none,none,neu,,93433,14
2026-06-07 10:40:09,dva_majors,94180,https://t.me/dva_majors/94180,False,none,none,neu,,92039,31
2026-06-07 10:59:54,dva_majors,94182,https://t.me/dva_majors/94182,False,none,none,neu,,91093,164
2026-06-07 10:59:54,dva_majors,94181,https://t.me/dva_majors/94181,True,ukraine_strikes_on_russia,other,neg,Chongar Bridge struck by Ukrainian drones; Kherson governor announces alternative routes via Armyansk and warns of drone danger.,90022,167
2026-06-07 11:02:02,wargonzo,34674,https://t.me/wargonzo/34674,True,frontline,other,pos,Interview with Russian soldier Dan from 291st regiment recounting three-year-old counter-offensive defense with heavy losses.,42741,18
2026-06-07 11:03:13,sashakots,62211,https://t.me/sashakots/62211,True,ukraine_strikes_on_russia,other,neg,Analysis suggests Ukraine preparing sustained attacks on Crimean Bridge similar to August 2023 strategy.,83109,945
2026-06-07 11:04:03,rusich_army,29873,https://t.me/rusich_army/29873,True,west_nato,other,neu,China announces unlimited special maritime operation against Taiwan after Japan-Philippines border negotiations.,81598,101
2026-06-07 11:32:01,rybar,80872,https://t.me/rybar/80872,True,west_nato,other,neu,Chinese maritime agencies deploy patrol ships east of Taiwan in response to Japan-Philippines coastal agreement.,158535,82
2026-06-07 11:39:36,dva_majors,94183,https://t.me/dva_majors/94183,True,frontline,other,neu,Russian military driver discusses dangerous supply missions amid constant Ukrainian drone reconnaissance and strikes.,93797,35
2026-06-07 11:55:30,dva_majors,94184,https://t.me/dva_majors/94184,True,criticism,government,neg,Russian official Ushakov publicizing closed negotiations suggests they are performative rather than genuine.,90771,58
2026-06-07 12:00:23,sashakots,62212,https://t.me/sashakots/62212,True,frontline,hulyaipole,pos,Zhnetsy drone unit of 58th Army hunts Ukrainian equipment and positions in Zaporizhzhia direction.,33201,12
2026-06-07 12:09:42,dva_majors,94185,https://t.me/dva_majors/94185,False,none,none,neu,,97512,816
2026-06-07 12:18:09,ngp_razvedka,25519,https://t.me/ngp_razvedka/25519,True,russia_internal,ideology_society,pos,"Russian outlet rejects Ukrainian propaganda about imminent peace, asserts war will continue indefinitely.",21850,56
2026-06-07 12:28:40,dva_majors,94186,https://t.me/dva_majors/94186,True,ukraine_strikes_on_russia,drones_on_regions,neg,Sevastopol governor reports Ukrainian drone attack; air defense operational; two drones shot down.,92477,32
2026-06-07 12:31:49,dva_majors,94188,https://t.me/dva_majors/94188,False,none,none,neu,,98298,90
2026-06-07 12:31:49,dva_majors,94187,https://t.me/dva_majors/94187,True,strikes_on_ukraine,other,pos,Russian drone strikes locomotive in Zaporizhzhia; Ukrainian official warns continued attacks on rail transport.,102441,89
2026-06-07 12:33:21,wargonzo,34675,https://t.me/wargonzo/34675,True,ukraine_strikes_on_russia,other,pos,Ukrainian colonel who ordered Belgorod rocket strike found dead under unclear circumstances in Khmelnytsky region.,42642,99
2026-06-07 12:48:18,dva_majors,94191,https://t.me/dva_majors/94191,False,none,none,neu,,100681,156
2026-06-07 12:48:18,dva_majors,94190,https://t.me/dva_majors/94190,False,none,none,neu,,103423,145
2026-06-07 12:48:18,dva_majors,94189,https://t.me/dva_majors/94189,True,russia_internal,other,neg,Russian military regulations prevent necessary equipment modifications despite shortage of weapons for troops.,92413,156
2026-06-07 12:49:18,rusich_army,29875,https://t.me/rusich_army/29875,False,none,none,neu,,83745,14
2026-06-07 13:01:18,sashakots,62213,https://t.me/sashakots/62213,True,frontline,other,pos,Russian forces encircle 150-200 Ukrainian troops in central Konstantinovka after cutting main supply routes.,157231,572
2026-06-07 13:04:18,rusich_army,29876,https://t.me/rusich_army/29876,False,none,none,neu,,93316,7
2026-06-07 13:04:39,rusich_army,29877,https://t.me/rusich_army/29877,False,none,none,neu,,94689,2
2026-06-07 13:05:19,rybar,80873,https://t.me/rybar/80873,True,russia_internal,elite_politics,neg,IT entrepreneur Uskov convicted on old fraud charges despite helping Russian military and supporting region.,163587,123
2026-06-07 13:59:49,dva_majors,94192,https://t.me/dva_majors/94192,False,none,none,neu,,101872,2
2026-06-07 14:00:49,dva_majors,94193,https://t.me/dva_majors/94193,False,none,none,neu,,102710,121
2026-06-07 14:08:10,wargonzo,34676,https://t.me/wargonzo/34676,False,none,none,neu,,41981,42
2026-06-07 14:26:08,rusich_army,29878,https://t.me/rusich_army/29878,False,none,none,neu,,96483,18
2026-06-07 14:37:01,rybar,80874,https://t.me/rybar/80874,True,west_nato,military_aid,neg,EU plans to exclude Ukrainian military-age men from refugee protection schemes.,160215,61
2026-06-07 14:59:03,dva_majors,94194,https://t.me/dva_majors/94194,True,criticism,army_command,neg,Blogger criticizes Russia's lack of systematic strategy against Ukraine's drone attacks on southern infrastructure and logistics.,104228,527
2026-06-07 15:04:15,rusich_army,29879,https://t.me/rusich_army/29879,True,west_nato,military_aid,neg,Ukrainian companies serve as Western fronts testing combat drones for US military contracts and technology acquisition.,125330,62
2026-06-07 15:22:02,wargonzo,34681,https://t.me/wargonzo/34681,False,none,none,neu,,39219,51
2026-06-07 15:22:02,wargonzo,34680,https://t.me/wargonzo/34680,False,none,none,neu,,41214,50
2026-06-07 15:22:02,wargonzo,34679,https://t.me/wargonzo/34679,False,none,none,neu,,35090,50
2026-06-07 15:22:02,wargonzo,34678,https://t.me/wargonzo/34678,False,none,none,neu,,34586,50
2026-06-07 15:22:02,wargonzo,34677,https://t.me/wargonzo/34677,True,russia_internal,economy,pos,Russia develops upgraded Tsitadel air defense system with 100mm naval gun for targets at 7km altitude.,33936,52
2026-06-07 15:35:08,dva_majors,94199,https://t.me/dva_majors/94199,False,none,none,neu,,173118,164
2026-06-07 15:35:08,dva_majors,94198,https://t.me/dva_majors/94198,False,none,none,neu,,173510,162
2026-06-07 15:35:08,dva_majors,94197,https://t.me/dva_majors/94197,False,none,none,neu,,155555,162
2026-06-07 15:35:08,dva_majors,94196,https://t.me/dva_majors/94196,False,none,none,neu,,149391,163
2026-06-07 15:35:08,dva_majors,94195,https://t.me/dva_majors/94195,True,west_nato,military_aid,neu,Estonia deploys drone detection systems on Russian border; blogger claims systems remain ineffective against Ukrainian drones.,145207,163
2026-06-07 16:02:28,ngp_razvedka,25520,https://t.me/ngp_razvedka/25520,False,none,none,neu,,21087,12
2026-06-07 16:10:22,rybar,80875,https://t.me/rybar/80875,True,frontline,other,pos,"Russian forces encircle Liman, advance into city districts while Ukrainian forces conduct controlled retreats to new defense lines.",150703,173
2026-06-07 16:38:36,wargonzo,34682,https://t.me/wargonzo/34682,False,none,none,neu,,44731,99
2026-06-07 16:59:01,sashakots,62216,https://t.me/sashakots/62216,False,none,none,neu,,46004,91
2026-06-07 16:59:01,sashakots,62215,https://t.me/sashakots/62215,False,none,none,neu,,46347,91
2026-06-07 16:59:01,sashakots,62214,https://t.me/sashakots/62214,False,none,none,neu,,35419,92
2026-06-07 17:03:23,rusich_army,29880,https://t.me/rusich_army/29880,False,none,none,neu,,110677,27
2026-06-07 17:12:09,dva_majors,94202,https://t.me/dva_majors/94202,False,none,none,neu,,111635,291
2026-06-07 17:12:09,dva_majors,94201,https://t.me/dva_majors/94201,False,none,none,neu,,119600,291
2026-06-07 17:12:09,dva_majors,94200,https://t.me/dva_majors/94200,True,criticism,army_command,neg,Blogger argues Russia fails to properly protect Route P-280 logistics corridor while Ukraine successfully deploys anti-drone nets across 820km.,102209,297
2026-06-07 17:15:00,dva_majors,94203,https://t.me/dva_majors/94203,True,criticism,army_command,neg,"Blogger acknowledges fuel refinery capacity limits and calls for comprehensive military approach with nets, air defense, and interceptors.",120285,111
2026-06-07 17:22:01,rybar,80876,https://t.me/rybar/80876,True,west_nato,military_aid,neu,Analysis explains why single nuclear strike cannot eliminate Starlink constellation; electromagnetic pulse effects limited by space vastness.,134089,162
2026-06-07 17:27:55,vysokygovorit,23086,https://t.me/vysokygovorit/23086,True,frontline,other,pos,"Russian forces encircle 150-200 Ukrainian troops in Konstantinovka's central district, cutting supply route from Druzhkovka.",113259,328
2026-06-07 17:35:15,sashakots,62217,https://t.me/sashakots/62217,False,none,none,neu,,42200,20
2026-06-07 18:12:27,wargonzo,34683,https://t.me/wargonzo/34683,False,none,none,neu,,45451,48
2026-06-07 18:12:51,sashakots,62218,https://t.me/sashakots/62218,False,none,none,neu,,45302,21
2026-06-07 18:32:59,rybar,80877,https://t.me/rybar/80877,True,russia_internal,elite_politics,neg,Armenian opposition gains 52.9% combined support versus ruling party's 32.7% in elections despite government pressure and arrests.,167314,137
2026-06-07 18:48:33,ngp_razvedka,25521,https://t.me/ngp_razvedka/25521,True,west_nato,negotiations,pos,Blogger claims Zelensky asked Abramovich to arrange meeting with Putin under pressure from Ukrainian military failures.,20114,37
2026-06-07 19:00:30,dva_majors,94205,https://t.me/dva_majors/94205,True,west_nato,negotiations,pos,Report: Zelensky sent Abramovich as mediator requesting Putin meeting after drone campaign; Kremlin sees no strategic reason to negotiate.,122798,308
2026-06-07 19:23:00,rybar,80882,https://t.me/rybar/80882,False,none,none,neu,,148292,89
2026-06-07 19:23:00,rybar,80880,https://t.me/rybar/80880,False,none,none,neu,,152855,52
2026-06-07 19:23:00,rybar,80879,https://t.me/rybar/80879,False,none,none,neu,,159490,53
2026-06-07 19:23:00,rybar,80881,https://t.me/rybar/80881,True,west_nato,other,neu,Iran fires rockets at northern Israel for first time since April after Israeli strikes on Hezbollah headquarters in Beirut.,149509,89
2026-06-07 19:23:00,rybar,80878,https://t.me/rybar/80878,True,west_nato,other,neg,Israel breaks ceasefire with strike on Hezbollah headquarters; blogger suggests provocation to restart war with Iran.,145925,53
2026-06-07 19:42:01,rybar,80883,https://t.me/rybar/80883,False,none,none,neu,,156498,32
2026-06-07 19:49:58,dva_majors,94206,https://t.me/dva_majors/94206,False,none,none,neu,,124807,13
2026-06-07 20:01:05,rybar,80886,https://t.me/rybar/80886,False,none,none,neu,,190836,84
2026-06-07 20:01:05,rybar,80885,https://t.me/rybar/80885,False,none,none,neu,,185334,84
2026-06-07 20:01:05,rybar,80884,https://t.me/rybar/80884,True,strikes_on_ukraine,fuel_infrastructure,pos,Russian forces struck Ukrainian energy infrastructure in Odesa and Kyiv regions; Ukrainian drones hit Crimea and Donbas.,155681,84
2026-06-07 20:04:47,rybar,80889,https://t.me/rybar/80889,False,none,none,neu,,176629,82
2026-06-07 20:04:47,rybar,80888,https://t.me/rybar/80888,False,none,none,neu,,190312,81
2026-06-07 20:04:47,rybar,80887,https://t.me/rybar/80887,True,west_nato,negotiations,neg,Iran launched ballistic missiles at Israel; warns of escalated response to further Israeli strikes.,169902,83
2026-06-07 20:24:34,dva_majors,94207,https://t.me/dva_majors/94207,False,none,none,neu,,127626,82
2026-06-07 20:27:20,dva_majors,94208,https://t.me/dva_majors/94208,True,ukraine_strikes_on_russia,drones_on_regions,neu,Sevastopol air defenses intercepted two Ukrainian drones in Leninskii and Balaklava districts.,129477,49
2026-06-07 20:30:33,rybar,80890,https://t.me/rybar/80890,True,west_nato,negotiations,neg,"Trump urges Iran toward negotiations instead of escalation, showing reluctance to continue regional conflict.",182929,88
2026-06-07 20:49:13,vysokygovorit,23087,https://t.me/vysokygovorit/23087,True,west_nato,alliance_politics,pos,Iran demonstrates how to confront weakened declining US hegemony through military action.,118563,262
2026-06-07 21:46:23,rybar,80891,https://t.me/rybar/80891,False,none,none,neu,,277333,47
2026-06-08 03:33:31,dva_majors,94209,https://t.me/dva_majors/94209,False,none,none,neu,,120427,37
2026-06-08 03:34:24,dva_majors,94210,https://t.me/dva_majors/94210,True,strikes_on_ukraine,other,neg,"Ukrainian drones struck Crimea, damaging Moscow-Simferopol train; railway suspended.",208197,602
2026-06-08 04:48:44,wargonzo,34684,https://t.me/wargonzo/34684,True,ukraine_strikes_on_russia,crimea_energy,neg,Ukrainian drones hit Moscow-Simferopol train in Crimea; assistant driver killed.,41276,177
2026-06-08 05:01:58,rusich_army,29881,https://t.me/rusich_army/29881,False,none,none,neu,,94667,12
2026-06-08 05:05:18,rybar,80894,https://t.me/rybar/80894,False,none,none,neu,,198526,70
2026-06-08 05:05:18,rybar,80893,https://t.me/rybar/80893,False,none,none,neu,,200480,70
2026-06-08 05:05:18,rybar,80892,https://t.me/rybar/80892,True,west_nato,other,neu,"Israel ignored Trump's appeal, conducted limited strikes on Iranian targets.",176385,70
2026-06-08 05:18:02,wargonzo,34686,https://t.me/wargonzo/34686,False,none,none,neu,,41693,58
2026-06-08 05:18:02,wargonzo,34685,https://t.me/wargonzo/34685,True,west_nato,other,neu,Iran and Israel exchanged missile strikes; oil prices rose to $96.75 per barrel.,42461,57
2026-06-08 06:00:40,dva_majors,94211,https://t.me/dva_majors/94211,False,none,none,neu,,89315,11
2026-06-08 06:09:01,wargonzo,34694,https://t.me/wargonzo/34694,False,none,none,neu,,44666,63
2026-06-08 06:09:01,wargonzo,34693,https://t.me/wargonzo/34693,False,none,none,neu,,48270,63
2026-06-08 06:09:01,wargonzo,34692,https://t.me/wargonzo/34692,False,none,none,neu,,45232,63
2026-06-08 06:09:01,wargonzo,34691,https://t.me/wargonzo/34691,False,none,none,neu,,37658,63
2026-06-08 06:09:01,wargonzo,34689,https://t.me/wargonzo/34689,False,none,none,neu,,40416,64
2026-06-08 06:09:01,wargonzo,34688,https://t.me/wargonzo/34688,False,none,none,neu,,37881,64
2026-06-08 06:09:01,wargonzo,34687,https://t.me/wargonzo/34687,False,none,none,neu,,33911,63
2026-06-08 06:09:01,wargonzo,34690,https://t.me/wargonzo/34690,True,frontline,other,neu,Russian forces advance on Zaporizhzhia and Donets fronts; battles near Hulyaipole.,38914,63
2026-06-08 06:15:54,sashakots,62219,https://t.me/sashakots/62219,True,ukraine_strikes_on_russia,crimea_energy,neg,"Ukraine targets Crimea logistics; drone hit train, assistant driver killed.",51274,700
2026-06-08 06:23:06,Sladkov_plus,15601,https://t.me/Sladkov_plus/15601,False,none,none,neu,,91886,59
2026-06-08 06:26:36,dva_majors,94213,https://t.me/dva_majors/94213,False,none,none,neu,,134617,472
2026-06-08 06:26:36,dva_majors,94212,https://t.me/dva_majors/94212,True,west_nato,military_aid,neu,Israel secretly deployed elite military units in Azerbaijan for Iran operations.,133546,477
2026-06-08 06:30:11,dva_majors,94214,https://t.me/dva_majors/94214,True,strikes_on_ukraine,other,pos,Russian air defense destroyed 310 Ukrainian drones overnight across multiple regions.,90831,72
2026-06-08 06:34:01,ngp_razvedka,25522,https://t.me/ngp_razvedka/25522,False,none,none,neu,,18268,50
2026-06-08 06:45:19,sashakots,62220,https://t.me/sashakots/62220,True,west_nato,rearmament,neu,French defense industry expands production due to Ukraine conflict.,35736,21
2026-06-08 06:50:06,dva_majors,94215,https://t.me/dva_majors/94215,False,none,none,neu,,92559,4
2026-06-08 06:50:39,dva_majors,94216,https://t.me/dva_majors/94216,True,ukraine_strikes_on_russia,crimea_energy,neg,Train strike halts Crimean railway; passengers redirected via buses from Simferopol.,109672,499
2026-06-08 06:59:59,dva_majors,94217,https://t.me/dva_majors/94217,False,none,none,neu,,96420,3
2026-06-08 07:04:41,rusich_army,29882,https://t.me/rusich_army/29882,True,frontline,other,pos,Russian reconnaissance and artillery destroyed Ukrainian UAV launch position.,87258,33
2026-06-08 07:10:19,sashakots,62221,https://t.me/sashakots/62221,False,none,none,neu,,29002,17
2026-06-08 07:32:19,rybar,80895,https://t.me/rybar/80895,True,ukraine_strikes_on_russia,crimea_energy,neg,Ukrainian drones attacked Moscow-Simferopol train; driver's assistant killed.,203876,482
2026-06-08 07:35:42,sashakots,62224,https://t.me/sashakots/62224,False,none,none,neu,,47178,40
2026-06-08 07:35:42,sashakots,62223,https://t.me/sashakots/62223,False,none,none,neu,,47819,40
2026-06-08 07:35:42,sashakots,62222,https://t.me/sashakots/62222,True,west_nato,other,neu,Iran launched ballistic missiles at Israel; mutual strikes amid 100-day conflict.,43410,41
2026-06-08 07:55:53,Sladkov_plus,15602,https://t.me/Sladkov_plus/15602,True,criticism,army_command,neg,Critic questions why Russian military hasn't destroyed Ukrainian river crossings.,129459,1160
2026-06-08 08:01:53,dva_majors,94218,https://t.me/dva_majors/94218,False,none,none,neu,,99567,264
2026-06-08 08:03:01,wargonzo,34695,https://t.me/wargonzo/34695,True,russia_internal,elite_politics,neu,Armenia's Pashinyan party received 49.81% votes; cannot form government alone.,36296,25
2026-06-08 08:15:00,rybar,80896,https://t.me/rybar/80896,True,russia_internal,elite_politics,neg,Pashinyan's party fell short of 50% despite arrests and administrative pressure.,183273,123
2026-06-08 08:56:38,sashakots,62226,https://t.me/sashakots/62226,True,west_nato,negotiations,neg,"France, UK, Germany propose five peace conditions for Ukraine; Russian analyst criticizes enforcement mechanisms.",34309,75
2026-06-08 09:00:21,dva_majors,94219,https://t.me/dva_majors/94219,True,frontline,kupyansk,pos,Russian forces use Lancet loitering munitions to destroy Ukrainian unmanned boats and light armor in Kharkiv/Sumy regions.,91262,23
2026-06-08 09:06:28,rusich_army,29883,https://t.me/rusich_army/29883,True,ukraine_strikes_on_russia,drones_on_regions,neg,"Ukraine drone attack on Crimea, Krasnodar, Volgograd; 310 drones shot down; railway operations disrupted.",91651,98
2026-06-08 09:07:10,wargonzo,34696,https://t.me/wargonzo/34696,True,frontline,other,pos,Russian drone operators destroy Ukrainian supply truck near Preobrazhenkoe.,35229,25
2026-06-08 09:12:51,Sladkov_plus,15603,https://t.me/Sladkov_plus/15603,True,frontline,kupyansk,pos,"Russian forces liberate Shevchenko, advance toward Kazachia Lopan; 1km progress in Kharkiv direction.",102905,111
2026-06-08 09:21:00,rybar,80897,https://t.me/rybar/80897,True,west_nato,alliance_politics,neu,CNN reports Israel secretly deployed special forces and Mossad to Azerbaijan to monitor Iran during recent conflict.,269649,187
2026-06-08 09:31:01,wargonzo,34697,https://t.me/wargonzo/34697,True,ukraine_strikes_on_russia,other,pos,Ukrainian drone crashes in Moldova with Ukrainian markings; Moldova blames Russia despite unclear origin.,37131,27
2026-06-08 09:40:36,rybar,80898,https://t.me/rybar/80898,True,russia_internal,elite_politics,neg,Armenian electoral commission allegedly adjusts results to exclude opposition party below threshold.,174297,126
2026-06-08 09:40:42,sashakots,62227,https://t.me/sashakots/62227,True,frontline,other,pos,Russian forces liberate Khimik settlement in Donetsk; advance toward Konstantinovka logistical routes.,39290,72
2026-06-08 10:19:00,rybar,80899,https://t.me/rybar/80899,True,russia_internal,economy,pos,Russian Karpinsky Institute signs decade-long geological survey contract with Saudi Arabia.,178036,72
2026-06-08 10:32:06,dva_majors,94228,https://t.me/dva_majors/94228,False,none,none,neu,,99992,64
2026-06-08 10:32:06,dva_majors,94227,https://t.me/dva_majors/94227,False,none,none,neu,,99477,64
2026-06-08 10:32:06,dva_majors,94226,https://t.me/dva_majors/94226,False,none,none,neu,,96797,65
2026-06-08 10:32:06,dva_majors,94225,https://t.me/dva_majors/94225,False,none,none,neu,,97161,64
2026-06-08 10:32:06,dva_majors,94224,https://t.me/dva_majors/94224,False,none,none,neu,,91346,64
2026-06-08 10:32:06,dva_majors,94223,https://t.me/dva_majors/94223,False,none,none,neu,,92640,63
2026-06-08 10:32:06,dva_majors,94222,https://t.me/dva_majors/94222,False,none,none,neu,,93182,64
2026-06-08 10:32:06,dva_majors,94221,https://t.me/dva_majors/94221,False,none,none,neu,,91293,63
2026-06-08 10:32:06,dva_majors,94220,https://t.me/dva_majors/94220,False,none,none,neu,,88911,63
2026-06-08 10:32:07,dva_majors,94229,https://t.me/dva_majors/94229,False,none,none,neu,,93760,63
2026-06-08 10:32:54,sashakots,62228,https://t.me/sashakots/62228,True,frontline,hulyaipole,pos,Russian FPV drone operators disrupt Ukrainian logistics near Orekh; vehicles destroyed along supply routes.,37116,56
2026-06-08 10:33:57,dva_majors,94230,https://t.me/dva_majors/94230,False,none,none,neu,,93574,14
2026-06-08 10:45:00,rybar,80901,https://t.me/rybar/80901,False,none,none,neu,,175195,36
2026-06-08 10:45:00,rybar,80900,https://t.me/rybar/80900,True,west_nato,alliance_politics,neu,Israeli forces continue bombing Iran despite claiming completion; escalation cycle between Israel and Iran continues.,180119,35
2026-06-08 10:50:26,dva_majors,94231,https://t.me/dva_majors/94231,True,west_nato,military_aid,neg,EU expands Operation IRINI to seize Russian shadow fleet tankers; analyst warns of economic blockade risks.,144553,237
2026-06-08 11:03:01,wargonzo,34698,https://t.me/wargonzo/34698,False,none,none,neu,,33835,33
2026-06-08 11:05:01,rusich_army,29884,https://t.me/rusich_army/29884,False,none,none,neu,,105705,91
2026-06-08 11:06:32,dva_majors,94232,https://t.me/dva_majors/94232,True,criticism,government,neg,Kremlin spokesman contradicts itself on negotiations versus terrorism accusations against Ukraine.,165685,393
2026-06-08 11:14:35,dva_majors,94233,https://t.me/dva_majors/94233,False,none,none,neu,,97450,108
2026-06-08 11:25:54,dva_majors,94234,https://t.me/dva_majors/94234,True,russia_internal,economy,neu,Krasnodar region reports fuel availability at major gas station networks despite recent supply disruptions.,116916,144
2026-06-08 11:31:51,dva_majors,94235,https://t.me/dva_majors/94235,True,west_nato,military_aid,neg,EU transfers 5.9 billion euros to Ukraine in June for drone procurement.,90290,171
2026-06-08 11:33:01,wargonzo,34699,https://t.me/wargonzo/34699,False,none,none,neu,,35739,26
2026-06-08 11:40:43,dva_majors,94236,https://t.me/dva_majors/94236,True,west_nato,alliance_politics,neu,CNN reports Israel secretly deployed special forces and Mossad to Azerbaijan during Iran conflict.,92599,53
2026-06-08 11:42:00,rybar,80903,https://t.me/rybar/80903,True,west_nato,alliance_politics,neg,Pentagon raises Israeli counterintelligence threat to maximum; tensions rise in US-Israel alliance.,193867,75
2026-06-08 12:14:53,vysokygovorit,23088,https://t.me/vysokygovorit/23088,True,ukraine_strikes_on_russia,drones_on_regions,neg,Ukrainian drones strike Latvia and Moldova; EU funds 6 billion euros for Ukrainian drone operations.,119763,54
2026-06-08 12:31:01,wargonzo,34701,https://t.me/wargonzo/34701,False,none,none,neu,,51000,567
2026-06-08 12:31:01,wargonzo,34700,https://t.me/wargonzo/34700,True,strikes_on_ukraine,other,neu,Guide on surviving attacks by US Hornet drones on roads in liberated Ukrainian regions.,53100,558
2026-06-08 12:33:54,sashakots,62229,https://t.me/sashakots/62229,True,ukraine_strikes_on_russia,drones_on_regions,neg,Ukrainian drones downed over Latvia and Moldova; West blames Russia regardless of actual origin.,92153,112
2026-06-08 12:36:52,rybar,80904,https://t.me/rybar/80904,True,west_nato,negotiations,neg,"London talks with Zelensky, Macron, Merz on military aid and sanctions against Russia.",181944,59
2026-06-08 12:57:49,ngp_razvedka,25523,https://t.me/ngp_razvedka/25523,False,none,none,neu,,17984,5
2026-06-08 13:24:25,rusich_army,29885,https://t.me/rusich_army/29885,False,none,none,neu,,104430,21
2026-06-08 13:42:00,rybar,80905,https://t.me/rybar/80905,True,west_nato,other,neu,Chinese military operations near Taiwan continue amid disputed maritime boundary negotiations.,188047,52
2026-06-08 13:46:21,dva_majors,94240,https://t.me/dva_majors/94240,False,none,none,neu,,100604,439
2026-06-08 13:46:21,dva_majors,94239,https://t.me/dva_majors/94239,False,none,none,neu,,101341,438
2026-06-08 13:46:21,dva_majors,94238,https://t.me/dva_majors/94238,False,none,none,neu,,98956,438
2026-06-08 13:46:21,dva_majors,94237,https://t.me/dva_majors/94237,True,ukraine_strikes_on_russia,drones_on_regions,neg,"Ukrainian drones attack locomotives in Bryansk region, expanding range and quantity of attacks.",100628,441
2026-06-08 14:01:01,ngp_razvedka,25524,https://t.me/ngp_razvedka/25524,True,criticism,government,neg,Comparison of Mariupol under Russian control versus Ukrainian-held territory highlights infrastructure quality.,25305,48
2026-06-08 14:19:57,epoddubny,27722,https://t.me/epoddubny/27722,True,strikes_on_ukraine,deep_strikes,pos,Russian strikes on Odessa and Kharkiv regions systematically destroy Ukrainian logistics and supply routes.,106064,109
2026-06-08 14:20:29,sashakots,62230,https://t.me/sashakots/62230,True,strikes_on_ukraine,deep_strikes,pos,Russian strikes on Odessa and Kharkiv regions systematically destroy Ukrainian logistics and supply routes.,37581,59
2026-06-08 14:32:01,wargonzo,34702,https://t.me/wargonzo/34702,True,frontline,other,neg,Captured Russian soldier chooses death over captivity; interview describes trauma and sacrifice.,38745,13
2026-06-08 15:01:04,rybar,80906,https://t.me/rybar/80906,True,frontline,other,pos,"Russian forces advance through Konstantinovka, pushing Ukrainian forces north and cutting supply lines.",196164,149
2026-06-08 15:02:50,dva_majors,94241,https://t.me/dva_majors/94241,False,none,none,neu,,97713,73
2026-06-08 15:03:06,rusich_army,29886,https://t.me/rusich_army/29886,True,west_nato,military_aid,neg,"Britain supplied massive military aid to Ukraine including tanks, drones, artillery, and thousands of weapons.",115197,107
2026-06-08 15:17:02,vysokygovorit,23089,https://t.me/vysokygovorit/23089,True,ukraine_strikes_on_russia,other,neg,Ukraine transitioning from drones to missiles as countermeasure; Western weapons delivery planned for autumn.,87240,327
2026-06-08 15:34:01,wargonzo,34704,https://t.me/wargonzo/34704,False,none,none,neu,,39375,27
2026-06-08 15:34:05,dva_majors,94242,https://t.me/dva_majors/94242,False,none,none,neu,,85530,94
2026-06-08 15:40:15,dva_majors,94243,https://t.me/dva_majors/94243,False,none,none,neu,,95363,15
2026-06-08 15:48:02,dva_majors,94253,https://t.me/dva_majors/94253,False,none,none,neu,,105941,77
2026-06-08 15:48:02,dva_majors,94252,https://t.me/dva_majors/94252,False,none,none,neu,,119951,78
2026-06-08 15:48:02,dva_majors,94251,https://t.me/dva_majors/94251,False,none,none,neu,,114634,67
2026-06-08 15:48:02,dva_majors,94250,https://t.me/dva_majors/94250,False,none,none,neu,,101429,77
2026-06-08 15:48:02,dva_majors,94249,https://t.me/dva_majors/94249,False,none,none,neu,,111370,79
2026-06-08 15:48:02,dva_majors,94248,https://t.me/dva_majors/94248,False,none,none,neu,,104935,67
2026-06-08 15:48:02,dva_majors,94247,https://t.me/dva_majors/94247,False,none,none,neu,,100134,67
2026-06-08 15:48:02,dva_majors,94246,https://t.me/dva_majors/94246,False,none,none,neu,,98981,77
2026-06-08 15:48:02,dva_majors,94245,https://t.me/dva_majors/94245,False,none,none,neu,,95981,79
2026-06-08 15:48:02,dva_majors,94244,https://t.me/dva_majors/94244,False,none,none,neu,,94753,67
2026-06-08 16:21:01,epoddubny,27723,https://t.me/epoddubny/27723,True,ukraine_strikes_on_russia,drones_on_regions,neg,Ukrainian drones shot down over Latvia and Moldova; West blames Russia regardless of actual origin.,50467,36
2026-06-08 16:23:00,rybar,80907,https://t.me/rybar/80907,False,none,none,neu,,179614,73
2026-06-08 16:30:39,epoddubny,27724,https://t.me/epoddubny/27724,True,strikes_on_ukraine,other,pos,Bridge strike in Zatoka cuts Ukrainian supply routes for military aid and resources to southern regions.,76182,150
2026-06-08 16:34:22,vysokygovorit,23090,https://t.me/vysokygovorit/23090,True,russia_internal,economy,neg,Social workers in Russia face critically low wages despite important work with vulnerable populations.,225063,18
2026-06-08 16:38:25,dva_majors,94254,https://t.me/dva_majors/94254,True,west_nato,other,neg,"EU authorizes naval fleet to detain Russian shadow fleet vessels, constituting piracy under international law.",108019,122
2026-06-08 16:46:39,sashakots,62233,https://t.me/sashakots/62233,False,none,none,neu,,39009,78
2026-06-08 16:46:39,sashakots,62232,https://t.me/sashakots/62232,False,none,none,neu,,44756,78
2026-06-08 16:46:39,sashakots,62231,https://t.me/sashakots/62231,False,none,none,neu,,32947,79
2026-06-08 17:21:00,rybar,80908,https://t.me/rybar/80908,True,west_nato,other,neu,Trans-Saharan gas pipeline project from Nigeria to Algeria unlikely to threaten Russian interests economically.,176196,60
2026-06-08 17:21:58,dva_majors,94258,https://t.me/dva_majors/94258,False,none,none,neu,,113339,158
2026-06-08 17:21:58,dva_majors,94257,https://t.me/dva_majors/94257,False,none,none,neu,,114252,158
2026-06-08 17:21:58,dva_majors,94256,https://t.me/dva_majors/94256,False,none,none,neu,,111536,158
2026-06-08 17:21:58,dva_majors,94255,https://t.me/dva_majors/94255,False,none,none,neu,,107871,170
2026-06-08 17:23:01,wargonzo,34705,https://t.me/wargonzo/34705,False,none,none,neu,,42770,7
2026-06-08 17:30:59,rusich_army,29889,https://t.me/rusich_army/29889,True,west_nato,other,neu,Iran and Israel exchange missile strikes; unclear damage assessments from both sides reported.,96534,19
2026-06-08 17:31:45,dva_majors,94260,https://t.me/dva_majors/94260,False,none,none,neu,,121916,274
2026-06-08 17:31:45,dva_majors,94259,https://t.me/dva_majors/94259,True,strikes_on_ukraine,other,pos,"Russian combined strikes target Zatoka bridge in Odesa using Iskanders, Geran drones and guided bombs.",116258,280
2026-06-08 17:34:49,sashakots,62234,https://t.me/sashakots/62234,False,none,none,neu,,37154,12
2026-06-08 17:37:41,vysokygovorit,23091,https://t.me/vysokygovorit/23091,False,none,none,neu,,136207,280
2026-06-08 17:41:10,ngp_razvedka,25525,https://t.me/ngp_razvedka/25525,False,none,none,neu,,0,0
2026-06-08 17:45:06,sashakots,62236,https://t.me/sashakots/62236,False,none,none,neu,,44500,174
2026-06-08 17:45:06,sashakots,62235,https://t.me/sashakots/62235,True,strikes_on_ukraine,other,pos,Russian strikes target Zatoka bridge called NATO's main logistics route for military supplies from Romania.,46040,177
2026-06-08 18:04:21,sashakots,62237,https://t.me/sashakots/62237,False,none,none,neu,,44116,18
2026-06-08 18:24:32,rybar,80909,https://t.me/rybar/80909,True,west_nato,other,neu,Argentina's President Milei permits AI to own businesses and operate without human control with low taxes.,178219,190
2026-06-08 18:45:58,dva_majors,94262,https://t.me/dva_majors/94262,False,none,none,neu,,125361,293
2026-06-08 18:45:58,dva_majors,94261,https://t.me/dva_majors/94261,True,ukraine_strikes_on_russia,other,neg,Ukrainian drone struck gas station in Skadovsk; one civilian killed in attack on fueling queue.,129224,294
2026-06-08 19:13:04,rybar,80912,https://t.me/rybar/80912,False,none,none,neu,,197075,93
2026-06-08 19:13:04,rybar,80911,https://t.me/rybar/80911,False,none,none,neu,,197896,93
2026-06-08 19:13:04,rybar,80910,https://t.me/rybar/80910,True,strikes_on_ukraine,fuel_infrastructure,pos,"Russian forces conduct sustained strikes on Zatoka bridge, gas stations in multiple regions and logistics centers.",180434,94
2026-06-08 19:31:11,rybar,80913,https://t.me/rybar/80913,True,west_nato,alliance_politics,neu,Iran-Israel escalation renewed; Houthis block Bab el-Mandeb; Pentagon raises counterintelligence threat from Israel.,185764,32
2026-06-08 19:49:58,dva_majors,94263,https://t.me/dva_majors/94263,False,none,none,neu,,120487,11
2026-06-08 20:01:22,dva_majors,94264,https://t.me/dva_majors/94264,False,none,none,neu,,129338,71
2026-06-08 20:34:21,rybar,80914,https://t.me/rybar/80914,True,west_nato,other,neu,"Digest covering Iran-Israel escalation, Ukrainian attacks on Russian infrastructure and regional developments.",265372,23
2026-06-08 20:48:54,rybar,80915,https://t.me/rybar/80915,True,ukraine_strikes_on_russia,other,pos,Iran closes Strait of Hormuz; Houthis block Bab el-Mandeb for Israel and US-linked vessels.,177582,53
2026-06-08 21:39:04,rybar,80918,https://t.me/rybar/80918,False,none,none,neu,,192914,31
2026-06-08 21:39:04,rybar,80917,https://t.me/rybar/80917,False,none,none,neu,,186040,31
2026-06-08 21:39:04,rybar,80916,https://t.me/rybar/80916,True,west_nato,other,neu,Reports claim Iranian drones attacked US bases in Erbil; unconfirmed by American and Iranian sources.,180521,31
2026-06-09 03:59:02,dva_majors,94265,https://t.me/dva_majors/94265,False,none,none,neu,,118747,29
2026-06-09 04:35:17,Sladkov_plus,15612,https://t.me/Sladkov_plus/15612,False,none,none,neu,,157949,382
2026-06-09 04:35:17,Sladkov_plus,15611,https://t.me/Sladkov_plus/15611,False,none,none,neu,,173897,383
2026-06-09 04:35:17,Sladkov_plus,15610,https://t.me/Sladkov_plus/15610,False,none,none,neu,,161181,385
2026-06-09 04:35:17,Sladkov_plus,15609,https://t.me/Sladkov_plus/15609,True,frontline,other,neu,Roads in newly controlled territories remain dangerous due to Ukrainian drone attacks.,134523,386
2026-06-09 04:46:10,dva_majors,94266,https://t.me/dva_majors/94266,True,ukraine_strikes_on_russia,drones_on_regions,neg,Ukraine attacked Crimea and Russian regions with drones; Russia claimed 140 drones destroyed.,371011,491
2026-06-09 04:53:50,rybar,80919,https://t.me/rybar/80919,True,ukraine_strikes_on_russia,drones_on_regions,neg,Ukraine attacked Crimea and Russian regions with drones; Russia claimed 140 drones destroyed.,171205,93
2026-06-09 04:59:58,rusich_army,29890,https://t.me/rusich_army/29890,False,none,none,neu,,93284,28
2026-06-09 05:06:15,dva_majors,94269,https://t.me/dva_majors/94269,False,none,none,neu,,116233,231
2026-06-09 05:06:15,dva_majors,94268,https://t.me/dva_majors/94268,False,none,none,neu,,118250,237
2026-06-09 05:06:15,dva_majors,94267,https://t.me/dva_majors/94267,True,ukraine_strikes_on_russia,other,neg,Ukraine attacked Crimean bridges after occupation officials announced traffic resumption.,102194,239
2026-06-09 05:08:01,wargonzo,34712,https://t.me/wargonzo/34712,False,none,none,neu,,47401,66
2026-06-09 05:08:01,wargonzo,34711,https://t.me/wargonzo/34711,False,none,none,neu,,50499,66
2026-06-09 05:08:01,wargonzo,34710,https://t.me/wargonzo/34710,False,none,none,neu,,47009,65
2026-06-09 05:08:01,wargonzo,34709,https://t.me/wargonzo/34709,False,none,none,neu,,43928,66
2026-06-09 05:08:01,wargonzo,34708,https://t.me/wargonzo/34708,False,none,none,neu,,43777,66
2026-06-09 05:08:01,wargonzo,34707,https://t.me/wargonzo/34707,False,none,none,neu,,40602,67
2026-06-09 05:08:01,wargonzo,34706,https://t.me/wargonzo/34706,True,frontline,hulyaipole,neu,Russian forces advance toward Novoselovka and conduct battles across multiple frontline sectors.,37555,66
2026-06-09 05:30:23,rybar,80920,https://t.me/rybar/80920,True,west_nato,military_aid,neg,Britain shifts Operation Interflex from mass infantry training to specialist courses for Ukrainian forces.,181391,63
2026-06-09 05:39:02,dva_majors,94270,https://t.me/dva_majors/94270,False,none,none,neu,,101440,83
2026-06-09 05:59:58,rusich_army,29891,https://t.me/rusich_army/29891,False,none,none,neu,,88164,25
2026-06-09 06:01:54,dva_majors,94271,https://t.me/dva_majors/94271,False,none,none,neu,,89881,0
2026-06-09 06:07:50,sashakots,62238,https://t.me/sashakots/62238,True,west_nato,rearmament,pos,German and French leaders abandon joint next-generation fighter aircraft development project.,45680,25
2026-06-09 06:10:16,dva_majors,94272,https://t.me/dva_majors/94272,True,west_nato,alliance_politics,neg,EU promises economic support to Armenian PM Pashinyan after election victory; closer Armenia-EU integration.,109048,86
2026-06-09 06:48:32,dva_majors,94273,https://t.me/dva_majors/94273,True,russia_internal,security_cases,neg,Car bombing in Moscow suburb kills driver; suspected Ukrainian terrorist attack targeting military personnel.,114735,492
2026-06-09 06:49:06,rybar,80921,https://t.me/rybar/80921,True,russia_internal,economy,neg,Russia establishes fuel crisis management taskforce to address energy deficits from drone attacks.,191971,245
2026-06-09 06:51:53,Sladkov_plus,15613,https://t.me/Sladkov_plus/15613,False,none,none,neu,,90835,129
2026-06-09 06:59:59,dva_majors,94274,https://t.me/dva_majors/94274,False,none,none,neu,,109880,0
2026-06-09 07:01:01,rusich_army,29893,https://t.me/rusich_army/29893,False,none,none,neu,,62314,148
2026-06-09 07:01:01,rusich_army,29892,https://t.me/rusich_army/29892,True,russia_internal,security_cases,neg,Car bombing in Moscow suburb killed driver; suspected Ukrainian SBU terror attack on military target.,92633,148
2026-06-09 07:13:02,wargonzo,34717,https://t.me/wargonzo/34717,False,none,none,neu,,41503,71
2026-06-09 07:13:02,wargonzo,34716,https://t.me/wargonzo/34716,False,none,none,neu,,43690,71
2026-06-09 07:13:02,wargonzo,34715,https://t.me/wargonzo/34715,False,none,none,neu,,44928,72
2026-06-09 07:13:02,wargonzo,34714,https://t.me/wargonzo/34714,False,none,none,neu,,40292,71
2026-06-09 07:13:02,wargonzo,34713,https://t.me/wargonzo/34713,True,strikes_on_ukraine,fuel_infrastructure,pos,Russian drones attack Ukrainian fuel infrastructure and logistics routes; causing supply disruptions.,38373,71
2026-06-09 07:31:45,dva_majors,94275,https://t.me/dva_majors/94275,True,west_nato,other,neg,Latvia blocks Wildberries and Russian media outlets for promoting Russian symbols and positivity.,112265,116
2026-06-09 08:04:01,wargonzo,34718,https://t.me/wargonzo/34718,True,ukraine_strikes_on_russia,other,neg,Ukraine drone attacked Crimean bridge to Dzhankoy checkpoint; crossing temporarily closed.,44234,103
2026-06-09 08:05:04,dva_majors,94276,https://t.me/dva_majors/94276,True,west_nato,military_aid,neg,Moldova plans constitutional changes to enable military production partnerships and Ukrainian drone manufacturing.,201181,381
2026-06-09 08:06:56,rybar,80922,https://t.me/rybar/80922,True,russia_internal,security_cases,neg,Car bombing in Moscow suburbs kills driver; suspected Ukrainian terrorist attack investigation underway.,186760,208
2026-06-09 08:23:29,sashakots,62239,https://t.me/sashakots/62239,True,frontline,other,neg,Ukrainian forces in Konstantinovka face encirclement and deteriorating defensive positions from Russian troops.,39040,113
2026-06-09 08:35:08,dva_majors,94277,https://t.me/dva_majors/94277,False,none,none,neu,,281970,8534
2026-06-09 08:57:48,vysokygovorit,23092,https://t.me/vysokygovorit/23092,True,west_nato,military_aid,neg,US company uses Pokemon GO location scans to train military drones for GPS-independent target acquisition.,95671,715
2026-06-09 08:59:58,rusich_army,29894,https://t.me/rusich_army/29894,False,none,none,neu,,588408,302
2026-06-09 09:00:55,dva_majors,94278,https://t.me/dva_majors/94278,True,criticism,army_command,neg,Honest general killed; corrupt officers unpunished during four-year war.,134529,1514
2026-06-09 09:05:06,rybar,80923,https://t.me/rybar/80923,True,west_nato,other,pos,"Iran conflict drives aviation fuel prices up sharply, pressuring US airlines.",172580,70
2026-06-09 09:23:02,rybar,80924,https://t.me/rybar/80924,True,west_nato,alliance_politics,pos,European leaders face historic unpopularity with failed approval ratings.,175385,65
2026-06-09 09:30:44,Sladkov_plus,15621,https://t.me/Sladkov_plus/15621,False,none,none,neu,,104916,126
2026-06-09 09:30:44,Sladkov_plus,15620,https://t.me/Sladkov_plus/15620,False,none,none,neu,,123801,124
2026-06-09 09:30:44,Sladkov_plus,15619,https://t.me/Sladkov_plus/15619,False,none,none,neu,,105864,125
2026-06-09 09:30:44,Sladkov_plus,15618,https://t.me/Sladkov_plus/15618,True,russia_internal,ideology_society,pos,Volunteer wounded fighter sacrificed himself covering retreat in 2014 Donbas.,94313,127
2026-06-09 09:42:06,ngp_razvedka,25526,https://t.me/ngp_razvedka/25526,True,ukraine_strikes_on_russia,drones_on_regions,neg,Kharkiv struck overnight; warning signal that enemy continues preparations.,18849,61
2026-06-09 10:07:39,ngp_razvedka,25527,https://t.me/ngp_razvedka/25527,True,west_nato,negotiations,neg,"Zelensky demanded money from Abramovich during Kyiv meeting, claims source.",17875,36
2026-06-09 10:09:28,sashakots,62240,https://t.me/sashakots/62240,True,frontline,kupyansk,pos,"Russian forces capture Shevchenko village, advance toward Kazacha Lopan.",72318,257
2026-06-09 10:17:01,wargonzo,34719,https://t.me/wargonzo/34719,True,ukraine_strikes_on_russia,drones_on_regions,neg,Four Azerbaijani sailors killed in drone attack on ships in Taganrog Gulf.,44178,45
2026-06-09 10:29:08,rybar,80925,https://t.me/rybar/80925,True,west_nato,alliance_politics,neu,Reports of Israeli surveillance on White House reveal US-Israel tensions over Iran.,186905,40
2026-06-09 10:34:04,vysokygovorit,23093,https://t.me/vysokygovorit/23093,False,none,none,neu,,113307,28
2026-06-09 11:01:01,rusich_army,29896,https://t.me/rusich_army/29896,True,ukraine_strikes_on_russia,drones_on_regions,neu,"Ukraine drones strike multiple Russian regions; 359 destroyed, logistics disrupted.",78503,60
2026-06-09 11:24:25,dva_majors,94280,https://t.me/dva_majors/94280,False,none,none,neu,,112869,38
2026-06-09 11:48:24,sashakots,62241,https://t.me/sashakots/62241,True,frontline,pokrovsk,pos,Drone warfare near Dobropolya threatens Ukrainian logistics and encircles key cities.,93747,71
2026-06-09 11:59:20,rybar,80926,https://t.me/rybar/80926,True,russia_internal,economy,pos,"Russian United Shipbuilding delivered 50 ships in 2025, record icebreaker delivered.",182081,60
2026-06-09 12:21:37,wargonzo,34720,https://t.me/wargonzo/34720,False,none,none,neu,,42073,9
2026-06-09 12:23:01,rybar,80927,https://t.me/rybar/80927,True,russia_internal,ideology_society,neu,"Growing online negativity reflects psychological filtering, not actual societal decline.",197474,310
2026-06-09 12:45:53,rusich_army,29897,https://t.me/rusich_army/29897,True,west_nato,military_aid,neg,Moldova plans constitutional changes to enable drone production with Ukrainian partners.,75161,92
2026-06-09 12:57:53,dva_majors,94281,https://t.me/dva_majors/94281,True,west_nato,other,neg,EU 21st sanctions package imposes lifetime entry ban for Russian military personnel.,115443,139
2026-06-09 13:05:44,rusich_army,29898,https://t.me/rusich_army/29898,False,none,none,neu,,87052,23
2026-06-09 13:27:51,sashakots,62242,https://t.me/sashakots/62242,True,west_nato,other,neg,EU threatens sanctions on Russian ports; Western gradual approach backfires economically.,36975,84
2026-06-09 13:32:36,rybar,80928,https://t.me/rybar/80928,True,russia_internal,security_cases,neu,FSB prevents terrorist attack planned by extremist in Ulyanovsk prison facility.,175461,67
2026-06-09 13:38:21,rybar,80929,https://t.me/rybar/80929,True,russia_internal,economy,pos,"Roblox complies with Russian regulations, platform to be unblocked by authorities.",440015,486
2026-06-09 13:38:28,ngp_razvedka,25528,https://t.me/ngp_razvedka/25528,False,none,none,neu,,16672,16
2026-06-09 13:44:10,vysokygovorit,23094,https://t.me/vysokygovorit/23094,True,frontline,other,pos,Ukraine lacks military means for decisive victory despite Zelensky's summer offensive claims.,129484,496
2026-06-09 14:25:32,wargonzo,34721,https://t.me/wargonzo/34721,True,west_nato,military_aid,pos,"Bulgaria stops supplying weapons to Ukraine, citing need for peace negotiations instead.",45678,36
2026-06-09 14:27:40,sashakots,62243,https://t.me/sashakots/62243,True,west_nato,military_aid,neu,"US unmanned vessel rescues AH-64 Apache crew, demonstrating efficient force deployment in region.",42084,82
2026-06-09 14:28:22,vysokygovorit,23095,https://t.me/vysokygovorit/23095,False,none,none,neu,,85711,50
2026-06-09 14:33:32,rybar,80930,https://t.me/rybar/80930,True,west_nato,other,neg,Pokemon Go provided 30 billion 3D scans to US military contractors for AI-guided drone targeting systems.,173831,1080
2026-06-09 14:58:58,dva_majors,94282,https://t.me/dva_majors/94282,False,none,none,neu,,108710,85
2026-06-09 15:01:03,rusich_army,29899,https://t.me/rusich_army/29899,True,frontline,pokrovsk,pos,Russian forces expand control near Grishino and Udachne on Pokrovsk direction with positional gains.,101329,51
2026-06-09 15:04:08,sashakots,62244,https://t.me/sashakots/62244,True,west_nato,military_aid,pos,"Bulgaria halts weapons supplies to Ukraine, having previously provided tanks, artillery, and 30% of ammunition.",34880,60
2026-06-09 15:14:58,dva_majors,94292,https://t.me/dva_majors/94292,False,none,none,neu,,113288,80
2026-06-09 15:14:58,dva_majors,94291,https://t.me/dva_majors/94291,False,none,none,neu,,121335,88
2026-06-09 15:14:58,dva_majors,94290,https://t.me/dva_majors/94290,False,none,none,neu,,121510,81
2026-06-09 15:14:58,dva_majors,94289,https://t.me/dva_majors/94289,False,none,none,neu,,108476,81
2026-06-09 15:14:58,dva_majors,94288,https://t.me/dva_majors/94288,False,none,none,neu,,116523,90
2026-06-09 15:14:58,dva_majors,94287,https://t.me/dva_majors/94287,False,none,none,neu,,111616,81
2026-06-09 15:14:58,dva_majors,94286,https://t.me/dva_majors/94286,False,none,none,neu,,111441,83
2026-06-09 15:14:58,dva_majors,94285,https://t.me/dva_majors/94285,False,none,none,neu,,104670,81
2026-06-09 15:14:58,dva_majors,94284,https://t.me/dva_majors/94284,False,none,none,neu,,103827,85
2026-06-09 15:14:58,dva_majors,94283,https://t.me/dva_majors/94283,False,none,none,neu,,106728,83
2026-06-09 15:19:05,epoddubny,27725,https://t.me/epoddubny/27725,True,frontline,pokrovsk,pos,Russian drones conducting intensive operations near Dobropoyle; breakthrough could encircle Kramatorsk-Sloviansk and cut Ukrainian supply routes.,58146,33
2026-06-09 15:21:34,rybar,80931,https://t.me/rybar/80931,True,west_nato,military_aid,pos,Bulgaria's weapons halt reflects European fatigue; 2025 ammunition deficit explains shift away from Ukraine support.,178540,76
2026-06-09 15:59:58,dva_majors,94296,https://t.me/dva_majors/94296,False,none,none,neu,,178755,377
2026-06-09 15:59:58,dva_majors,94295,https://t.me/dva_majors/94295,False,none,none,neu,,188049,379
2026-06-09 15:59:58,dva_majors,94294,https://t.me/dva_majors/94294,False,none,none,neu,,184075,381
2026-06-09 15:59:58,dva_majors,94293,https://t.me/dva_majors/94293,True,strikes_on_ukraine,other,pos,"Russian glide bombs with guidance modules strike Hulyaipole area; 241 daily strikes in May, up 8% monthly.",166702,381
2026-06-09 16:04:16,sashakots,62245,https://t.me/sashakots/62245,True,ukraine_strikes_on_russia,drones_on_regions,neg,Zelensky threatens 600 drones and missiles on Russian territory; Ukrainian counterattacks lack actual breakthrough.,37668,130
2026-06-09 16:08:58,wargonzo,34722,https://t.me/wargonzo/34722,False,none,none,neu,,43218,7
2026-06-09 16:31:55,rybar,80932,https://t.me/rybar/80932,False,none,none,neu,,167158,172
2026-06-09 16:44:03,ngp_razvedka,25529,https://t.me/ngp_razvedka/25529,True,russia_internal,security_cases,neg,Ukrainian citizen detained for IED attack on Russian colonel; post advocates harsh treatment of perpetrators.,18794,157
2026-06-09 16:50:18,rybar,80933,https://t.me/rybar/80933,True,ukraine_strikes_on_russia,other,neu,Russian forces attack Zatoka bridge multiple times; drone strikes of contested strategic importance to supply routes.,171735,106
2026-06-09 16:59:01,sashakots,62246,https://t.me/sashakots/62246,False,none,none,neu,,41885,23
2026-06-09 17:04:44,rusich_army,29900,https://t.me/rusich_army/29900,False,none,none,neu,,101204,113
2026-06-09 17:14:55,Sladkov_plus,15622,https://t.me/Sladkov_plus/15622,False,none,none,neu,,98803,183
2026-06-09 17:15:12,rybar,80934,https://t.me/rybar/80934,True,frontline,other,pos,"Russian forces advance in Konstantinovka city, capturing chemical plant and multiple neighborhoods.",175886,124
2026-06-09 17:25:30,dva_majors,94297,https://t.me/dva_majors/94297,True,west_nato,other,pos,Iran downs US AH-64 Apache helicopter over Hormuz Strait; Trump threatens response to Iranian military action.,132947,364
2026-06-09 17:28:01,rybar,80935,https://t.me/rybar/80935,True,frontline,other,neu,Russian forces advance despite difficult positions at Konstantinovka and Chasiv Yar; Ukraine responds with terrorist attack.,180837,19
2026-06-09 17:35:34,sashakots,62247,https://t.me/sashakots/62247,False,none,none,neu,,38178,14
2026-06-09 17:40:58,sashakots,62248,https://t.me/sashakots/62248,False,none,none,neu,,41200,14
2026-06-09 17:43:28,wargonzo,34723,https://t.me/wargonzo/34723,True,west_nato,negotiations,neg,Western leaders propose peace terms requiring Ukraine security guarantees and frozen Russian assets—unacceptable to Russia.,46867,20
2026-06-09 18:03:01,rybar,80936,https://t.me/rybar/80936,True,frontline,kupyansk,pos,"Russian forces advance near Volchansk, securing new positions and improving tactical situation on Burluk direction.",204055,133
2026-06-09 19:06:52,dva_majors,94298,https://t.me/dva_majors/94298,True,ukraine_strikes_on_russia,drones_on_regions,neg,Russia intercepted 292 Ukrainian drones; air defense efforts strain existing command structures.,123415,115
2026-06-09 19:42:46,dva_majors,94301,https://t.me/dva_majors/94301,False,none,none,neu,,122226,804
2026-06-09 19:42:46,dva_majors,94300,https://t.me/dva_majors/94300,False,none,none,neu,,127569,802
2026-06-09 19:42:46,dva_majors,94299,https://t.me/dva_majors/94299,True,criticism,government,neg,Civilian video of air defense positions compromises military operations and endangers Adler residents.,123922,814
2026-06-09 19:49:58,dva_majors,94302,https://t.me/dva_majors/94302,False,none,none,neu,,123299,11
2026-06-09 20:02:58,rybar,80937,https://t.me/rybar/80937,False,none,none,neu,,273312,25
2026-06-09 20:30:24,Sladkov_plus,15623,https://t.me/Sladkov_plus/15623,False,none,none,neu,,99392,102
2026-06-09 20:32:25,ngp_razvedka,25530,https://t.me/ngp_razvedka/25530,True,criticism,other,neg,Russian insiders and Ukrainian propagandists spread false claims about general deaths for political gains.,17548,59
2026-06-09 21:01:34,rybar,80942,https://t.me/rybar/80942,False,none,none,neu,,193616,103
2026-06-09 21:01:34,rybar,80941,https://t.me/rybar/80941,False,none,none,neu,,192919,115
2026-06-09 21:01:34,rybar,80940,https://t.me/rybar/80940,False,none,none,neu,,190793,103
2026-06-09 21:01:34,rybar,80939,https://t.me/rybar/80939,False,none,none,neu,,187276,103
2026-06-09 21:01:34,rybar,80938,https://t.me/rybar/80938,True,frontline,other,neu,Russian strikes hit Ukrainian energy infrastructure; fighting continues across multiple frontline sectors.,182591,103
2026-06-09 22:36:38,ngp_razvedka,25531,https://t.me/ngp_razvedka/25531,True,criticism,government,neg,Mirror reprisal measures against saboteurs risk destabilizing society post-war compared to Ukrainian approach.,21542,56
2026-06-10 03:17:29,dva_majors,94303,https://t.me/dva_majors/94303,False,none,none,neu,,112037,44
2026-06-10 03:17:36,dva_majors,94304,https://t.me/dva_majors/94304,True,ukraine_strikes_on_russia,other,neg,Ukrainian drone damaged Sevastopol Panorama museum; governor vows restoration.,123942,259
2026-06-10 04:07:26,dva_majors,94305,https://t.me/dva_majors/94305,True,ukraine_strikes_on_russia,drones_on_regions,neg,Ukraine struck multiple Russian regions; air defenses claimed 8 drones destroyed near Moscow.,365273,694
2026-06-10 04:28:38,rusich_army,29902,https://t.me/rusich_army/29902,False,none,none,neu,,66063,20
2026-06-10 04:28:38,rusich_army,29901,https://t.me/rusich_army/29901,False,none,none,neu,,101746,20
2026-06-10 04:37:21,rybar,80943,https://t.me/rybar/80943,True,ukraine_strikes_on_russia,drones_on_regions,neg,Ukraine struck multiple Russian regions; air defenses claimed 8 drones destroyed near Moscow.,174533,98
2026-06-10 04:44:07,wargonzo,34724,https://t.me/wargonzo/34724,True,ukraine_strikes_on_russia,other,neg,Ukraine attempted strikes on Kherson region bridges; eight districts lost power from drone attacks.,43761,126
2026-06-10 04:58:37,dva_majors,94306,https://t.me/dva_majors/94306,True,ukraine_strikes_on_russia,drones_on_regions,pos,Russian air defense destroyed 326 Ukrainian drones over Russian territory overnight.,102022,77
2026-06-10 04:59:58,rybar,80944,https://t.me/rybar/80944,True,frontline,kupyansk,pos,"Russian forces captured villages in Kharkiv-Sumy border area, approaching Kazachya Lopan.",189701,122
2026-06-10 05:04:57,dva_majors,94307,https://t.me/dva_majors/94307,False,none,none,neu,,84681,2
2026-06-10 05:15:07,dva_majors,94308,https://t.me/dva_majors/94308,True,west_nato,military_aid,pos,"Bulgaria halts military aid to Ukraine, citing war is unwinnable via weapons alone.",105671,157
2026-06-10 05:38:01,wargonzo,34731,https://t.me/wargonzo/34731,False,none,none,neu,,44445,55
2026-06-10 05:38:01,wargonzo,34730,https://t.me/wargonzo/34730,False,none,none,neu,,48259,54
2026-06-10 05:38:01,wargonzo,34729,https://t.me/wargonzo/34729,False,none,none,neu,,45679,54
2026-06-10 05:38:01,wargonzo,34728,https://t.me/wargonzo/34728,False,none,none,neu,,40481,54
2026-06-10 05:38:01,wargonzo,34727,https://t.me/wargonzo/34727,False,none,none,neu,,39904,56
2026-06-10 05:38:01,wargonzo,34726,https://t.me/wargonzo/34726,False,none,none,neu,,38713,55
2026-06-10 05:38:01,wargonzo,34725,https://t.me/wargonzo/34725,True,frontline,hulyaipole,pos,"Russian forces advance on Zaporizhzhia and Donbas fronts, gaining ground near Konstantinovka.",38565,54
2026-06-10 05:40:11,epoddubny,27726,https://t.me/epoddubny/27726,True,ukraine_strikes_on_russia,other,neg,Ukraine concentrated strikes on Crimea including Sevastopol museum; using Western-supplied drones.,52667,103
2026-06-10 06:15:17,sashakots,62249,https://t.me/sashakots/62249,True,ukraine_strikes_on_russia,other,neg,Ukrainian drone damaged historic Sevastopol Panorama museum; compared to Nazi destruction in 1942.,76865,1233
2026-06-10 06:26:36,wargonzo,34733,https://t.me/wargonzo/34733,False,none,none,neu,,46980,129
2026-06-10 06:26:36,wargonzo,34732,https://t.me/wargonzo/34732,True,ukraine_strikes_on_russia,other,neg,Ukrainian drone damaged Sevastopol Panorama museum; governor pledges restoration despite damage.,46309,129
2026-06-10 06:28:32,dva_majors,94309,https://t.me/dva_majors/94309,True,ukraine_strikes_on_russia,other,neg,Ukrainian drone likely destroyed historic Sevastopol Panorama painting despite wartime rescue efforts.,253820,2823
2026-06-10 06:33:17,rybar,80950,https://t.me/rybar/80950,False,none,none,neu,,172661,36
2026-06-10 06:33:17,rybar,80949,https://t.me/rybar/80949,False,none,none,neu,,179271,36
2026-06-10 06:33:17,rybar,80948,https://t.me/rybar/80948,True,west_nato,alliance_politics,neu,US struck Iranian military targets; Iran retaliated with missiles and drones at regional US bases.,169850,36
2026-06-10 06:48:01,epoddubny,27735,https://t.me/epoddubny/27735,False,none,none,neu,,48731,18
2026-06-10 06:48:01,epoddubny,27734,https://t.me/epoddubny/27734,False,none,none,neu,,54607,18
2026-06-10 06:48:01,epoddubny,27733,https://t.me/epoddubny/27733,False,none,none,neu,,62573,19
2026-06-10 06:48:01,epoddubny,27732,https://t.me/epoddubny/27732,False,none,none,neu,,47895,18
2026-06-10 06:48:01,epoddubny,27731,https://t.me/epoddubny/27731,False,none,none,neu,,55399,18
2026-06-10 06:48:01,epoddubny,27730,https://t.me/epoddubny/27730,False,none,none,neu,,52947,18
2026-06-10 06:48:01,epoddubny,27729,https://t.me/epoddubny/27729,False,none,none,neu,,50568,18
2026-06-10 06:48:01,epoddubny,27728,https://t.me/epoddubny/27728,False,none,none,neu,,48338,18
2026-06-10 06:48:01,epoddubny,27727,https://t.me/epoddubny/27727,False,none,none,neu,,44727,19
2026-06-10 06:50:52,rusich_army,29903,https://t.me/rusich_army/29903,True,ukraine_strikes_on_russia,drones_on_regions,neg,Ukraine destroyed 618 drones across two days; used new Flamingo cruise missiles against Russian regions.,93729,133
2026-06-10 06:51:53,dva_majors,94310,https://t.me/dva_majors/94310,True,ukraine_strikes_on_russia,drones_on_regions,neg,Ukrainian Flamingo cruise missile traveled 1000km to strike Cheboksary; raises nuclear concern.,109569,1343
2026-06-10 06:59:59,dva_majors,94311,https://t.me/dva_majors/94311,False,none,none,neu,,88134,1
2026-06-10 07:00:00,vysokygovorit,23096,https://t.me/vysokygovorit/23096,False,none,none,neu,,80122,58
2026-06-10 07:05:08,rybar,80951,https://t.me/rybar/80951,False,none,none,neu,,156560,55
2026-06-10 07:08:10,dva_majors,94312,https://t.me/dva_majors/94312,False,none,none,neu,,84334,75
2026-06-10 07:09:58,dva_majors,94313,https://t.me/dva_majors/94313,False,none,none,neu,,84760,63
2026-06-10 07:10:14,dva_majors,94314,https://t.me/dva_majors/94314,False,none,none,neu,,87845,1
2026-06-10 07:14:41,sashakots,62250,https://t.me/sashakots/62250,False,none,none,neu,,36363,16
2026-06-10 07:15:11,dva_majors,94315,https://t.me/dva_majors/94315,False,none,none,neu,,94494,29
2026-06-10 07:18:27,rybar,80955,https://t.me/rybar/80955,False,none,none,neu,,176666,92
2026-06-10 07:18:27,rybar,80954,https://t.me/rybar/80954,False,none,none,neu,,186879,92
2026-06-10 07:18:27,rybar,80953,https://t.me/rybar/80953,False,none,none,neu,,180486,92
2026-06-10 07:18:27,rybar,80952,https://t.me/rybar/80952,False,none,none,neu,,174397,92
2026-06-10 07:30:40,sashakots,62259,https://t.me/sashakots/62259,False,none,none,neu,,33977,11
2026-06-10 07:30:40,sashakots,62258,https://t.me/sashakots/62258,False,none,none,neu,,37844,11
2026-06-10 07:30:40,sashakots,62257,https://t.me/sashakots/62257,False,none,none,neu,,39079,11
2026-06-10 07:30:40,sashakots,62256,https://t.me/sashakots/62256,False,none,none,neu,,33579,11
2026-06-10 07:30:40,sashakots,62255,https://t.me/sashakots/62255,False,none,none,neu,,35696,11
2026-06-10 07:30:40,sashakots,62254,https://t.me/sashakots/62254,False,none,none,neu,,34844,11
2026-06-10 07:30:40,sashakots,62253,https://t.me/sashakots/62253,False,none,none,neu,,33281,11
2026-06-10 07:30:40,sashakots,62252,https://t.me/sashakots/62252,False,none,none,neu,,32744,12
2026-06-10 07:30:40,sashakots,62251,https://t.me/sashakots/62251,False,none,none,neu,,31998,11
2026-06-10 07:32:54,dva_majors,94316,https://t.me/dva_majors/94316,False,none,none,neu,,93911,186
2026-06-10 07:37:31,epoddubny,27736,https://t.me/epoddubny/27736,True,ukraine_strikes_on_russia,other,pos,Ukraine's terror attacks on civilian infrastructure will strengthen Russian society rather than weaken it.,67278,66
2026-06-10 08:05:09,dva_majors,94326,https://t.me/dva_majors/94326,False,none,none,neu,,96032,87
2026-06-10 08:05:09,dva_majors,94325,https://t.me/dva_majors/94325,False,none,none,neu,,108985,88
2026-06-10 08:05:09,dva_majors,94324,https://t.me/dva_majors/94324,False,none,none,neu,,102216,74
2026-06-10 08:05:09,dva_majors,94323,https://t.me/dva_majors/94323,False,none,none,neu,,99548,77
2026-06-10 08:05:09,dva_majors,94322,https://t.me/dva_majors/94322,False,none,none,neu,,98293,74
2026-06-10 08:05:09,dva_majors,94321,https://t.me/dva_majors/94321,False,none,none,neu,,99683,75
2026-06-10 08:05:09,dva_majors,94320,https://t.me/dva_majors/94320,False,none,none,neu,,97161,74
2026-06-10 08:05:09,dva_majors,94319,https://t.me/dva_majors/94319,False,none,none,neu,,95780,74
2026-06-10 08:05:09,dva_majors,94318,https://t.me/dva_majors/94318,False,none,none,neu,,91768,75
2026-06-10 08:05:09,dva_majors,94317,https://t.me/dva_majors/94317,False,none,none,neu,,93019,75
2026-06-10 08:25:12,wargonzo,34734,https://t.me/wargonzo/34734,True,west_nato,other,pos,Iran launches successful missile strikes against US military bases across Middle East; Trump's peace deal confidence weakens.,54720,52
2026-06-10 08:25:18,rybar,80956,https://t.me/rybar/80956,True,ukraine_strikes_on_russia,other,neg,Ukraine attacks Franz Rubeau panorama in Sevastopol; calls for systematic strategic response rather than reactive retaliation.,271000,402
2026-06-10 08:47:16,vysokygovorit,23098,https://t.me/vysokygovorit/23098,True,criticism,government,neg,Ukraine lacks cultural symbols; Russia should strike Ukrainian targets with overwhelming force instead of UN complaints.,78381,161
2026-06-10 08:51:50,vysokygovorit,23099,https://t.me/vysokygovorit/23099,True,ukraine_strikes_on_russia,other,neg,Ukraine attacks Franz Rubeau panorama in Sevastopol; Russia should adopt systematic strategy instead of reactive responses.,66122,110
2026-06-10 09:02:16,rusich_army,29904,https://t.me/rusich_army/29904,False,none,none,neu,,83897,38
2026-06-10 09:04:43,rybar,80957,https://t.me/rybar/80957,True,west_nato,alliance_politics,pos,American journalist Candace Owens praises Russia after visiting Moscow; claims Western anti-Russia narrative is false propaganda.,182507,229
2026-06-10 09:09:01,sashakots,62260,https://t.me/sashakots/62260,True,strikes_on_ukraine,other,pos,Ukraine strikes Russian defense plant in Cheboksary with British-supplied FP-5 missiles; escalation expected as Kiev gets weapons approval.,47913,441
2026-06-10 09:34:10,Sladkov_plus,15624,https://t.me/Sladkov_plus/15624,True,russia_internal,economy,neg,Russian blogger questions drone manufacturing corruption; suggests investing in North Korea's UAV production instead.,163409,600
2026-06-10 09:36:40,dva_majors,94327,https://t.me/dva_majors/94327,False,none,none,neu,,80840,555
2026-06-10 09:38:02,dva_majors,94330,https://t.me/dva_majors/94330,False,none,none,neu,,88903,125
2026-06-10 09:38:02,dva_majors,94329,https://t.me/dva_majors/94329,False,none,none,neu,,93129,125
2026-06-10 09:38:02,dva_majors,94328,https://t.me/dva_majors/94328,True,ukraine_strikes_on_russia,drones_on_regions,neu,Ukrainian drone attacked passenger bus in Zaporizhzhia; eight passengers safely evacuated without casualties.,89704,125
2026-06-10 09:40:49,epoddubny,27737,https://t.me/epoddubny/27737,True,ukraine_strikes_on_russia,drones_on_regions,neg,Ukraine conducts 'logistics lockdown' operation against Russian rear areas and Crimea using drones at 50-90 km depth.,63259,53
2026-06-10 09:47:13,Sladkov_plus,15625,https://t.me/Sladkov_plus/15625,False,none,none,neu,,99664,74
2026-06-10 09:50:13,dva_majors,94331,https://t.me/dva_majors/94331,False,none,none,neu,,90614,1
2026-06-10 10:18:01,rybar,80958,https://t.me/rybar/80958,True,west_nato,negotiations,neu,Trump administration discusses purchasing Chagos archipelago from Mauritius to maintain US control over Diego Garcia base.,179215,28
2026-06-10 10:25:27,ngp_razvedka,25532,https://t.me/ngp_razvedka/25532,True,ukraine_strikes_on_russia,other,neg,Ukraine strikes Franz Rubeau panorama in Sevastopol; Russia must recognize enemy conducts war of symbols.,20307,42
2026-06-10 10:25:53,sashakots,62261,https://t.me/sashakots/62261,True,frontline,other,pos,Russian forces destroy Argentine CP-30 rocket launcher supplied to Ukraine near Dobropoie direction.,37331,73
2026-06-10 10:26:19,dva_majors,94332,https://t.me/dva_majors/94332,True,frontline,other,pos,Russian drone operators protect critical logistics corridor to Crimea against Ukrainian strike drone attacks.,95296,98
2026-06-10 10:37:57,vysokygovorit,23100,https://t.me/vysokygovorit/23100,True,russia_internal,mobilisation,pos,Russia substantially increases migrant fees; raises foreigner employment costs to regulate labor migration more strictly.,113477,107
2026-06-10 10:38:39,dva_majors,94333,https://t.me/dva_majors/94333,True,west_nato,military_aid,neg,"Russian MFA spokeswoman warns Canada over drone manufacturing support, threatens retaliation and exposure.",96819,176
2026-06-10 11:01:01,rusich_army,29905,https://t.me/rusich_army/29905,True,russia_internal,ideology_society,pos,"Article discusses AI applications in modern warfare including target recognition, drone management, and battlefield decision-making.",86663,80
2026-06-10 11:04:22,sashakots,62262,https://t.me/sashakots/62262,True,russia_internal,security_cases,neg,"Two minors arrested for planting bomb under Moscow car of defense contractor employee, coordinated by Ukrainian handlers.",42088,165
2026-06-10 11:05:00,wargonzo,34735,https://t.me/wargonzo/34735,True,ukraine_strikes_on_russia,drones_on_regions,neg,"Ukrainian drone killed 17-year-old in Luhansk town of Irmino, wounded another teenager in rear area.",38573,62
2026-06-10 11:12:54,epoddubny,27738,https://t.me/epoddubny/27738,True,ukraine_strikes_on_russia,drones_on_regions,neg,"Ukrainian drones attack rear town Irmino in Luhansk, killing teenager on dirt bike in civilian area.",62644,106
2026-06-10 11:25:18,dva_majors,94334,https://t.me/dva_majors/94334,True,criticism,army_command,neg,"Critique of Russian strike campaign strategy: inconsistent targeting, lack of systematic coordination, abandoning objectives mid-campaign.",267688,556
2026-06-10 11:28:15,rybar,80959,https://t.me/rybar/80959,True,criticism,army_command,neg,"Critique of Russian strike campaign strategy: inconsistent targeting, lack of systematic coordination, abandoning objectives mid-campaign.",174278,226
2026-06-10 12:25:11,dva_majors,94335,https://t.me/dva_majors/94335,True,frontline,other,pos,Troops near Krasnolymansk create mobile improvised MLRS system using modified launcher on wheeled chassis.,94223,42
2026-06-10 12:29:28,rusich_army,29908,https://t.me/rusich_army/29908,False,none,none,neu,,77771,83
2026-06-10 12:29:28,rusich_army,29907,https://t.me/rusich_army/29907,False,none,none,neu,,84412,82
2026-06-10 12:29:28,rusich_army,29906,https://t.me/rusich_army/29906,False,none,none,neu,,104188,86
2026-06-10 12:37:01,rybar,80960,https://t.me/rybar/80960,True,russia_internal,mobilisation,pos,Russian parliament passed law protecting foreign volunteers in Russian military from deportation and work restrictions.,888870,397
2026-06-10 12:39:41,sashakots,62263,https://t.me/sashakots/62263,True,russia_internal,security_cases,pos,Ukrainian serviceman's father provided coordinates of Ukrainian military positions from captive son's phone.,33861,95
2026-06-10 12:50:54,sashakots,62264,https://t.me/sashakots/62264,True,frontline,other,pos,"Russian Vega special forces drone unit destroyed 13 heavy drones, protecting assault troops and degrading Ukrainian air supply.",32276,17
2026-06-10 13:04:00,rusich_army,29909,https://t.me/rusich_army/29909,True,russia_internal,ideology_society,pos,"Analysis of US military AI leadership, noting Project Maven and other programs tested in Ukraine and other conflicts.",88580,88
2026-06-10 13:07:59,vysokygovorit,23101,https://t.me/vysokygovorit/23101,False,none,none,neu,,103838,341
2026-06-10 13:09:40,wargonzo,34736,https://t.me/wargonzo/34736,True,ukraine_strikes_on_russia,drones_on_regions,neg,"Ukrainian drone attack killed ambulance driver in Luhansk, part of rising drone attacks on civilian transport and infrastructure.",37137,16
2026-06-10 13:13:24,dva_majors,94340,https://t.me/dva_majors/94340,False,none,none,neu,,93015,191
2026-06-10 13:13:24,dva_majors,94339,https://t.me/dva_majors/94339,False,none,none,neu,,94258,190
2026-06-10 13:13:24,dva_majors,94338,https://t.me/dva_majors/94338,False,none,none,neu,,88978,192
2026-06-10 13:13:24,dva_majors,94337,https://t.me/dva_majors/94337,False,none,none,neu,,86190,192
2026-06-10 13:13:24,dva_majors,94336,https://t.me/dva_majors/94336,False,none,none,neu,,85183,193
2026-06-10 13:31:26,sashakots,62265,https://t.me/sashakots/62265,True,west_nato,military_aid,neg,Ukraine requesting expired Patriot missiles from Europe; outdated munitions danger to operators and civilians.,35328,45
2026-06-10 13:44:58,dva_majors,94350,https://t.me/dva_majors/94350,False,none,none,neu,,89109,53
2026-06-10 13:44:58,dva_majors,94349,https://t.me/dva_majors/94349,False,none,none,neu,,97389,63
2026-06-10 13:44:58,dva_majors,94348,https://t.me/dva_majors/94348,False,none,none,neu,,104424,55
2026-06-10 13:44:58,dva_majors,94347,https://t.me/dva_majors/94347,False,none,none,neu,,89380,53
2026-06-10 13:44:58,dva_majors,94346,https://t.me/dva_majors/94346,False,none,none,neu,,94366,55
2026-06-10 13:44:58,dva_majors,94345,https://t.me/dva_majors/94345,False,none,none,neu,,95312,55
2026-06-10 13:44:58,dva_majors,94344,https://t.me/dva_majors/94344,False,none,none,neu,,91808,53
2026-06-10 13:44:58,dva_majors,94343,https://t.me/dva_majors/94343,False,none,none,neu,,91200,63
2026-06-10 13:44:58,dva_majors,94342,https://t.me/dva_majors/94342,False,none,none,neu,,85415,55
2026-06-10 13:44:58,dva_majors,94341,https://t.me/dva_majors/94341,False,none,none,neu,,84108,63
2026-06-10 13:51:46,dva_majors,94351,https://t.me/dva_majors/94351,True,ukraine_strikes_on_russia,drones_on_regions,neg,Ukrainian attack on Dniprorodnе in Zaporizhzhia killed five civilians including teenager in apartment building courtyard.,105738,56
2026-06-10 14:01:01,wargonzo,34737,https://t.me/wargonzo/34737,False,none,none,neu,,36084,39
2026-06-10 14:02:01,rybar,80961,https://t.me/rybar/80961,True,criticism,government,neg,Article critiques simplistic thinking about conducting sabotage operations on European military-industrial targets.,187975,73
2026-06-10 14:14:30,dva_majors,94352,https://t.me/dva_majors/94352,True,russia_internal,security_cases,pos,Russian president signed law authorizing arrest of property of diaspora Russians committing administrative violations against state interests.,91780,199
2026-06-10 14:32:54,dva_majors,94353,https://t.me/dva_majors/94353,True,russia_internal,economy,neu,Fifteen gas stations in Krasnodar region temporarily suspended fuel sales; additional supplies dispatched to maintain supplies.,97647,302
2026-06-10 14:40:00,dva_majors,94354,https://t.me/dva_majors/94354,False,none,none,neu,,164951,59
2026-06-10 14:40:35,wargonzo,34740,https://t.me/wargonzo/34740,False,none,none,neu,,36847,48
2026-06-10 14:40:35,wargonzo,34739,https://t.me/wargonzo/34739,False,none,none,neu,,34498,48
2026-06-10 14:40:35,wargonzo,34738,https://t.me/wargonzo/34738,True,russia_internal,ideology_society,pos,Russian defense industry showcases autonomous naval systems and drones at Fleet-2026 exhibition in Kronstadt.,31359,50
2026-06-10 14:40:36,wargonzo,34742,https://t.me/wargonzo/34742,False,none,none,neu,,37840,48
2026-06-10 14:40:36,wargonzo,34741,https://t.me/wargonzo/34741,False,none,none,neu,,40654,48
2026-06-10 14:42:32,dva_majors,94355,https://t.me/dva_majors/94355,True,frontline,other,neu,Ukrainian air defense shot down Russian drone near Sumy; four soldiers wounded in incident.,91443,263
2026-06-10 15:01:12,rusich_army,29910,https://t.me/rusich_army/29910,True,frontline,other,pos,"Russian operators conduct rapid counter-attack against enemy mortar unit, destroying position.",81041,15
2026-06-10 15:05:05,dva_majors,94356,https://t.me/dva_majors/94356,False,none,none,neu,,88835,34
2026-06-10 15:20:01,rybar,80962,https://t.me/rybar/80962,True,strikes_on_ukraine,other,neu,Geran drones equipped with Soviet-era air-to-air missiles provide limited but measurable defensive capability.,183931,121
2026-06-10 15:33:43,sashakots,62266,https://t.me/sashakots/62266,True,strikes_on_ukraine,other,pos,Russian strikes systematically damage Odesa port infrastructure; 90% of Ukrainian grain exports threatened.,35111,173
2026-06-10 15:34:33,dva_majors,94366,https://t.me/dva_majors/94366,False,none,none,neu,,91826,60
2026-06-10 15:34:33,dva_majors,94365,https://t.me/dva_majors/94365,False,none,none,neu,,100961,59
2026-06-10 15:34:33,dva_majors,94364,https://t.me/dva_majors/94364,False,none,none,neu,,104574,61
2026-06-10 15:34:33,dva_majors,94363,https://t.me/dva_majors/94363,False,none,none,neu,,92462,60
2026-06-10 15:34:33,dva_majors,94362,https://t.me/dva_majors/94362,False,none,none,neu,,96238,59
2026-06-10 15:34:33,dva_majors,94361,https://t.me/dva_majors/94361,False,none,none,neu,,92347,60
2026-06-10 15:34:33,dva_majors,94360,https://t.me/dva_majors/94360,False,none,none,neu,,90809,60
2026-06-10 15:34:33,dva_majors,94359,https://t.me/dva_majors/94359,False,none,none,neu,,87204,59
2026-06-10 15:34:33,dva_majors,94358,https://t.me/dva_majors/94358,False,none,none,neu,,88485,61
2026-06-10 15:34:33,dva_majors,94357,https://t.me/dva_majors/94357,False,none,none,neu,,85860,62
2026-06-10 15:39:58,dva_majors,94367,https://t.me/dva_majors/94367,True,west_nato,military_aid,neg,Norway allocates 110M euros for Ukrainian maritime drones; post implies NATO weaponizing Ukraine against Russia.,96709,175
2026-06-10 16:03:01,dva_majors,94368,https://t.me/dva_majors/94368,True,frontline,other,pos,Russian forces conduct intense offensive operations at Dobropoillia; bombing and drone strikes confirm destruction.,97779,50
2026-06-10 16:20:59,sashakots,62268,https://t.me/sashakots/62268,False,none,none,neu,,31797,209
2026-06-10 16:20:59,sashakots,62267,https://t.me/sashakots/62267,True,strikes_on_ukraine,other,pos,Russia destroys over 20 Ukrainian locomotives near Korostyshiv; railway junction disrupted by extended drone presence.,33106,212
2026-06-10 16:23:25,wargonzo,34743,https://t.me/wargonzo/34743,True,frontline,other,neg,Ukraine deploys AI-equipped American drones targeting indiscriminately; Russian forces destroy 87+ enemy positions.,39230,53
2026-06-10 16:45:21,rybar,80963,https://t.me/rybar/80963,True,russia_internal,other,neu,Russian Cosmos-2546 satellite likely jamming GPS across Europe in strategic military testing operations.,188841,219
2026-06-10 16:49:46,sashakots,62269,https://t.me/sashakots/62269,False,none,none,neu,,30156,3
2026-06-10 16:58:31,dva_majors,94369,https://t.me/dva_majors/94369,True,criticism,army_command,neg,Soldiers improvise PKM conversion solutions revealing shortage of machine guns critical for anti-drone operations.,101078,118
2026-06-10 16:59:01,sashakots,62272,https://t.me/sashakots/62272,False,none,none,neu,,32084,46
2026-06-10 16:59:01,sashakots,62271,https://t.me/sashakots/62271,False,none,none,neu,,38426,48
2026-06-10 16:59:01,sashakots,62270,https://t.me/sashakots/62270,True,strikes_on_ukraine,other,pos,Post advocates Russian strikes on Ukrainian infrastructure in response to Moscow terror attack.,26651,48
2026-06-10 16:59:58,dva_majors,94370,https://t.me/dva_majors/94370,False,none,none,neu,,106897,386
2026-06-10 17:01:53,rusich_army,29911,https://t.me/rusich_army/29911,True,criticism,government,neg,Yandex navigation platform provides precise Ukrainian military concentration data enabling drone strikes against Russia.,167717,198
2026-06-10 17:30:02,dva_majors,94371,https://t.me/dva_majors/94371,True,strikes_on_ukraine,other,pos,Russian forces strike two cargo ships in Black Sea near Odesa port region.,95772,103
2026-06-10 17:31:02,wargonzo,34744,https://t.me/wargonzo/34744,True,russia_internal,security_cases,pos,Putin signs law enabling asset seizure for citizens making foreign statements against Russian interests.,42276,66
2026-06-10 17:37:59,sashakots,62273,https://t.me/sashakots/62273,False,none,none,neu,,32304,16
2026-06-10 17:38:54,dva_majors,94372,https://t.me/dva_majors/94372,True,frontline,other,pos,Russian drones detect Ukrainian infantry near Primorskoe; incendiary drops eliminate position.,110679,52
2026-06-10 17:43:38,rybar,80964,https://t.me/rybar/80964,True,russia_internal,ideology_society,neu,Video analysis discusses modern Russia image: systemic military approach needed alongside diplomatic and technological efforts.,184088,32
2026-06-10 17:43:46,ngp_razvedka,25533,https://t.me/ngp_razvedka/25533,False,none,none,neu,,20625,1
2026-06-10 17:44:00,sashakots,62275,https://t.me/sashakots/62275,False,none,none,neu,,37012,69
2026-06-10 17:44:00,sashakots,62274,https://t.me/sashakots/62274,True,strikes_on_ukraine,other,pos,Russian forces strike Kharkiv Special Machines Factory producing Ukrainian armored vehicles and GRAD systems.,38070,69
2026-06-10 17:54:01,rybar,80965,https://t.me/rybar/80965,True,west_nato,alliance_politics,neu,"China completes maritime law enforcement operation near Taiwan; 198 vessels inspected, three compliance issues corrected.",185119,40
2026-06-10 18:15:08,vysokygovorit,23102,https://t.me/vysokygovorit/23102,True,criticism,government,neg,Yandex mapping platform reveals precise Ukrainian military concentrations enabling Russian drone strikes on logistics.,81121,119
2026-06-10 18:27:19,sashakots,62276,https://t.me/sashakots/62276,True,russia_internal,ideology_society,pos,"Historical account of 1942 Sevastopol Panorama canvas rescue and 1905 painting, drawing parallel to current conflict.",86608,314
2026-06-10 19:14:01,dva_majors,94373,https://t.me/dva_majors/94373,True,russia_internal,security_cases,pos,"Russia passes new law against phone and internet fraud, introduces child SIM cards and device blacklist.",110113,144
2026-06-10 19:38:19,ngp_razvedka,25534,https://t.me/ngp_razvedka/25534,False,none,none,neu,,20898,20
2026-06-10 19:49:58,dva_majors,94374,https://t.me/dva_majors/94374,False,none,none,neu,,101547,12
2026-06-10 20:07:58,ngp_razvedka,25535,https://t.me/ngp_razvedka/25535,False,none,none,neu,,19335,32
2026-06-10 20:47:32,dva_majors,94375,https://t.me/dva_majors/94375,True,west_nato,military_aid,neg,Ukraine increases 2026 defense budget to 4.4 trillion hryvnia with EU credit support.,105790,250
2026-06-10 20:58:29,rybar,80969,https://t.me/rybar/80969,False,none,none,neu,,189211,77
2026-06-10 20:58:29,rybar,80968,https://t.me/rybar/80968,False,none,none,neu,,191982,77
2026-06-10 20:58:29,rybar,80967,https://t.me/rybar/80967,False,none,none,neu,,184898,77
2026-06-10 20:58:29,rybar,80966,https://t.me/rybar/80966,True,frontline,other,neu,Russian forces strike Kharkiv while Ukrainian forces attack bridges and conduct operations in multiple frontline sectors.,178683,78
2026-06-10 20:59:09,dva_majors,94376,https://t.me/dva_majors/94376,True,ukraine_strikes_on_russia,drones_on_regions,neg,"Sevastopol governor reports air defense repelling Ukrainian drone attack, 10 drones intercepted.",110940,62
2026-06-10 21:03:18,vysokygovorit,23103,https://t.me/vysokygovorit/23103,False,none,none,neu,,182579,310
2026-06-10 21:12:37,vysokygovorit,23104,https://t.me/vysokygovorit/23104,False,none,none,neu,,90449,182
2026-06-10 21:15:07,rybar,80970,https://t.me/rybar/80970,False,none,none,neu,,272276,31
2026-06-10 21:34:56,dva_majors,94377,https://t.me/dva_majors/94377,True,ukraine_strikes_on_russia,drones_on_regions,neg,Sevastopol air defense intercepts 2 Ukrainian drones over northern district.,110877,22
2026-06-10 22:43:12,ngp_razvedka,25536,https://t.me/ngp_razvedka/25536,True,criticism,government,neg,Author proposes harsh anti-terrorism measures including capital punishment and media awareness campaigns.,17833,38
2026-06-10 23:05:05,rybar,80971,https://t.me/rybar/80971,True,west_nato,other,neu,US strikes Iranian southern regions; IRGC responds with attacks on American bases in region.,183974,65
2026-06-10 23:07:45,dva_majors,94378,https://t.me/dva_majors/94378,True,ukraine_strikes_on_russia,drones_on_regions,neg,"Ukrainian drone attack on Sochi region causes fire at refinery, residential damage reported.",110944,134
2026-06-11 00:04:44,dva_majors,94379,https://t.me/dva_majors/94379,False,none,none,neu,,102173,46
2026-06-11 00:14:51,dva_majors,94380,https://t.me/dva_majors/94380,True,ukraine_strikes_on_russia,drones_on_regions,neg,"Ukrainian drones struck Krasnodar overnight, hitting apartment building and private homes with casualties.",107401,140
2026-06-11 02:21:19,dva_majors,94381,https://t.me/dva_majors/94381,False,none,none,neu,,110493,218
2026-06-11 02:21:30,dva_majors,94382,https://t.me/dva_majors/94382,False,none,none,neu,,106249,256
2026-06-11 02:21:59,dva_majors,94383,https://t.me/dva_majors/94383,True,ukraine_strikes_on_russia,drones_on_regions,neg,"Ukrainian drones attacked Russian regions; Crimea fuel shortage persists, Krasnodar oil refinery damaged, civilians injured.",402998,630
2026-06-11 03:30:47,rybar,80972,https://t.me/rybar/80972,True,ukraine_strikes_on_russia,drones_on_regions,neg,"Ukrainian drones attacked Russian regions; Crimea fuel shortage persists, Krasnodar oil refinery damaged, civilians injured.",168048,74
2026-06-11 03:57:10,Sladkov_plus,15626,https://t.me/Sladkov_plus/15626,True,russia_internal,mobilisation,pos,New radar systems will enhance air defense capabilities for frontline mobile fire groups against drones.,93590,100
2026-06-11 04:53:41,dva_majors,94384,https://t.me/dva_majors/94384,True,ukraine_strikes_on_russia,drones_on_regions,neu,Russia claims 330 Ukrainian drones destroyed over nine regions during night of June 10-11.,110296,80
2026-06-11 04:55:50,Sladkov_plus,15628,https://t.me/Sladkov_plus/15628,True,criticism,government,neg,Official argues that prosecuting leaders of damaged facilities for poor air defense would increase responsibility.,91385,137
2026-06-11 05:03:57,rusich_army,29912,https://t.me/rusich_army/29912,False,none,none,neu,,112862,44
2026-06-11 05:08:01,wargonzo,34752,https://t.me/wargonzo/34752,False,none,none,neu,,47526,63
2026-06-11 05:08:01,wargonzo,34751,https://t.me/wargonzo/34751,False,none,none,neu,,50504,63
2026-06-11 05:08:01,wargonzo,34750,https://t.me/wargonzo/34750,False,none,none,neu,,46469,63
2026-06-11 05:08:01,wargonzo,34749,https://t.me/wargonzo/34749,False,none,none,neu,,41955,63
2026-06-11 05:08:01,wargonzo,34748,https://t.me/wargonzo/34748,False,none,none,neu,,42731,63
2026-06-11 05:08:01,wargonzo,34747,https://t.me/wargonzo/34747,False,none,none,neu,,43333,63
2026-06-11 05:08:01,wargonzo,34745,https://t.me/wargonzo/34745,False,none,none,neu,,36868,63
2026-06-11 05:08:01,wargonzo,34746,https://t.me/wargonzo/34746,True,frontline,other,neu,Russian forces advance in Donetsk and Zaporizhzhia sectors; fighting reported in Konstantinovka and Krasnyi Lyman.,40905,63
2026-06-11 05:59:57,rusich_army,29913,https://t.me/rusich_army/29913,False,none,none,neu,,110592,143
2026-06-11 06:04:37,dva_majors,94385,https://t.me/dva_majors/94385,False,none,none,neu,,89739,13
2026-06-11 06:22:40,sashakots,62277,https://t.me/sashakots/62277,True,west_nato,other,neg,Commentary on US military threats against Iran and diplomatic cycles in Middle East tensions.,30845,39
2026-06-11 06:23:02,rybar,80974,https://t.me/rybar/80974,True,russia_internal,economy,neu,BlackRock controls $27 billion in South African assets and influences major state companies.,165552,65
2026-06-11 06:23:02,rybar,80973,https://t.me/rybar/80973,True,russia_internal,economy,neu,BlackRock with $10.5 trillion in global assets positions Africa as major investment frontier.,165830,99
2026-06-11 06:33:36,dva_majors,94386,https://t.me/dva_majors/94386,True,frontline,other,pos,Russian forces use heavy thermobaric charges on FPV drones to destroy enemy bunkers and fortified positions.,96175,24
2026-06-11 06:34:02,sashakots,62278,https://t.me/sashakots/62278,False,none,none,neu,,31794,10
2026-06-11 06:39:27,dva_majors,94387,https://t.me/dva_majors/94387,True,west_nato,other,neg,"Germany increased military propaganda in schools, delivering over 2000 recruitment lectures since early 2026.",108825,110
2026-06-11 06:40:01,sashakots,62279,https://t.me/sashakots/62279,True,west_nato,other,neu,Trump threatens new Iran strikes if leadership refuses agreement; previous ceasefire reportedly collapsed.,30472,16
2026-06-11 06:53:49,dva_majors,94388,https://t.me/dva_majors/94388,True,ukraine_strikes_on_russia,drones_on_regions,neg,"Ukrainian drone debris damaged homes and buildings in Afipskoe, Krasnodar region, injuring residents.",90816,85
2026-06-11 06:59:59,dva_majors,94389,https://t.me/dva_majors/94389,False,none,none,neu,,95222,1
2026-06-11 07:00:00,vysokygovorit,23105,https://t.me/vysokygovorit/23105,False,none,none,neu,,90979,566
2026-06-11 07:01:01,rusich_army,29914,https://t.me/rusich_army/29914,True,ukraine_strikes_on_russia,drones_on_regions,neg,Ukraine launched massive drone attack with 330+ drones destroyed over Russia; Crimea and Krasnodar targeted.,114656,62
2026-06-11 07:03:01,wargonzo,34753,https://t.me/wargonzo/34753,False,none,none,neu,,36435,28
2026-06-11 07:04:53,rybar,80975,https://t.me/rybar/80975,False,none,none,neu,,63838,32
2026-06-11 07:07:30,ngp_razvedka,25538,https://t.me/ngp_razvedka/25538,False,none,none,neu,,18365,29
2026-06-11 07:24:01,rybar,80979,https://t.me/rybar/80979,False,none,none,neu,,166794,47
2026-06-11 07:24:01,rybar,80978,https://t.me/rybar/80978,False,none,none,neu,,171067,47
2026-06-11 07:24:01,rybar,80977,https://t.me/rybar/80977,False,none,none,neu,,170792,47
2026-06-11 07:24:01,rybar,80976,https://t.me/rybar/80976,True,west_nato,other,neu,"Iranian missiles struck US bases in Jordan, Bahrain, Kuwait; damage assessments vary between sources.",165751,47
2026-06-11 07:45:42,Sladkov_plus,15629,https://t.me/Sladkov_plus/15629,True,frontline,kupyansk,pos,Russian forces advance in Kharkiv direction; 50+ Ukrainian marines killed; new FPV drone tactics deployed.,112206,139
2026-06-11 07:45:58,Sladkov_plus,15630,https://t.me/Sladkov_plus/15630,False,none,none,neu,,104716,27
2026-06-11 08:05:06,dva_majors,94391,https://t.me/dva_majors/94391,False,none,none,neu,,101164,496
2026-06-11 08:05:06,dva_majors,94390,https://t.me/dva_majors/94390,True,ukraine_strikes_on_russia,other,neg,Ukrainian drones damaged Russian Boiky corvette in Kronstadt; damage assessment questioned.,103287,498
2026-06-11 08:05:14,wargonzo,34757,https://t.me/wargonzo/34757,False,none,none,neu,,51256,13
2026-06-11 08:05:14,wargonzo,34756,https://t.me/wargonzo/34756,False,none,none,neu,,52852,13
2026-06-11 08:05:14,wargonzo,34755,https://t.me/wargonzo/34755,False,none,none,neu,,51721,13
2026-06-11 08:05:14,wargonzo,34754,https://t.me/wargonzo/34754,True,west_nato,other,neu,US launched 49 Tomahawk missiles at Iran; Iran blocked Hormuz Strait and struck US bases in region.,46184,16
2026-06-11 08:16:01,rybar,80980,https://t.me/rybar/80980,True,west_nato,other,neg,British media regulator warns platforms about illegal content after migrant violence in Belfast.,172881,159
2026-06-11 08:23:32,dva_majors,94392,https://t.me/dva_majors/94392,True,ukraine_strikes_on_russia,other,neg,Ukrainian forces struck Crimean bridges; 45 drones destroyed; Russian logistics infrastructure under pressure.,103484,445
2026-06-11 08:30:28,vysokygovorit,23106,https://t.me/vysokygovorit/23106,True,west_nato,other,neu,US employs surgical escalation strategy against Iran with precise strikes avoiding total war.,78451,99
2026-06-11 08:35:22,sashakots,62280,https://t.me/sashakots/62280,True,ukraine_strikes_on_russia,other,neg,Ukrainian attacks on Crimean bridges threaten logistics; multiple crossings damaged or single-lane.,32013,207
2026-06-11 08:50:18,epoddubny,27739,https://t.me/epoddubny/27739,False,none,none,neu,,56274,14
2026-06-11 08:59:02,dva_majors,94394,https://t.me/dva_majors/94394,False,none,none,neu,,118465,328
2026-06-11 08:59:02,dva_majors,94393,https://t.me/dva_majors/94393,False,none,none,neu,,121823,332
2026-06-11 09:06:02,dva_majors,94395,https://t.me/dva_majors/94395,False,none,none,neu,,103836,0
2026-06-11 09:09:16,rusich_army,29915,https://t.me/rusich_army/29915,True,frontline,other,pos,Russian forces destroy abandoned Ukrainian vehicle; tactical advantage cited.,61398,24
2026-06-11 09:11:08,sashakots,62281,https://t.me/sashakots/62281,True,frontline,other,pos,Spetsnaz unit shoots down 11 Ukrainian drones including Hornets; emphasizes drone operator importance.,29154,32
2026-06-11 09:22:01,rybar,80981,https://t.me/rybar/80981,False,none,none,neu,,152019,100
2026-06-11 09:30:54,ngp_razvedka,25539,https://t.me/ngp_razvedka/25539,False,none,none,neu,,16495,29
2026-06-11 09:36:39,epoddubny,27740,https://t.me/epoddubny/27740,False,none,none,neu,,304302,324
2026-06-11 09:47:28,sashakots,62284,https://t.me/sashakots/62284,False,none,none,neu,,45934,54
2026-06-11 09:47:28,sashakots,62283,https://t.me/sashakots/62283,False,none,none,neu,,46630,55
2026-06-11 09:47:28,sashakots,62282,https://t.me/sashakots/62282,True,frontline,kupyansk,pos,Russian forces liberated Okhrimovka and Rozkoshne; expanded security corridor in Kharkiv direction.,40758,55
2026-06-11 09:55:27,vysokygovorit,23107,https://t.me/vysokygovorit/23107,True,criticism,government,neg,Migrant incident in Balashikha; demands deportation and security review of migrant families.,220442,41
2026-06-11 10:11:04,wargonzo,34758,https://t.me/wargonzo/34758,True,russia_internal,mobilisation,pos,Evacuated civilian opened field hospital in Krasnomaysk treating soldiers and animals.,36268,25
2026-06-11 10:30:16,dva_majors,94396,https://t.me/dva_majors/94396,False,none,none,neu,,105378,2
2026-06-11 10:44:50,rusich_army,29916,https://t.me/rusich_army/29916,False,none,none,neu,,63818,12
2026-06-11 10:46:01,rybar,80982,https://t.me/rybar/80982,True,russia_internal,economy,neu,Russia increases migrant fees and enforces medical screening; targets migration flow quality.,150242,47
2026-06-11 10:59:57,rusich_army,29919,https://t.me/rusich_army/29919,False,none,none,neu,,239035,441
2026-06-11 10:59:57,rusich_army,29918,https://t.me/rusich_army/29918,True,frontline,other,neu,Ukrainian forces convert civilian vehicles into drone control centers; Russian forces must target operators not just platforms.,254622,449
2026-06-11 11:02:00,dva_majors,94397,https://t.me/dva_majors/94397,True,criticism,government,neg,Ukrainian military distrusts Fedorov's statements regarding Brave 1 in Kharkiv operations.,62717,33
2026-06-11 11:07:02,rybar,80983,https://t.me/rybar/80983,True,west_nato,military_aid,neg,Mercedes-Benz and Tytan Technologies developing mobile air defense system for Ukraine deployment.,162663,54
2026-06-11 11:07:33,sashakots,62287,https://t.me/sashakots/62287,False,none,none,neu,,150896,119
2026-06-11 11:07:33,sashakots,62286,https://t.me/sashakots/62286,False,none,none,neu,,150776,117
2026-06-11 11:07:33,sashakots,62285,https://t.me/sashakots/62285,True,frontline,other,neu,Russian 54th motorized rifle regiment describes infiltration tactics used to capture village Roskoshne.,112780,119
2026-06-11 11:10:28,vysokygovorit,23108,https://t.me/vysokygovorit/23108,False,none,none,neu,,77692,37
2026-06-11 11:17:01,rybar,80984,https://t.me/rybar/80984,True,west_nato,military_aid,neg,"Europe became primary military sponsor for Ukraine with €29 billion in 2025, replacing collapsed US aid.",176030,71
2026-06-11 11:32:01,dva_majors,94398,https://t.me/dva_majors/94398,True,west_nato,rearmament,neu,Turkey plans to launch unmanned carrier MUGEM by 2032 with increased drone capacity and autonomous systems.,98277,127
2026-06-11 11:38:04,sashakots,62288,https://t.me/sashakots/62288,False,none,none,neu,,16781,19
2026-06-11 11:55:48,dva_majors,94400,https://t.me/dva_majors/94400,False,none,none,neu,,90297,127
2026-06-11 11:55:48,dva_majors,94399,https://t.me/dva_majors/94399,True,frontline,other,neu,Russian forces target Ukrainian mobile drone control centers installed in civilian vehicles like Gazelles.,88008,127
2026-06-11 11:57:05,vysokygovorit,23109,https://t.me/vysokygovorit/23109,False,none,none,neu,,35743,36
2026-06-11 12:00:52,sashakots,62289,https://t.me/sashakots/62289,True,russia_internal,ideology_society,neg,Armenian vandals desecrate Soviet memorial; post warns of Armenia's Western integration path.,33812,175
2026-06-11 12:01:48,wargonzo,34759,https://t.me/wargonzo/34759,False,none,none,neu,,17933,16
2026-06-11 12:02:11,rybar,80985,https://t.me/rybar/80985,True,west_nato,alliance_politics,neg,UK Defense Minister Heily resigns amid £28 billion funding gap and defense spending disputes.,168271,35
2026-06-11 12:26:38,sashakots,62290,https://t.me/sashakots/62290,False,none,none,neu,,26520,26
2026-06-11 12:28:29,rybar,80986,https://t.me/rybar/80986,True,russia_internal,security_cases,neg,Russian IT official Kasperskaya criticizes ineffective Telegram blocking despite government understanding limitations.,169825,156
2026-06-11 12:30:29,dva_majors,94401,https://t.me/dva_majors/94401,True,strikes_on_ukraine,other,pos,Russian strikes on Odesa ports damage export terminals; Ukrainian agriculture sector exhausted resources for repairs.,107258,174
2026-06-11 12:31:02,wargonzo,34760,https://t.me/wargonzo/34760,True,frontline,other,pos,Kherson region experiences fuel shortages from Ukrainian attacks but maintains transport and emergency services.,35598,39
2026-06-11 13:00:01,rusich_army,29922,https://t.me/rusich_army/29922,False,none,none,neu,,87702,23
2026-06-11 13:01:45,sashakots,62291,https://t.me/sashakots/62291,True,ukraine_strikes_on_russia,other,pos,FSB arrests foreign would-be assassin recruited by Ukrainian SBU to kill Russian Defense Ministry officer.,33511,76
2026-06-11 13:08:38,dva_majors,94402,https://t.me/dva_majors/94402,True,ukraine_strikes_on_russia,drones_on_regions,neg,"Ukrainian MLRS Grad strikes Belaya Berezka in Bryansk; damages 13 buildings, no casualties reported.",107997,81
2026-06-11 13:11:10,dva_majors,94403,https://t.me/dva_majors/94403,True,west_nato,military_aid,neu,Ukraine approves new rocket forces development concept through 2030 amid uncertain Western military aid.,113545,212
2026-06-11 13:19:54,vysokygovorit,23111,https://t.me/vysokygovorit/23111,False,none,none,neu,,70182,105
2026-06-11 13:19:54,vysokygovorit,23110,https://t.me/vysokygovorit/23110,True,frontline,other,neu,Russian forces target Ukrainian mobile drone control centers installed in civilian vehicles like Gazelles.,72410,106
2026-06-11 13:20:41,ngp_razvedka,25540,https://t.me/ngp_razvedka/25540,True,ukraine_strikes_on_russia,other,pos,FSB detains Ukrainian SBU agent sent to Russia in February 2026 to assassinate Defense Ministry official.,17151,29
2026-06-11 13:33:01,rybar,80987,https://t.me/rybar/80987,True,west_nato,other,pos,US protests block 36 AI data center projects worth $156 billion due to energy consumption concerns.,170042,111
2026-06-11 13:47:32,rybar,80990,https://t.me/rybar/80990,False,none,none,neu,,163427,25
2026-06-11 13:47:32,rybar,80989,https://t.me/rybar/80989,False,none,none,neu,,171780,25
2026-06-11 13:47:32,rybar,80988,https://t.me/rybar/80988,True,russia_internal,other,neu,Bloomberg mischaracterizes Russian equipment donation to Madagascar as military assistance for disaster relief.,156278,25
2026-06-11 14:11:39,ngp_razvedka,25541,https://t.me/ngp_razvedka/25541,False,none,none,neu,,16763,39
2026-06-11 14:16:36,rybar,80991,https://t.me/rybar/80991,True,russia_internal,other,neg,Russian maritime unmanned technology center proposed since 2025 remains stalled in bureaucratic discussions.,165943,73
2026-06-11 14:31:02,wargonzo,34761,https://t.me/wargonzo/34761,False,none,none,neu,,33027,30
2026-06-11 14:38:01,wargonzo,34762,https://t.me/wargonzo/34762,True,ukraine_strikes_on_russia,drones_on_regions,neg,"Ukrainian Grad strike on Bryansk region kills two civilians, damages 13 buildings.",35040,28
2026-06-11 14:41:01,rybar,80992,https://t.me/rybar/80992,True,russia_internal,security_cases,neg,Czech foreign fighter faces deportation risk despite new law protecting those who fought for Russia.,165031,14
2026-06-11 14:49:39,vysokygovorit,23114,https://t.me/vysokygovorit/23114,False,none,none,neu,,95140,61
2026-06-11 14:49:39,vysokygovorit,23113,https://t.me/vysokygovorit/23113,False,none,none,neu,,96519,60
2026-06-11 14:49:39,vysokygovorit,23112,https://t.me/vysokygovorit/23112,True,frontline,other,neu,Russian assault units describe infiltration tactics used to capture Rozkoshne village near Konstantinovka.,67840,61
2026-06-11 15:04:41,dva_majors,94405,https://t.me/dva_majors/94405,False,none,none,neu,,112317,72
2026-06-11 15:04:41,dva_majors,94404,https://t.me/dva_majors/94404,False,none,none,neu,,111847,71
2026-06-11 15:04:51,rusich_army,29923,https://t.me/rusich_army/29923,True,frontline,kupyansk,pos,"Russian forces consolidate gains in Volchansk direction, clearing forest areas and advancing towards Bely Kolodets.",123804,44
2026-06-11 15:05:17,rybar,80993,https://t.me/rybar/80993,True,west_nato,other,pos,"European media reports Russia building military infrastructure along NATO borders with plans for 115,000 troops.",165008,74
2026-06-11 15:14:24,vysokygovorit,23115,https://t.me/vysokygovorit/23115,True,ukraine_strikes_on_russia,other,neu,Ukrainian air defense shoots down Geran drone; wreckage hits train in Sumy.,149240,500
2026-06-11 15:17:13,rybar,80996,https://t.me/rybar/80996,False,none,none,neu,,155826,83
2026-06-11 15:17:13,rybar,80995,https://t.me/rybar/80995,False,none,none,neu,,160811,83
2026-06-11 15:17:13,rybar,80994,https://t.me/rybar/80994,True,russia_internal,economy,neu,Analysis of new combat sea drones presented at Fleet-2026 exhibition including Zala and Orkan systems.,151993,83
2026-06-11 15:22:13,sashakots,62292,https://t.me/sashakots/62292,True,ukraine_strikes_on_russia,other,neu,Ukrainian air defense shoots down Geran drone; wreckage hits train in Sumy.,29343,99
2026-06-11 15:31:16,dva_majors,94409,https://t.me/dva_majors/94409,False,none,none,neu,,106142,66
2026-06-11 15:31:16,dva_majors,94408,https://t.me/dva_majors/94408,False,none,none,neu,,113907,66
2026-06-11 15:31:16,dva_majors,94407,https://t.me/dva_majors/94407,False,none,none,neu,,111195,66
2026-06-11 15:31:16,dva_majors,94406,https://t.me/dva_majors/94406,True,west_nato,military_aid,neg,NATO air forces intercept Ukrainian decoy drones over Latvia and Baltic states; NATO presents as Russian threat.,105808,67
2026-06-11 15:40:13,wargonzo,34766,https://t.me/wargonzo/34766,False,none,none,neu,,39868,48
2026-06-11 15:40:13,wargonzo,34765,https://t.me/wargonzo/34765,False,none,none,neu,,42771,49
2026-06-11 15:40:13,wargonzo,34764,https://t.me/wargonzo/34764,False,none,none,neu,,41543,48
2026-06-11 15:40:13,wargonzo,34763,https://t.me/wargonzo/34763,True,strikes_on_ukraine,deep_strikes,pos,"Russian strikes on Odesa ports damage Ukrainian export infrastructure, threatening 90% of agricultural exports.",31896,49
2026-06-11 15:44:20,rybar,80997,https://t.me/rybar/80997,True,russia_internal,ideology_society,pos,Russian government welcomes foreign migrants from Western countries choosing Russia for traditional values.,159385,36
2026-06-11 15:52:48,sashakots,62293,https://t.me/sashakots/62293,True,frontline,other,pos,Russian forces complete encirclement of Ukrainian garrison in eastern Konstantinovka; methodical elimination underway.,45714,205
2026-06-11 16:12:02,wargonzo,34767,https://t.me/wargonzo/34767,True,ukraine_strikes_on_russia,drones_on_regions,neg,"Ukrainian drone attacks on Belgorod and Bryansk regions kill three civilians, wound 11.",42724,34
2026-06-11 16:30:10,Sladkov_plus,15631,https://t.me/Sladkov_plus/15631,False,none,none,neu,,57264,17
2026-06-11 16:30:59,ngp_razvedka,25542,https://t.me/ngp_razvedka/25542,False,none,none,neu,,16571,81
2026-06-11 16:33:14,rybar,80998,https://t.me/rybar/80998,False,none,none,neu,,168859,84
2026-06-11 16:40:04,vysokygovorit,23116,https://t.me/vysokygovorit/23116,True,west_nato,military_aid,neg,Patriot air defense systems Ukraine requested prove ineffective at intercepting Russian missiles.,96736,40
2026-06-11 16:59:02,sashakots,62297,https://t.me/sashakots/62297,False,none,none,neu,,39781,109
2026-06-11 16:59:02,sashakots,62296,https://t.me/sashakots/62296,False,none,none,neu,,41608,109
2026-06-11 16:59:02,sashakots,62295,https://t.me/sashakots/62295,False,none,none,neu,,38335,109
2026-06-11 16:59:02,sashakots,62294,https://t.me/sashakots/62294,True,strikes_on_ukraine,deep_strikes,neg,Attack on Sevastopol panorama causes civilian fatigue and frustration with failed Russian military responses.,33176,111
2026-06-11 17:01:54,dva_majors,94413,https://t.me/dva_majors/94413,False,none,none,neu,,116215,491
2026-06-11 17:01:54,dva_majors,94412,https://t.me/dva_majors/94412,False,none,none,neu,,118234,491
2026-06-11 17:01:54,dva_majors,94411,https://t.me/dva_majors/94411,False,none,none,neu,,116767,492
2026-06-11 17:01:54,dva_majors,94410,https://t.me/dva_majors/94410,True,russia_internal,economy,pos,Zubr air defense system deploys to protect energy infrastructure; credited with destroying dozens of enemy drones.,107137,510
2026-06-11 17:07:55,rybar,80999,https://t.me/rybar/80999,True,ukraine_strikes_on_russia,other,neg,Russian shadow fleet tanker struck by mine in Gulf of Aden; suspected sabotage targeting Russian oil transport.,173941,95
2026-06-11 17:21:04,rybar,81000,https://t.me/rybar/81000,True,frontline,kupyansk,pos,"Russian forces liberate Okhrimovka, expanding bridgehead south of Volchya River despite Ukrainian counterattacks.",181652,103
2026-06-11 17:30:54,dva_majors,94416,https://t.me/dva_majors/94416,False,none,none,neu,,124280,290
2026-06-11 17:30:54,dva_majors,94415,https://t.me/dva_majors/94415,False,none,none,neu,,125281,287
2026-06-11 17:30:54,dva_majors,94414,https://t.me/dva_majors/94414,True,frontline,other,pos,Ukrainian channels show drone footage of bridge strikes; Russians propose methodically destroying Dnieper crossings.,116463,288
2026-06-11 17:35:45,sashakots,62300,https://t.me/sashakots/62300,True,strikes_on_ukraine,deep_strikes,neg,"Civilians report emotional toll from attacks: 25% exhaustion, 23% hatred, 20% anger from Sevastopol strike.",35331,14
2026-06-11 17:49:22,sashakots,62301,https://t.me/sashakots/62301,False,none,none,neu,,36917,14
2026-06-11 17:58:48,sashakots,62302,https://t.me/sashakots/62302,True,russia_internal,elite_politics,neg,Russia restricts Armenian agricultural imports and transit in response to monument desecration.,48362,228
2026-06-11 17:59:23,Sladkov_plus,15632,https://t.me/Sladkov_plus/15632,True,frontline,other,pos,"Russian forces advance in Konstantinovka, establish control over eastern part and surrounding areas.",101859,46
2026-06-11 18:17:01,rybar,81001,https://t.me/rybar/81001,False,none,none,neu,,180099,17
2026-06-11 18:18:24,vysokygovorit,23117,https://t.me/vysokygovorit/23117,False,none,none,neu,,110074,122
2026-06-11 18:24:18,epoddubny,27741,https://t.me/epoddubny/27741,True,frontline,other,pos,"Russian forces capture eastern Konstantinovka, encircle Ukrainian units in city.",57333,128
2026-06-11 18:31:48,wargonzo,34768,https://t.me/wargonzo/34768,True,frontline,other,pos,"Russian 58th Army drones destroy Ukrainian equipment and personnel, Ukrainian activity increasing.",47784,31
2026-06-11 18:40:21,sashakots,62303,https://t.me/sashakots/62303,False,none,none,neu,,44487,144
2026-06-11 18:44:06,dva_majors,94417,https://t.me/dva_majors/94417,True,frontline,other,pos,Russian Bars-Sarmat center begins destroying Ukrainian drones over Novorossiya highway.,110208,229
2026-06-11 19:09:58,ngp_razvedka,25543,https://t.me/ngp_razvedka/25543,True,ukraine_strikes_on_russia,other,neg,Ukraine plans major assault on Crimean Bridge coordinated with southern offensive operations.,20540,221
2026-06-11 19:26:44,rybar,81002,https://t.me/rybar/81002,True,frontline,other,pos,"Russian forces advance in Konstantinovka, liberate Roskoshnoye, complete encirclement.",188391,204
2026-06-11 19:34:44,dva_majors,94425,https://t.me/dva_majors/94425,False,none,none,neu,,128422,16
2026-06-11 19:34:44,dva_majors,94424,https://t.me/dva_majors/94424,False,none,none,neu,,132196,17
2026-06-11 19:34:44,dva_majors,94423,https://t.me/dva_majors/94423,False,none,none,neu,,124016,16
2026-06-11 19:34:44,dva_majors,94422,https://t.me/dva_majors/94422,False,none,none,neu,,120381,16
2026-06-11 19:34:44,dva_majors,94421,https://t.me/dva_majors/94421,False,none,none,neu,,119222,16
2026-06-11 19:34:44,dva_majors,94420,https://t.me/dva_majors/94420,False,none,none,neu,,119235,16
2026-06-11 19:34:44,dva_majors,94419,https://t.me/dva_majors/94419,False,none,none,neu,,115617,16
2026-06-11 19:34:44,dva_majors,94418,https://t.me/dva_majors/94418,False,none,none,neu,,112380,16
2026-06-11 20:33:27,rybar,81003,https://t.me/rybar/81003,True,frontline,hulyaipole,neg,"Ukrainian forces expand presence near Stepnogorsk despite Russian efforts, situation deteriorating.",182040,293
2026-06-11 20:36:40,ngp_razvedka,25544,https://t.me/ngp_razvedka/25544,False,none,none,neu,,21506,55
2026-06-11 20:45:33,ngp_razvedka,25545,https://t.me/ngp_razvedka/25545,False,none,none,neu,,20803,37
2026-06-11 20:58:30,rybar,81007,https://t.me/rybar/81007,False,none,none,neu,,284558,173
2026-06-11 20:58:30,rybar,81006,https://t.me/rybar/81006,False,none,none,neu,,292647,162
2026-06-11 20:58:30,rybar,81005,https://t.me/rybar/81005,False,none,none,neu,,277251,161
2026-06-11 20:58:30,rybar,81004,https://t.me/rybar/81004,True,frontline,other,pos,"Russian forces liberate Okhrimovka, advance in Konstantinovka and Roskoshnoye, destroy Ukrainian infrastructure.",266038,173
2026-06-11 21:05:54,rybar,81008,https://t.me/rybar/81008,False,none,none,neu,,180852,22
2026-06-11 21:08:45,ngp_razvedka,25546,https://t.me/ngp_razvedka/25546,True,criticism,army_command,neg,"Blogger debunks panic about bridge destruction, criticizes defeatists, denies Crimea crisis.",70902,106
2026-06-11 21:10:10,rybar,81014,https://t.me/rybar/81014,False,none,none,neu,,204359,164
2026-06-11 21:10:10,rybar,81013,https://t.me/rybar/81013,False,none,none,neu,,208814,157
2026-06-11 21:10:10,rybar,81012,https://t.me/rybar/81012,False,none,none,neu,,199526,152
2026-06-11 21:10:10,rybar,81011,https://t.me/rybar/81011,False,none,none,neu,,194242,155
2026-06-11 21:10:10,rybar,81010,https://t.me/rybar/81010,False,none,none,neu,,190683,165
2026-06-11 21:10:10,rybar,81009,https://t.me/rybar/81009,False,none,none,neu,,184636,169
2026-06-12 03:59:02,dva_majors,94426,https://t.me/dva_majors/94426,False,none,none,neu,,115973,132
2026-06-12 04:48:56,epoddubny,27742,https://t.me/epoddubny/27742,True,russia_internal,ideology_society,pos,Russian marine Hero praised for defending Mariupol's Azovstal in documentary film.,48483,97
2026-06-12 05:03:55,rusich_army,29926,https://t.me/rusich_army/29926,False,none,none,neu,,134589,26
2026-06-12 05:13:03,wargonzo,34775,https://t.me/wargonzo/34775,False,none,none,neu,,43281,44
2026-06-12 05:13:03,wargonzo,34774,https://t.me/wargonzo/34774,False,none,none,neu,,45343,41
2026-06-12 05:13:03,wargonzo,34773,https://t.me/wargonzo/34773,False,none,none,neu,,42468,41
2026-06-12 05:13:03,wargonzo,34772,https://t.me/wargonzo/34772,False,none,none,neu,,42024,41
2026-06-12 05:13:03,wargonzo,34771,https://t.me/wargonzo/34771,False,none,none,neu,,42436,42
2026-06-12 05:13:03,wargonzo,34770,https://t.me/wargonzo/34770,False,none,none,neu,,41166,41
2026-06-12 05:17:35,dva_majors,94430,https://t.me/dva_majors/94430,False,none,none,neu,,96107,86
2026-06-12 05:17:35,dva_majors,94429,https://t.me/dva_majors/94429,False,none,none,neu,,98598,78
2026-06-12 05:17:35,dva_majors,94428,https://t.me/dva_majors/94428,False,none,none,neu,,92354,77
2026-06-12 05:17:35,dva_majors,94427,https://t.me/dva_majors/94427,True,frontline,other,neu,Russian forces advance on multiple frontlines while Ukraine strikes Crimean bridges and Russian fuel depots.,88586,77
2026-06-12 05:27:01,dva_majors,94431,https://t.me/dva_majors/94431,True,ukraine_strikes_on_russia,drones_on_regions,neg,"Ukraine drones attack Tatarstan industrial facilities; one hits residential building, three injured.",103936,174
2026-06-12 05:44:39,Sladkov_plus,15633,https://t.me/Sladkov_plus/15633,True,russia_internal,ideology_society,pos,Russia Day reflection on sovereignty and military necessity; warns of Western threat to territorial integrity.,96398,116
2026-06-12 05:45:09,dva_majors,94432,https://t.me/dva_majors/94432,True,west_nato,military_aid,neg,US approves Kuwait's $1.98 billion purchase of Anduril drone defense systems with AI command capabilities.,100836,95
2026-06-12 05:51:01,epoddubny,27743,https://t.me/epoddubny/27743,True,frontline,other,pos,Russian kamikaze drones hunt Ukrainian vehicles; Ukrainian counterattack attempts continue without success.,45683,43
2026-06-12 06:00:37,rusich_army,29927,https://t.me/rusich_army/29927,False,none,none,neu,,141295,48
2026-06-12 06:03:01,ngp_razvedka,25547,https://t.me/ngp_razvedka/25547,False,none,none,neu,,16854,6
2026-06-12 06:20:15,rybar,81015,https://t.me/rybar/81015,True,west_nato,rearmament,neu,Trump reportedly angry about slow US missile production rates; plans to pressure defense contractors.,181731,63
2026-06-12 06:59:59,dva_majors,94433,https://t.me/dva_majors/94433,False,none,none,neu,,97717,0
2026-06-12 07:03:17,rybar,81016,https://t.me/rybar/81016,False,none,none,neu,,31637,47
2026-06-12 07:04:09,rusich_army,29928,https://t.me/rusich_army/29928,True,ukraine_strikes_on_russia,drones_on_regions,neg,Ukraine strikes multiple Russian regions including Tatarstan refinery; 420 drones shot down in 24 hours.,116100,80
2026-06-12 07:13:01,wargonzo,34776,https://t.me/wargonzo/34776,True,ukraine_strikes_on_russia,drones_on_regions,neg,Ukrainian drones target civilian shuttles in Belgorod region; volunteers repel attack near Yasnyye Zori.,38843,36
2026-06-12 07:29:14,rybar,81017,https://t.me/rybar/81017,True,west_nato,rearmament,neg,EU simplifies defense procurement and investment procedures to accelerate weapons acquisition and rearmament.,175006,40
2026-06-12 08:02:58,dva_majors,94434,https://t.me/dva_majors/94434,True,frontline,other,pos,Russian soldiers improvise UAZ pickup for ammunition transport and casualty evacuation with better air observation.,94529,45
2026-06-12 08:05:21,epoddubny,27744,https://t.me/epoddubny/27744,True,russia_internal,ideology_society,pos,Russian Hero of Russia Orlov discusses war's necessity and impact on troops from children's letters.,44678,36
2026-06-12 08:20:50,sashakots,62304,https://t.me/sashakots/62304,True,west_nato,military_aid,neg,Ukraine emerges as serious defense technology leader exporting combat-tested drones across Europe and beyond.,36236,16
2026-06-12 08:26:03,dva_majors,94435,https://t.me/dva_majors/94435,True,criticism,other,neg,Ukrainian channels spread false 50-fuel-truck image from video game; fuel convoy threat remains serious.,118104,352
2026-06-12 08:33:07,dva_majors,94436,https://t.me/dva_majors/94436,True,west_nato,military_aid,neg,German Diehl Defence negotiates joint production of Ukrainian FP-5 Flamingo cruise missiles in Germany.,102704,462
2026-06-12 08:38:54,sashakots,62305,https://t.me/sashakots/62305,True,west_nato,negotiations,neg,Trump has announced Iran nuclear deal 39 times; recent claims about imminent agreement largely unsubstantiated.,32035,42
2026-06-12 08:41:34,rybar,81018,https://t.me/rybar/81018,True,ukraine_strikes_on_russia,other,neu,Russian strikes on Odessa ports called systematic but analysis suggests sporadic targeting with questionable effectiveness.,182127,228
2026-06-12 08:56:31,sashakots,62306,https://t.me/sashakots/62306,True,russia_internal,ideology_society,pos,Russia Day reflects deeper meaning in SVO context; unity and national symbols embody civilizational defense.,37061,54
2026-06-12 09:01:01,rusich_army,29929,https://t.me/rusich_army/29929,True,frontline,other,neg,Ukrainian training shows soldiers using rifles against FPV drones; risky tactics likely result in vehicle destruction.,105557,75
2026-06-12 09:01:02,wargonzo,34777,https://t.me/wargonzo/34777,False,none,none,neu,,35859,35
2026-06-12 09:07:00,epoddubny,27745,https://t.me/epoddubny/27745,True,russia_internal,mobilisation,pos,Hero of Russia Vladimir Saibel severely wounded in battle near Kremennaya continued commanding his unit.,42952,44
2026-06-12 09:16:36,dva_majors,94437,https://t.me/dva_majors/94437,False,none,none,neu,,98658,140
2026-06-12 09:43:01,rybar,81019,https://t.me/rybar/81019,True,west_nato,other,neu,Pakistani air force strikes on Afghan border provinces targeting Pakistani Taliban militants after Chinese mediation.,178496,34
2026-06-12 09:46:17,sashakots,62307,https://t.me/sashakots/62307,True,west_nato,negotiations,pos,Iran-US ceasefire deal appears to be American capitulation with no nuclear dismantlement or regime change required.,34535,89
2026-06-12 10:23:34,vysokygovorit,23118,https://t.me/vysokygovorit/23118,True,west_nato,military_aid,neg,Ukraine requests additional $20 billion in Western weapons to consolidate battlefield advantage before window closes.,130254,325
2026-06-12 10:29:53,dva_majors,94438,https://t.me/dva_majors/94438,True,frontline,hulyaipole,neg,Zaporizhzhia front deteriorating due to continuous attacks on rear areas; enemy has advantage from Starlink and NATO drones.,101678,50
2026-06-12 10:36:06,rybar,81020,https://t.me/rybar/81020,True,ukraine_strikes_on_russia,drones_on_regions,neg,Ukrainian drones increasingly attacking Russian northwest; tactics evolved using decoys to exhaust air defenses.,187276,148
2026-06-12 10:37:47,ngp_razvedka,25548,https://t.me/ngp_razvedka/25548,False,none,none,neu,,18901,48
2026-06-12 11:00:02,dva_majors,94447,https://t.me/dva_majors/94447,False,none,none,neu,,100636,56
2026-06-12 11:00:02,dva_majors,94446,https://t.me/dva_majors/94446,False,none,none,neu,,108823,56
2026-06-12 11:00:02,dva_majors,94445,https://t.me/dva_majors/94445,False,none,none,neu,,117499,56
2026-06-12 11:00:02,dva_majors,94444,https://t.me/dva_majors/94444,False,none,none,neu,,102276,56
2026-06-12 11:00:02,dva_majors,94443,https://t.me/dva_majors/94443,False,none,none,neu,,111722,56
2026-06-12 11:00:02,dva_majors,94442,https://t.me/dva_majors/94442,False,none,none,neu,,100000,56
2026-06-12 11:00:02,dva_majors,94441,https://t.me/dva_majors/94441,False,none,none,neu,,101007,57
2026-06-12 11:00:02,dva_majors,94440,https://t.me/dva_majors/94440,False,none,none,neu,,95793,56
2026-06-12 11:00:02,dva_majors,94439,https://t.me/dva_majors/94439,False,none,none,neu,,96302,65
2026-06-12 11:02:02,wargonzo,34779,https://t.me/wargonzo/34779,False,none,none,neu,,32609,53
2026-06-12 11:02:02,wargonzo,34778,https://t.me/wargonzo/34778,True,west_nato,rearmament,neu,German company Quantum Systems demonstrates Pulse P19 fighter-drone aircraft at Berlin aerospace exhibition.,30879,53
2026-06-12 11:04:22,rusich_army,29930,https://t.me/rusich_army/29930,False,none,none,neu,,84434,33
2026-06-12 11:11:10,rybar,81021,https://t.me/rybar/81021,True,ukraine_strikes_on_russia,drones_on_regions,neg,"Ukraine possesses over 5,000 long-range drones and 60+ Flamingo missiles with increasing production capacity.",193567,265
2026-06-12 11:22:13,rybar,81022,https://t.me/rybar/81022,True,west_nato,other,neu,Russian cultural center reopens in Damascus; Syria increasing education quotas for Russian universities.,757850,211
2026-06-12 11:41:28,sashakots,62308,https://t.me/sashakots/62308,True,frontline,pokrovsk,pos,Russian Center grouping liberated Priyut settlement in Donets; advancing toward Druzhkovka and main Ukrainian defensive line.,71349,80
2026-06-12 12:15:12,wargonzo,34780,https://t.me/wargonzo/34780,False,none,none,neu,,32499,17
2026-06-12 12:26:01,rybar,81023,https://t.me/rybar/81023,True,ukraine_strikes_on_russia,drones_on_regions,neg,Ukraine possesses sufficient drone reserves; Russia must rapidly adapt air defense against escalating mass attacks.,189653,295
2026-06-12 12:30:24,epoddubny,27746,https://t.me/epoddubny/27746,True,frontline,pokrovsk,pos,Belgorod acting governor describes three-day preparation using pipes before taking Avdiivka in documentary.,39868,55
2026-06-12 12:53:30,dva_majors,94448,https://t.me/dva_majors/94448,True,west_nato,military_aid,neg,NATO views Ukraine conflict as laboratory to test mass-produced cheap weapons systems for future wars.,100728,105
2026-06-12 13:01:31,dva_majors,94449,https://t.me/dva_majors/94449,False,none,none,neu,,106268,27
2026-06-12 13:09:55,ngp_razvedka,25549,https://t.me/ngp_razvedka/25549,True,frontline,hulyaipole,neu,Enemy conducting radio disinformation operations on Zaporizhzhia front; similar activities expected on Kherson front.,18516,63
2026-06-12 13:15:13,wargonzo,34781,https://t.me/wargonzo/34781,True,russia_internal,mobilisation,pos,Bars Belgorod volunteer escort groups created to protect civilian repair brigades from Ukrainian drone attacks.,33321,18
2026-06-12 13:31:12,rusich_army,29934,https://t.me/rusich_army/29934,True,frontline,pokrovsk,pos,Russian forces advancing north and northwest of Novoandriyivka; consolidated control and developing toward Mirne.,132743,54
2026-06-12 13:31:19,ngp_razvedka,25550,https://t.me/ngp_razvedka/25550,False,none,none,neu,,19610,76
2026-06-12 13:38:01,rybar,81024,https://t.me/rybar/81024,True,ukraine_strikes_on_russia,drones_on_regions,neu,Russian air defense shot down 96% of 1700 drones in late May-June period; remaining impacts create significant damage.,180790,158
2026-06-12 13:47:23,dva_majors,94451,https://t.me/dva_majors/94451,False,none,none,neu,,106867,100
2026-06-12 13:47:23,dva_majors,94450,https://t.me/dva_majors/94450,True,strikes_on_ukraine,other,pos,Russian forces destroyed another Nova Poshta logistics terminal in occupied Zaporizhzhia.,110312,99
2026-06-12 14:20:33,epoddubny,27747,https://t.me/epoddubny/27747,True,frontline,other,pos,"Russian Tsentr group liberated Pryiut settlement in Donetsk, advancing toward Druzkovka-Konstantinivka line.",38198,26
2026-06-12 14:21:30,epoddubny,27749,https://t.me/epoddubny/27749,False,none,none,neu,,51357,77
2026-06-12 14:21:30,epoddubny,27748,https://t.me/epoddubny/27748,True,russia_internal,mobilisation,pos,"Putin met with 700,000 Russian troops, announced FPV drone development and satellite constellation expansion.",50848,79
2026-06-12 14:31:39,rybar,81025,https://t.me/rybar/81025,True,west_nato,military_aid,neg,US-Iran negotiations stalling; 30 American warships remain in Middle East despite diplomatic claims.,173624,36
2026-06-12 15:01:15,rusich_army,29935,https://t.me/rusich_army/29935,False,none,none,neu,,150782,54
2026-06-12 15:31:02,wargonzo,34782,https://t.me/wargonzo/34782,False,none,none,neu,,33787,7
2026-06-12 15:31:25,sashakots,62309,https://t.me/sashakots/62309,True,west_nato,negotiations,neg,"Trump denies Iran's published 14-point deal terms, calls them fake news amid diplomacy tensions.",38242,51
2026-06-12 15:43:13,rybar,81026,https://t.me/rybar/81026,True,west_nato,alliance_politics,neg,Trump's restrictive US visa policy hampers 2026 FIFA World Cup with denials to athletes and officials.,175166,74
2026-06-12 15:52:08,dva_majors,94452,https://t.me/dva_majors/94452,True,criticism,army_command,neg,Russian air defense claims 96% drone kill-rate but missed Ukrainian operation start; bureaucracy hinders response.,159144,342
2026-06-12 16:19:40,rybar,81027,https://t.me/rybar/81027,True,russia_internal,mobilisation,pos,Russia presented Zubr air defense system with remote-controlled gun turrets for rear-area drone protection.,183488,151
2026-06-12 16:30:37,dva_majors,94453,https://t.me/dva_majors/94453,False,none,none,neu,,117386,1081
2026-06-12 16:58:42,sashakots,62311,https://t.me/sashakots/62311,False,none,none,neu,,28322,12
2026-06-12 16:58:42,sashakots,62310,https://t.me/sashakots/62310,False,none,none,neu,,31098,12
2026-06-12 16:59:01,sashakots,62317,https://t.me/sashakots/62317,False,none,none,neu,,70652,73
2026-06-12 16:59:01,sashakots,62316,https://t.me/sashakots/62316,False,none,none,neu,,70267,73
2026-06-12 16:59:01,sashakots,62315,https://t.me/sashakots/62315,False,none,none,neu,,69263,73
2026-06-12 16:59:01,sashakots,62314,https://t.me/sashakots/62314,False,none,none,neu,,66325,73
2026-06-12 16:59:01,sashakots,62313,https://t.me/sashakots/62313,False,none,none,neu,,65946,73
2026-06-12 16:59:01,sashakots,62312,https://t.me/sashakots/62312,False,none,none,neu,,69877,73
2026-06-12 16:59:02,rybar,81028,https://t.me/rybar/81028,True,ukraine_strikes_on_russia,drones_on_regions,neg,Turkish experimental HAVA SOJ aircraft conducting test flights near Sochi during Black Sea strikes.,180760,265
2026-06-12 17:04:32,rusich_army,29936,https://t.me/rusich_army/29936,True,west_nato,military_aid,neu,Ukrainian military approved 2030 rocket artillery development concept emphasizing domestic production and import substitution.,114850,58
2026-06-12 17:05:52,Sladkov_plus,15635,https://t.me/Sladkov_plus/15635,False,none,none,neu,,114087,78
2026-06-12 17:05:52,Sladkov_plus,15634,https://t.me/Sladkov_plus/15634,True,west_nato,military_aid,neu,"US Army developing M-LRPSM mobile precision strike missile with 25km+ range, rapid deployment expected.",104358,80
2026-06-12 17:15:50,wargonzo,34783,https://t.me/wargonzo/34783,True,frontline,other,pos,Sparta 80th Brigade destroyed Ukrainian artillery positions using FPV drones in Dobropoil direction.,36281,14
2026-06-12 17:17:41,sashakots,62318,https://t.me/sashakots/62318,True,russia_internal,security_cases,neg,Assassination attempt on DPR official Andrey Pinchuk in Moscow using parcel bomb with directional charges.,731782,1300
2026-06-12 17:32:00,sashakots,62319,https://t.me/sashakots/62319,False,none,none,neu,,37902,7
2026-06-12 17:49:30,sashakots,62320,https://t.me/sashakots/62320,False,none,none,neu,,36663,15
2026-06-12 17:55:00,dva_majors,94454,https://t.me/dva_majors/94454,True,west_nato,other,neg,"US intelligence chief disclosed 120 US military biolabs in 30 countries, including active ones in Ukraine.",112949,202
2026-06-12 18:24:57,wargonzo,34784,https://t.me/wargonzo/34784,True,ukraine_strikes_on_russia,drones_on_regions,neg,Ukrainian forces target civilians and emergency services in Belgorod region with repeated strikes.,37537,28
2026-06-12 18:41:53,rybar,81029,https://t.me/rybar/81029,True,west_nato,military_aid,pos,US B-1B and B-52H bombers conducting near-daily training flights from Britain since mid-April.,181305,34
2026-06-12 18:53:02,dva_majors,94455,https://t.me/dva_majors/94455,False,none,none,neu,,107498,17
2026-06-12 19:03:24,dva_majors,94456,https://t.me/dva_majors/94456,True,russia_internal,security_cases,pos,Russian security forces arrested Crimean resident who filmed fuel trucks and criticized military online.,115597,621
2026-06-12 19:31:10,vysokygovorit,23119,https://t.me/vysokygovorit/23119,False,none,none,neu,,98844,81
2026-06-12 19:49:01,rybar,81030,https://t.me/rybar/81030,True,ukraine_strikes_on_russia,drones_on_regions,neg,Ukrainian drone and missile attacks on Russian regions increasing in scale with no sign of ammunition exhaustion.,184141,24
2026-06-12 20:00:07,rybar,81032,https://t.me/rybar/81032,False,none,none,neu,,198911,93
2026-06-12 20:00:07,rybar,81031,https://t.me/rybar/81031,True,strikes_on_ukraine,other,neu,Russian strikes on Ukrainian fuel infrastructure and traction stations; continued intense fighting on Zaporizhzhia direction.,198366,90
2026-06-12 20:02:53,dva_majors,94457,https://t.me/dva_majors/94457,False,none,none,neu,,107640,1158
2026-06-12 20:10:57,ngp_razvedka,25551,https://t.me/ngp_razvedka/25551,False,none,none,neu,,18283,12
2026-06-12 20:13:32,dva_majors,94458,https://t.me/dva_majors/94458,False,none,none,neu,,110230,276
2026-06-12 20:31:15,Sladkov_plus,15636,https://t.me/Sladkov_plus/15636,False,none,none,neu,,105614,40
2026-06-12 20:33:30,rybar,81033,https://t.me/rybar/81033,False,none,none,neu,,182855,312
2026-06-12 20:45:14,dva_majors,94459,https://t.me/dva_majors/94459,False,none,none,neu,,110216,1
2026-06-12 21:35:16,rybar,81034,https://t.me/rybar/81034,True,ukraine_strikes_on_russia,drones_on_regions,neg,Ukrainian drone attacks are main concern for Russian population; detailed analysis of Ukrainian attack methods and reserves.,194037,21
2026-06-12 22:19:30,dva_majors,94461,https://t.me/dva_majors/94461,False,none,none,neu,,111599,51
2026-06-12 22:28:40,ngp_razvedka,25552,https://t.me/ngp_razvedka/25552,False,none,none,neu,,20090,92
2026-06-13 05:01:48,rusich_army,29937,https://t.me/rusich_army/29937,False,none,none,neu,,115387,8
2026-06-13 06:01:49,dva_majors,94462,https://t.me/dva_majors/94462,True,ukraine_strikes_on_russia,drones_on_regions,neg,"Ukrainian drones attacked Temryuk port terminal; one killed, three wounded; 177 drones intercepted overnight.",108584,224
2026-06-13 06:12:28,dva_majors,94463,https://t.me/dva_majors/94463,False,none,none,neu,,87564,10
2026-06-13 06:20:00,rybar,81035,https://t.me/rybar/81035,True,west_nato,alliance_politics,neg,NATO generals warn Russia could attack NATO members by 2029 with sufficient military capability restored.,184848,71
2026-06-13 06:20:46,dva_majors,94464,https://t.me/dva_majors/94464,True,strikes_on_ukraine,other,pos,"Russia deployed new Geran-5 jet-powered drone with higher speed, harder to intercept from small arms.",87306,135
2026-06-13 06:24:34,sashakots,62321,https://t.me/sashakots/62321,True,russia_internal,other,neg,Regional official describes daily Ukrainian drone attacks expanding into civilian transport in border areas with casualties.,72871,93
2026-06-13 06:40:29,dva_majors,94465,https://t.me/dva_majors/94465,True,russia_internal,mobilisation,neu,Over 1.5 million people engaged in armed struggle through volunteer corps alongside official military service.,88402,41
2026-06-13 06:46:19,rybar,81036,https://t.me/rybar/81036,True,ukraine_strikes_on_russia,drones_on_regions,neg,60% of Ukrainian deep-strike drones in May were decoys without warheads; forcing Russia to waste expensive air defense.,184597,274
2026-06-13 06:49:34,dva_majors,94466,https://t.me/dva_majors/94466,True,strikes_on_ukraine,deep_strikes,pos,Russia uses online-controlled Geran drones via relay systems while satellite constellation deployment continues.,84793,69
2026-06-13 06:57:24,Sladkov_plus,15637,https://t.me/Sladkov_plus/15637,False,none,none,neu,,100944,45
2026-06-13 06:57:43,dva_majors,94467,https://t.me/dva_majors/94467,False,none,none,neu,,81977,0
2026-06-13 07:00:10,dva_majors,94468,https://t.me/dva_majors/94468,False,none,none,neu,,81065,13
2026-06-13 07:01:23,rybar,81037,https://t.me/rybar/81037,False,none,none,neu,,123850,37
2026-06-13 07:03:31,rusich_army,29938,https://t.me/rusich_army/29938,True,ukraine_strikes_on_russia,drones_on_regions,neg,177 drones shot down overnight; 362 total destroyed; Temryuk terminals attacked again with fire; multiple regional strikes.,94615,52
2026-06-13 07:06:26,dva_majors,94470,https://t.me/dva_majors/94470,False,none,none,neu,,94489,239
2026-06-13 07:06:26,dva_majors,94469,https://t.me/dva_majors/94469,True,ukraine_strikes_on_russia,drones_on_regions,neg,"One civilian killed, five wounded in Kherson region from Ukrainian drone attacks on vehicles and infrastructure.",99425,242
2026-06-13 07:10:12,wargonzo,34791,https://t.me/wargonzo/34791,False,none,none,neu,,40672,61
2026-06-13 07:10:12,wargonzo,34790,https://t.me/wargonzo/34790,False,none,none,neu,,43787,61
2026-06-13 07:10:12,wargonzo,34789,https://t.me/wargonzo/34789,False,none,none,neu,,42910,61
2026-06-13 07:10:12,wargonzo,34788,https://t.me/wargonzo/34788,False,none,none,neu,,37765,61
2026-06-13 07:10:12,wargonzo,34787,https://t.me/wargonzo/34787,False,none,none,neu,,38609,61
2026-06-13 07:10:12,wargonzo,34786,https://t.me/wargonzo/34786,False,none,none,neu,,38746,62
2026-06-13 07:10:12,wargonzo,34785,https://t.me/wargonzo/34785,True,frontline,other,neu,"Russian forces advance on Zaporizhzhia and Donets fronts; fighting near Myrne, Ternovate, and Konstuntynivka.",40610,61
2026-06-13 07:27:11,dva_majors,94471,https://t.me/dva_majors/94471,True,ukraine_strikes_on_russia,other,neg,Ukrainian forces using drones to remotely mine Crimea roads with improvised devices disguised as household items.,96416,401
2026-06-13 07:29:40,dva_majors,94472,https://t.me/dva_majors/94472,False,none,none,neu,,130135,343
2026-06-13 07:31:45,dva_majors,94473,https://t.me/dva_majors/94473,False,none,none,neu,,91413,138
2026-06-13 07:48:10,sashakots,62322,https://t.me/sashakots/62322,True,west_nato,military_aid,neg,Western European governments fail to increase defense spending despite NATO promises on Russian threat.,37040,23
2026-06-13 08:03:32,dva_majors,94474,https://t.me/dva_majors/94474,True,ukraine_strikes_on_russia,other,neg,Ukrainian attacks on Dzhankoi bridge near Crimea; traffic rerouted via alternate road; services working on-site.,98770,127
2026-06-13 08:15:04,epoddubny,27750,https://t.me/epoddubny/27750,True,strikes_on_ukraine,fuel_infrastructure,pos,Russia strikes Krivoy Rog thermal power station to disrupt military supply transport.,69368,73
2026-06-13 08:23:39,dva_majors,94475,https://t.me/dva_majors/94475,True,west_nato,alliance_politics,neg,"Lithuania, Poland, France conduct Suwalki Corridor exercises to control access routes to Kaliningrad.",151334,725
2026-06-13 08:25:20,sashakots,62323,https://t.me/sashakots/62323,True,strikes_on_ukraine,fuel_infrastructure,pos,Russia strikes Krivoy Rog thermal power station to disrupt military supply transport.,28741,25
2026-06-13 08:32:27,dva_majors,94476,https://t.me/dva_majors/94476,True,russia_internal,other,neg,"Military medic recounts inability to save severely wounded soldier, experiencing helplessness and trauma.",91552,92
2026-06-13 08:33:01,rybar,81040,https://t.me/rybar/81040,False,none,none,neu,,185174,37
2026-06-13 08:33:01,rybar,81039,https://t.me/rybar/81039,False,none,none,neu,,191680,37
2026-06-13 08:33:01,rybar,81038,https://t.me/rybar/81038,False,none,none,neu,,176453,47
2026-06-13 08:50:16,vysokygovorit,23120,https://t.me/vysokygovorit/23120,False,none,none,neu,,92278,115
2026-06-13 08:55:46,sashakots,62324,https://t.me/sashakots/62324,True,frontline,hulyaipole,pos,Russian air force and strike drones attacked Ukrainian reserves and artillery on Zaporizhzhia direction.,34970,29
2026-06-13 09:01:06,rusich_army,29939,https://t.me/rusich_army/29939,False,none,none,neu,,80754,30
2026-06-13 09:14:01,wargonzo,34792,https://t.me/wargonzo/34792,True,west_nato,military_aid,pos,Trump administration may cut US military aid to Europe by 30-100% across platforms and systems.,34371,25
2026-06-13 09:16:56,epoddubny,27751,https://t.me/epoddubny/27751,True,strikes_on_ukraine,deep_strikes,pos,Russian airstrikes using FAB-3000 and FAB-1500 destroyed Ukrainian shelters and equipment near Belitskoe and Shchurovo.,39205,48
2026-06-13 09:49:10,epoddubny,27752,https://t.me/epoddubny/27752,True,russia_internal,other,neg,Russian official describes escalating Ukrainian drone attacks on Belgorod civilians and civilian infrastructure.,34154,28
2026-06-13 09:52:42,rybar,81041,https://t.me/rybar/81041,True,west_nato,other,pos,"US intelligence officially acknowledges existence of 40+ biolab facilities in Ukraine, validating Russian claims.",270456,795
2026-06-13 10:02:19,dva_majors,94480,https://t.me/dva_majors/94480,False,none,none,neu,,92361,72
2026-06-13 10:02:19,dva_majors,94479,https://t.me/dva_majors/94479,False,none,none,neu,,105865,72
2026-06-13 10:02:19,dva_majors,94478,https://t.me/dva_majors/94478,False,none,none,neu,,102081,73
2026-06-13 10:02:19,dva_majors,94477,https://t.me/dva_majors/94477,True,russia_internal,other,pos,"D.Skiff 'Infantryman-M' body armor passes comprehensive tests including water, fragmentation and explosive resistance.",84361,73
2026-06-13 10:03:41,epoddubny,27753,https://t.me/epoddubny/27753,True,frontline,other,pos,Russian artillery destroyed Ukrainian command posts and shelters in Konstantinovka with guided munitions.,52821,48
2026-06-13 10:30:30,dva_majors,94481,https://t.me/dva_majors/94481,True,west_nato,military_aid,neu,US military tests CURTAIN CALL drone swarm system for autonomous air defense against multiple simultaneous threats.,92675,141
2026-06-13 10:46:01,epoddubny,27754,https://t.me/epoddubny/27754,False,none,none,neu,,50273,9
2026-06-13 11:02:01,rusich_army,29940,https://t.me/rusich_army/29940,True,west_nato,alliance_politics,neg,"NATO conducts Dzielny Dzik military exercises near Kaliningrad with 6000 troops, including German and Polish forces.",169159,174
2026-06-13 11:08:09,vysokygovorit,23121,https://t.me/vysokygovorit/23121,True,west_nato,alliance_politics,neg,"NATO conducts Dzielny Dzik military exercises near Kaliningrad with 6000 troops, including German and Polish forces.",75157,97
2026-06-13 11:22:29,ngp_razvedka,25553,https://t.me/ngp_razvedka/25553,True,west_nato,alliance_politics,neg,NATO Suwalki corridor exercises create tension point on Kaliningrad border despite stated defensive purposes.,19369,61
2026-06-13 11:26:27,Sladkov_plus,15638,https://t.me/Sladkov_plus/15638,False,none,none,neu,,100332,361
2026-06-13 11:31:35,wargonzo,34793,https://t.me/wargonzo/34793,True,west_nato,negotiations,neu,"Iran and US near agreement including Hormuz Strait opening, US naval blockade removal, and sanctions relief.",37154,11
2026-06-13 11:43:11,sashakots,62325,https://t.me/sashakots/62325,True,strikes_on_ukraine,deep_strikes,pos,"Putin outlines three-pronged Russian response to Ukrainian drone attacks: air defense, infrastructure repair, and strikes.",41638,141
2026-06-13 12:11:06,rybar,81042,https://t.me/rybar/81042,True,russia_internal,other,neu,DIY radar production differs fundamentally from military-grade manufacturing despite cost advantages.,187893,109
2026-06-13 12:46:50,dva_majors,94482,https://t.me/dva_majors/94482,True,west_nato,other,pos,"US intelligence officially acknowledges existence of 40+ biolab facilities in Ukraine, validating Russian claims.",79604,198
2026-06-13 12:58:02,dva_majors,94484,https://t.me/dva_majors/94484,False,none,none,neu,,94009,1
2026-06-13 12:58:02,dva_majors,94483,https://t.me/dva_majors/94483,False,none,none,neu,,97468,1
2026-06-13 13:03:53,rusich_army,29944,https://t.me/rusich_army/29944,False,none,none,neu,,147878,28
2026-06-13 13:16:53,rybar,81043,https://t.me/rybar/81043,True,west_nato,other,neg,French education system investigation reveals widespread child abuse and sexual violence in Paris schools and daycare.,182420,130
2026-06-13 13:21:43,epoddubny,27755,https://t.me/epoddubny/27755,True,ukraine_strikes_on_russia,other,neg,"Ukrainian drones attacked Zaporizhzhia nuclear facility transport section, damaging vehicles and fuel infrastructure.",53933,74
2026-06-13 13:30:42,dva_majors,94485,https://t.me/dva_majors/94485,True,ukraine_strikes_on_russia,other,neg,"Ukrainian drones attacked Crimean Titan chemical plant with 20+ aircraft, highlighting disregard for environmental concerns.",135702,1720
2026-06-13 13:32:25,Sladkov_plus,15639,https://t.me/Sladkov_plus/15639,True,criticism,army_command,neg,Russian military looting during war requires post-conflict accountability and justice measures.,111284,147
2026-06-13 13:39:32,wargonzo,34794,https://t.me/wargonzo/34794,True,frontline,other,pos,Russian drone operators destroy Ukrainian robotic vehicles near Orihiv using coordinated FPV drone strikes.,39897,22
2026-06-13 13:50:51,sashakots,62326,https://t.me/sashakots/62326,True,west_nato,rearmament,pos,"Franco-German MGCS tank and fighter jet programs face budget cuts and delays, weakening European military capacity.",34115,49
2026-06-13 13:58:58,dva_majors,94486,https://t.me/dva_majors/94486,True,west_nato,military_aid,neg,"Ukraine establishes military production network across NATO countries, retaining design control and combat experience.",94028,214
2026-06-13 14:13:55,vysokygovorit,23122,https://t.me/vysokygovorit/23122,False,none,none,neu,,81985,51
2026-06-13 14:16:18,vysokygovorit,23123,https://t.me/vysokygovorit/23123,True,criticism,army_command,neg,Russian forces abandoned positions without resistance during 2022 Kharkiv retreat; Western strategy relied on this tactic.,85532,325
2026-06-13 14:24:32,dva_majors,94487,https://t.me/dva_majors/94487,True,frontline,other,pos,"Russian Marines eliminate Ukrainian sabotage group near Voskresenka, obtain intelligence from captured phone.",94635,76
2026-06-13 14:32:29,dva_majors,94488,https://t.me/dva_majors/94488,True,ukraine_strikes_on_russia,crimea_energy,neg,Ukraine conducts coordinated information-warfare campaign against Crimea using strikes and media coverage.,165742,637
2026-06-13 14:55:34,rusich_army,29945,https://t.me/rusich_army/29945,False,none,none,neu,,30199,11
2026-06-13 15:05:38,rusich_army,29946,https://t.me/rusich_army/29946,True,russia_internal,mobilisation,pos,Russian law allows commercial companies to destroy Ukrainian drones without military coordination to protect infrastructure.,124749,187
2026-06-13 15:07:41,rybar,81044,https://t.me/rybar/81044,True,frontline,other,pos,Ukrainian forces destroy key bridge near Andriivka using coordinated FPV drone swarm attacks on structural supports.,190067,193
2026-06-13 15:42:31,wargonzo,34795,https://t.me/wargonzo/34795,False,none,none,neu,,38449,11
2026-06-13 16:00:54,dva_majors,94489,https://t.me/dva_majors/94489,True,criticism,government,neg,"Post advocates dehumanization tactics in warfare, claiming Ukrainian methods justify Russian retaliatory atrocities.",109912,921
2026-06-13 16:01:02,rybar,81046,https://t.me/rybar/81046,True,frontline,other,pos,"Russian forces continue offensive in Konstantinovka, advancing through urban terrain despite Ukrainian resistance.",192698,133
2026-06-13 16:33:22,sashakots,62327,https://t.me/sashakots/62327,True,strikes_on_ukraine,other,neg,"Children injured in Belgorod from Ukrainian strikes; regional officials visit hospital, acknowledge challenges.",31485,60
2026-06-13 16:59:01,sashakots,62333,https://t.me/sashakots/62333,False,none,none,neu,,40609,123
2026-06-13 16:59:01,sashakots,62332,https://t.me/sashakots/62332,False,none,none,neu,,44491,123
2026-06-13 16:59:01,sashakots,62331,https://t.me/sashakots/62331,False,none,none,neu,,34387,124
2026-06-13 16:59:01,sashakots,62330,https://t.me/sashakots/62330,False,none,none,neu,,35544,124
2026-06-13 16:59:01,sashakots,62329,https://t.me/sashakots/62329,False,none,none,neu,,32835,124
2026-06-13 16:59:01,sashakots,62328,https://t.me/sashakots/62328,False,none,none,neu,,28040,125
2026-06-13 17:05:22,rybar,81047,https://t.me/rybar/81047,True,west_nato,other,neg,USA allegedly funded 120 biological laboratories across 30 countries including Caucasus region through DTRA program.,179921,169
2026-06-13 17:16:14,dva_majors,94490,https://t.me/dva_majors/94490,True,west_nato,military_aid,neg,"Ukrainian military specialists to establish drone defense systems in Latvia, suggesting future Ukrainian drone launches.",113485,383
2026-06-13 17:28:18,wargonzo,34799,https://t.me/wargonzo/34799,False,none,none,neu,,43535,111
2026-06-13 17:28:18,wargonzo,34798,https://t.me/wargonzo/34798,False,none,none,neu,,46103,111
2026-06-13 17:28:18,wargonzo,34797,https://t.me/wargonzo/34797,False,none,none,neu,,45883,111
2026-06-13 17:28:18,wargonzo,34796,https://t.me/wargonzo/34796,True,west_nato,other,neg,Ukraine denies US intelligence confirming 40 secret bioweapon laboratories operated with American funding.,38377,112
2026-06-13 17:36:06,sashakots,62334,https://t.me/sashakots/62334,False,none,none,neu,,37812,7
2026-06-13 17:44:03,rybar,81048,https://t.me/rybar/81048,True,west_nato,rearmament,neu,US Air Force F-47 sixth-generation fighter program faces potential cost overruns and budget cuts.,184504,39
2026-06-13 17:47:03,ngp_razvedka,25555,https://t.me/ngp_razvedka/25555,True,frontline,hulyaipole,neg,"Ukraine prepares offensive on Zaporizhzhia direction with reconnaissance, drone deployment, attempting Crimea corridor blockade.",41588,708
2026-06-13 17:56:23,sashakots,62335,https://t.me/sashakots/62335,False,none,none,neu,,39631,10
2026-06-13 18:24:01,rybar,81049,https://t.me/rybar/81049,True,west_nato,other,neg,"US declassified documents reveal funding 120+ biological labs in 30 countries, including dangerous pathogens work.",186114,139
2026-06-13 19:38:51,dva_majors,94491,https://t.me/dva_majors/94491,True,west_nato,rearmament,neg,German commander warns Russia may deploy nuclear weapons in space; Germany announces space defense development.,103467,84
2026-06-13 19:48:14,dva_majors,94492,https://t.me/dva_majors/94492,True,strikes_on_ukraine,other,pos,Crimean city Armyansk air quality meets hygiene standards after drone strike; no chemical contamination confirmed.,96975,70
2026-06-13 19:48:15,dva_majors,94494,https://t.me/dva_majors/94494,False,none,none,neu,,98989,68
2026-06-13 19:48:15,dva_majors,94493,https://t.me/dva_majors/94493,False,none,none,neu,,101550,68
2026-06-13 19:48:20,rybar,81052,https://t.me/rybar/81052,False,none,none,neu,,207235,95
2026-06-13 19:48:20,rybar,81051,https://t.me/rybar/81051,False,none,none,neu,,208723,97
2026-06-13 19:48:20,rybar,81050,https://t.me/rybar/81050,True,frontline,other,neu,Russian forces strike crossing at Mayaky; Ukrainian drones attack Crimea energy infrastructure daily.,193083,88
2026-06-13 19:50:15,dva_majors,94495,https://t.me/dva_majors/94495,False,none,none,neu,,102760,20
2026-06-13 20:03:27,Sladkov_plus,15640,https://t.me/Sladkov_plus/15640,True,frontline,other,pos,"Russian forces achieve strategic victory on Konstantinovsk direction, Ukrainian forces surrendering or attempting breakthrough.",104117,69
2026-06-13 20:08:01,rybar,81053,https://t.me/rybar/81053,True,criticism,government,neg,"US intelligence officially confirms bio-laboratories in Ukraine, indicating hidden research facilities across multiple regions.",274642,46
2026-06-13 20:18:11,dva_majors,94496,https://t.me/dva_majors/94496,True,ukraine_strikes_on_russia,drones_on_regions,neg,Ukrainian drone attacks damage Zaporizhzhia energy infrastructure causing partial power outages in region.,107060,119
2026-06-13 20:28:53,vysokygovorit,23124,https://t.me/vysokygovorit/23124,True,west_nato,rearmament,neg,"European NATO members worried about potential US military withdrawal reducing aircraft, drones, fighters and ships by 30-50%.",107811,129
2026-06-13 20:54:05,dva_majors,94497,https://t.me/dva_majors/94497,False,none,none,neu,,112477,14
2026-06-13 21:07:03,dva_majors,94499,https://t.me/dva_majors/94499,False,none,none,neu,,117379,100
2026-06-13 21:07:03,dva_majors,94498,https://t.me/dva_majors/94498,True,ukraine_strikes_on_russia,drones_on_regions,neg,Ukrainian FAB strikes on Zaporizhzhia cause power and water outages in city.,120932,103
2026-06-14 03:59:58,dva_majors,94500,https://t.me/dva_majors/94500,False,none,none,neu,,112747,115
2026-06-14 05:02:08,rusich_army,29950,https://t.me/rusich_army/29950,False,none,none,neu,,102864,10
2026-06-14 05:52:30,dva_majors,94504,https://t.me/dva_majors/94504,False,none,none,neu,,92490,371
2026-06-14 05:52:30,dva_majors,94503,https://t.me/dva_majors/94503,False,none,none,neu,,91531,371
2026-06-14 05:52:30,dva_majors,94502,https://t.me/dva_majors/94502,False,none,none,neu,,92971,372
2026-06-14 05:52:30,dva_majors,94501,https://t.me/dva_majors/94501,True,ukraine_strikes_on_russia,drones_on_regions,neg,Ukraine struck fuel storage and chemical plants in Russian regions; 249 drones reportedly destroyed by air defense.,89397,377
2026-06-14 06:00:08,dva_majors,94506,https://t.me/dva_majors/94506,False,none,none,neu,,88837,44
2026-06-14 06:00:08,dva_majors,94505,https://t.me/dva_majors/94505,True,strikes_on_ukraine,deep_strikes,pos,"Russian FABs struck energy infrastructure in Zaporizhzhia, Sumy, and Mykolaiv causing power outages.",91266,55
2026-06-14 06:00:57,dva_majors,94507,https://t.me/dva_majors/94507,True,west_nato,military_aid,neg,US intelligence office acknowledged US biolaboratories on Ukraine; similar facilities exist in Caucasus and Europe.,81033,11
2026-06-14 06:14:33,dva_majors,94508,https://t.me/dva_majors/94508,True,ukraine_strikes_on_russia,drones_on_regions,neg,All districts of Kherson region completely or partially de-energized after drone attacks.,96040,145
2026-06-14 06:23:06,epoddubny,27756,https://t.me/epoddubny/27756,True,frontline,other,pos,Russian air strikes with FABs hit Ukrainian military positions near Kramatovsk in multiple locations.,52676,51
2026-06-14 06:27:01,rybar,81054,https://t.me/rybar/81054,True,west_nato,military_aid,pos,US intelligence confirmed American biolaboratories on Ukraine; similar facilities exist globally.,188123,38
2026-06-14 06:44:20,rusich_army,29951,https://t.me/rusich_army/29951,True,ukraine_strikes_on_russia,drones_on_regions,neg,Ukraine attacked Russian fuel and chemical facilities; 249 drones destroyed; fires reported at refineries.,129531,68
2026-06-14 06:50:47,dva_majors,94509,https://t.me/dva_majors/94509,False,none,none,neu,,93116,102
2026-06-14 07:02:30,dva_majors,94510,https://t.me/dva_majors/94510,False,none,none,neu,,95794,17
2026-06-14 07:10:11,wargonzo,34806,https://t.me/wargonzo/34806,False,none,none,neu,,42001,59
2026-06-14 07:10:11,wargonzo,34805,https://t.me/wargonzo/34805,False,none,none,neu,,44092,59
2026-06-14 07:10:11,wargonzo,34804,https://t.me/wargonzo/34804,False,none,none,neu,,43093,59
2026-06-14 07:10:11,wargonzo,34803,https://t.me/wargonzo/34803,False,none,none,neu,,41053,61
2026-06-14 07:10:11,wargonzo,34802,https://t.me/wargonzo/34802,False,none,none,neu,,41492,61
2026-06-14 07:10:11,wargonzo,34801,https://t.me/wargonzo/34801,False,none,none,neu,,39578,59
2026-06-14 07:10:11,wargonzo,34800,https://t.me/wargonzo/34800,True,frontline,hulyaipole,neu,Russian forces conduct operations in Zaporizhzhia and Donets directions with ongoing battles reported.,41356,60
2026-06-14 07:23:49,dva_majors,94511,https://t.me/dva_majors/94511,True,west_nato,military_aid,neg,SpaceX developing satellite constellation for US air defense system; US dominates space militarization.,92195,318
2026-06-14 07:23:54,dva_majors,94512,https://t.me/dva_majors/94512,False,none,none,neu,,0,0
2026-06-14 07:34:26,rybar,81055,https://t.me/rybar/81055,True,west_nato,other,neg,British forces intercepted Russian shadow fleet tanker in English Channel under international pressure.,191469,178
2026-06-14 07:46:48,dva_majors,94513,https://t.me/dva_majors/94513,True,ukraine_strikes_on_russia,drones_on_regions,neg,"Ukraine conducted long-range drone campaign against Russian logistics, energy, and industrial targets.",434763,632
2026-06-14 07:53:01,sashakots,62336,https://t.me/sashakots/62336,True,west_nato,negotiations,neu,Putin opposes NATO expansion and EU militarization; Russia demands written guarantee against NATO eastward expansion.,36940,31
2026-06-14 08:00:21,wargonzo,34807,https://t.me/wargonzo/34807,True,ukraine_strikes_on_russia,drones_on_regions,neg,"Ukrainian drone struck residential building in Orel; one killed, nine wounded.",30910,26
2026-06-14 08:25:56,dva_majors,94514,https://t.me/dva_majors/94514,True,west_nato,other,neg,Britain intercepted Russian shadow fleet tanker Smyrtos in English Channel with naval and coast guard forces.,89969,239
2026-06-14 08:34:57,rybar,81056,https://t.me/rybar/81056,True,ukraine_strikes_on_russia,drones_on_regions,neg,"Ukraine conducted long-range drone campaign against Russian logistics, energy, and industrial targets.",166746,89
2026-06-14 08:42:01,wargonzo,34808,https://t.me/wargonzo/34808,True,frontline,other,pos,Russian soldiers conducted assault on Ukrainian positions with drone support near Orekovo.,28188,37
2026-06-14 08:54:54,rybar,81058,https://t.me/rybar/81058,False,none,none,neu,,177055,59
2026-06-14 08:54:54,rybar,81057,https://t.me/rybar/81057,True,west_nato,other,neg,Five Eyes intelligence alliance warns China actively recruits spies from allied nations via online platforms.,178422,59
2026-06-14 08:55:28,dva_majors,94515,https://t.me/dva_majors/94515,True,ukraine_strikes_on_russia,drones_on_regions,neg,Zelenskyy confirmed Ukrainian long-range drone strikes on Russian fuel and chemical facilities.,85656,291
2026-06-14 09:01:28,dva_majors,94516,https://t.me/dva_majors/94516,True,ukraine_strikes_on_russia,drones_on_regions,neg,"Ukrainian drone attack on Saki, Crimea killed elderly woman; Crimean governor appeals for calm.",83793,173
2026-06-14 09:02:53,epoddubny,27757,https://t.me/epoddubny/27757,True,frontline,other,pos,"Russian forces destroyed Ukrainian drone control point in Novogrishino, Donetsk with Garpiya strikes.",91337,44
2026-06-14 09:04:05,rusich_army,29952,https://t.me/rusich_army/29952,True,frontline,other,pos,Russian forces employ manned armored vehicles with flame systems against Ukrainian positions.,77190,23
2026-06-14 09:13:01,wargonzo,34809,https://t.me/wargonzo/34809,True,west_nato,negotiations,neu,"Trump appoints Tulsi Gabbard as US Director of National Intelligence, signaling potential shift on Ukraine policy.",32805,53
2026-06-14 09:25:07,dva_majors,94517,https://t.me/dva_majors/94517,False,none,none,neu,,83726,1
2026-06-14 09:26:01,rybar,81059,https://t.me/rybar/81059,True,russia_internal,security_cases,neg,Pentagon funds Central Asian laboratories for dangerous pathogen research without proper oversight or transparency.,174480,116
2026-06-14 09:29:54,dva_majors,94522,https://t.me/dva_majors/94522,False,none,none,neu,,93997,491
2026-06-14 09:29:54,dva_majors,94521,https://t.me/dva_majors/94521,False,none,none,neu,,99180,491
2026-06-14 09:29:54,dva_majors,94520,https://t.me/dva_majors/94520,False,none,none,neu,,93557,491
2026-06-14 09:29:54,dva_majors,94519,https://t.me/dva_majors/94519,False,none,none,neu,,88684,491
2026-06-14 09:29:54,dva_majors,94518,https://t.me/dva_majors/94518,True,ukraine_strikes_on_russia,drones_on_regions,neg,Ukrainian drones strike fuel storage in Yaroslavl; blogger demands retaliation instead of negotiations.,91729,505
2026-06-14 09:37:00,dva_majors,94530,https://t.me/dva_majors/94530,False,none,none,neu,,77990,353
2026-06-14 09:37:00,dva_majors,94529,https://t.me/dva_majors/94529,False,none,none,neu,,79204,353
2026-06-14 09:37:00,dva_majors,94528,https://t.me/dva_majors/94528,False,none,none,neu,,78087,353
2026-06-14 09:37:00,dva_majors,94527,https://t.me/dva_majors/94527,False,none,none,neu,,79628,353
2026-06-14 09:37:00,dva_majors,94526,https://t.me/dva_majors/94526,False,none,none,neu,,78450,353
2026-06-14 09:37:00,dva_majors,94525,https://t.me/dva_majors/94525,False,none,none,neu,,76776,354
2026-06-14 09:37:00,dva_majors,94524,https://t.me/dva_majors/94524,False,none,none,neu,,75686,353
2026-06-14 09:37:00,dva_majors,94523,https://t.me/dva_majors/94523,True,ukraine_strikes_on_russia,drones_on_regions,neu,Analysis of captured US-made Hornet drone used by Ukraine for deep strikes up to 150 km into Russia.,74734,368
2026-06-14 09:45:02,dva_majors,94531,https://t.me/dva_majors/94531,True,frontline,other,pos,"Russian forces advance in Donetsk, establishing control over Krasny Liman and Konstantinovka areas.",90179,65
2026-06-14 09:55:47,dva_majors,94532,https://t.me/dva_majors/94532,True,west_nato,alliance_politics,pos,Russia holds elections unlike Ukrainian junta; blogger contrasts democratic legitimacy with Zelensky's regime.,87123,36
2026-06-14 10:05:06,dva_majors,94537,https://t.me/dva_majors/94537,False,none,none,neu,,95384,104
2026-06-14 10:05:06,dva_majors,94536,https://t.me/dva_majors/94536,False,none,none,neu,,96048,104
2026-06-14 10:05:06,dva_majors,94535,https://t.me/dva_majors/94535,False,none,none,neu,,88284,105
2026-06-14 10:05:06,dva_majors,94534,https://t.me/dva_majors/94534,False,none,none,neu,,85190,105
2026-06-14 10:05:06,dva_majors,94533,https://t.me/dva_majors/94533,False,none,none,neu,,85220,105
2026-06-14 10:09:52,sashakots,62337,https://t.me/sashakots/62337,True,frontline,hulyaipole,pos,Russian forces breakthrough using maneuver tactics; Konstantinovka divided by military advances from Eastern Front.,43665,108
2026-06-14 10:21:58,dva_majors,94538,https://t.me/dva_majors/94538,True,ukraine_strikes_on_russia,drones_on_regions,pos,"Russian drone strikes Ukrainian locomotive in Kharkiv region, disrupting enemy logistics capabilities.",90682,70
2026-06-14 10:29:58,dva_majors,94548,https://t.me/dva_majors/94548,False,none,none,neu,,97561,85
2026-06-14 10:29:58,dva_majors,94547,https://t.me/dva_majors/94547,False,none,none,neu,,109367,82
2026-06-14 10:29:58,dva_majors,94546,https://t.me/dva_majors/94546,False,none,none,neu,,123276,83
2026-06-14 10:29:58,dva_majors,94545,https://t.me/dva_majors/94545,False,none,none,neu,,97368,80
2026-06-14 10:29:58,dva_majors,94544,https://t.me/dva_majors/94544,False,none,none,neu,,109488,82
2026-06-14 10:29:58,dva_majors,94543,https://t.me/dva_majors/94543,False,none,none,neu,,97491,82
2026-06-14 10:29:58,dva_majors,94542,https://t.me/dva_majors/94542,False,none,none,neu,,104410,81
2026-06-14 10:29:58,dva_majors,94541,https://t.me/dva_majors/94541,False,none,none,neu,,95821,87
2026-06-14 10:29:58,dva_majors,94540,https://t.me/dva_majors/94540,False,none,none,neu,,94186,85
2026-06-14 10:29:58,dva_majors,94539,https://t.me/dva_majors/94539,False,none,none,neu,,91668,83
2026-06-14 10:31:01,wargonzo,34810,https://t.me/wargonzo/34810,True,russia_internal,ideology_society,pos,"Sevastopol celebrates 243rd founding anniversary, enduring third defense against enemies while restoring Russian greatness.",35068,69
2026-06-14 10:33:15,epoddubny,27758,https://t.me/epoddubny/27758,True,frontline,other,pos,Russian forces clear 117 buildings in Konstantinovka; Ukrainian regime evacuates major cities westward.,50016,54
2026-06-14 10:42:01,rybar,81060,https://t.me/rybar/81060,True,west_nato,other,neg,US Section 702 surveillance law temporarily expires; NSA conducts mass digital collection on foreign populations globally.,180669,150
2026-06-14 11:00:22,rusich_army,29953,https://t.me/rusich_army/29953,True,frontline,hulyaipole,pos,Russian forces establish key defensive line in Eastern Zaporizhzhia; successful operations near Hulyaipole expand.,105921,63
2026-06-14 11:22:03,dva_majors,94549,https://t.me/dva_majors/94549,True,ukraine_strikes_on_russia,other,neg,Britain seizes Russian shadow fleet tanker Smyrtos for first time; UK enforces sanctions against 544 Russian vessels.,102930,167
2026-06-14 11:23:28,vysokygovorit,23127,https://t.me/vysokygovorit/23127,True,criticism,government,neg,Blogger criticizes lack of Russian response to British naval action as shameful and demands retaliatory measures.,131498,427
2026-06-14 11:23:55,epoddubny,27759,https://t.me/epoddubny/27759,True,frontline,hulyaipole,pos,Commander praises Russian soldiers; describes successful maneuver strategy liberating Konstantinovka from Ukrainian forces.,59913,88
2026-06-14 11:30:14,sashakots,62338,https://t.me/sashakots/62338,True,ukraine_strikes_on_russia,drones_on_regions,pos,Russian strikes target Ukrainian locomotives at rail hub; shift in 2026 strategy from power plants to railway logistics.,79514,350
2026-06-14 12:02:46,rybar,81061,https://t.me/rybar/81061,True,west_nato,other,neu,Italian government faces tension between mass remigration proposals and left-wing pro-immigration demonstrations.,169948,50
2026-06-14 12:11:09,sashakots,62339,https://t.me/sashakots/62339,True,frontline,other,pos,Russian drone interceptors destroy nine Ukrainian drones including multiple Hornets; enemy uses diverse drone types.,36642,24
2026-06-14 12:18:17,Sladkov_plus,15641,https://t.me/Sladkov_plus/15641,True,criticism,army_command,neg,Blogger criticizes insufficient counter-diversion operations in Russian rear areas; demands immediate offensive response.,94457,137
2026-06-14 12:25:36,wargonzo,34811,https://t.me/wargonzo/34811,False,none,none,neu,,33907,8
2026-06-14 12:46:01,rybar,81062,https://t.me/rybar/81062,True,west_nato,other,neg,US declassifies intelligence confirming biological laboratories in Ukraine; similar facilities exist in Asia-Pacific region.,171559,114
2026-06-14 12:59:28,rusich_army,29955,https://t.me/rusich_army/29955,False,none,none,neu,,55921,68
2026-06-14 12:59:28,rusich_army,29954,https://t.me/rusich_army/29954,True,ukraine_strikes_on_russia,other,neg,Britain captures Russian shadow fleet tanker Smyrtos using military forces; enforces sanctions against Russian vessels.,109208,72
2026-06-14 13:16:05,dva_majors,94550,https://t.me/dva_majors/94550,True,west_nato,other,neg,British special forces detained Russian tanker in overblown media operation; elite connections protect West from consequences.,101945,108
2026-06-14 13:20:11,Sladkov_plus,15643,https://t.me/Sladkov_plus/15643,True,russia_internal,ideology_society,pos,Nuclear weapons are decisive war factor; North Korea and Iran prove deterrent effect works against Western pressure.,94098,157
2026-06-14 13:36:26,ngp_razvedka,25556,https://t.me/ngp_razvedka/25556,False,none,none,neu,,17268,36
2026-06-14 13:39:01,rybar,81063,https://t.me/rybar/81063,False,none,none,neu,,179490,395
2026-06-14 14:11:48,sashakots,62340,https://t.me/sashakots/62340,True,criticism,government,neg,Ukrainian psychological operations exploit real Russian discontent to destabilize society through coordinated messaging campaigns.,280901,1160
2026-06-14 14:15:17,rybar,81064,https://t.me/rybar/81064,True,russia_internal,economy,neg,GlobalSign certificate revocation threatens thousands of Russian domains; technical infrastructure vulnerability exposes state to information isolation.,177348,291
2026-06-14 14:17:19,vysokygovorit,23128,https://t.me/vysokygovorit/23128,True,criticism,government,neg,Ukrainian psychological operations exploit real Russian discontent to destabilize society through coordinated messaging campaigns.,97291,391
2026-06-14 14:19:40,wargonzo,34812,https://t.me/wargonzo/34812,True,west_nato,alliance_politics,neu,Trump views China as primary geopolitical rival; tariff policy aims to slow Chinese economic growth despite alliance complications.,37707,22
2026-06-14 14:42:33,rybar,81065,https://t.me/rybar/81065,True,ukraine_strikes_on_russia,drones_on_regions,neg,"Ukraine launched 249 drones at Russian regions causing fires, damage to infrastructure including chemical plant and fuel storage.",184335,91
2026-06-14 15:03:13,rusich_army,29956,https://t.me/rusich_army/29956,False,none,none,neu,,87567,7
2026-06-14 15:03:38,dva_majors,94551,https://t.me/dva_majors/94551,False,none,none,neu,,96800,119
2026-06-14 15:05:31,rusich_army,29957,https://t.me/rusich_army/29957,False,none,none,neu,,116598,6
2026-06-14 15:21:07,sashakots,62341,https://t.me/sashakots/62341,True,west_nato,other,neg,Britain captured Russian tanker with theatrical military operation to boost PM rating; no real threat posed by ship.,35014,63
2026-06-14 15:29:58,dva_majors,94561,https://t.me/dva_majors/94561,False,none,none,neu,,101572,66
2026-06-14 15:29:58,dva_majors,94560,https://t.me/dva_majors/94560,False,none,none,neu,,119663,64
2026-06-14 15:29:58,dva_majors,94559,https://t.me/dva_majors/94559,False,none,none,neu,,113708,67
2026-06-14 15:29:58,dva_majors,94558,https://t.me/dva_majors/94558,False,none,none,neu,,95764,66
2026-06-14 15:29:58,dva_majors,94557,https://t.me/dva_majors/94557,False,none,none,neu,,106356,68
2026-06-14 15:29:58,dva_majors,94556,https://t.me/dva_majors/94556,False,none,none,neu,,101836,67
2026-06-14 15:29:58,dva_majors,94555,https://t.me/dva_majors/94555,False,none,none,neu,,101565,68
2026-06-14 15:29:58,dva_majors,94554,https://t.me/dva_majors/94554,False,none,none,neu,,96587,64
2026-06-14 15:29:58,dva_majors,94553,https://t.me/dva_majors/94553,False,none,none,neu,,92487,70
2026-06-14 15:29:58,dva_majors,94552,https://t.me/dva_majors/94552,False,none,none,neu,,91586,65
2026-06-14 15:39:58,rybar,81066,https://t.me/rybar/81066,False,none,none,neu,,211397,206
2026-06-14 15:49:23,ngp_razvedka,25557,https://t.me/ngp_razvedka/25557,False,none,none,neu,,17102,10
2026-06-14 16:19:22,dva_majors,94562,https://t.me/dva_majors/94562,True,criticism,government,neg,"Russian information warfare response to Ukrainian strikes is poorly coordinated, creating credibility gap and driving audiences to Ukrainian sources.",112924,186
2026-06-14 16:21:01,rybar,81067,https://t.me/rybar/81067,True,west_nato,military_aid,neu,US Senate approves $1.14 trillion defense budget with new drone-dedicated military command equal to CENTCOM and EUCOM.,186019,118
2026-06-14 16:22:47,vysokygovorit,23129,https://t.me/vysokygovorit/23129,True,west_nato,negotiations,neg,Trump cannot achieve his war goals on his 80th birthday; must await rival's agreement on ceasefire without appearing defeated.,106496,202
2026-06-14 16:59:01,sashakots,62347,https://t.me/sashakots/62347,False,none,none,neu,,46611,114
2026-06-14 16:59:01,sashakots,62346,https://t.me/sashakots/62346,False,none,none,neu,,48644,114
2026-06-14 16:59:01,sashakots,62345,https://t.me/sashakots/62345,False,none,none,neu,,35477,113
2026-06-14 16:59:01,sashakots,62344,https://t.me/sashakots/62344,False,none,none,neu,,35210,114
2026-06-14 16:59:01,sashakots,62343,https://t.me/sashakots/62343,False,none,none,neu,,33554,114
2026-06-14 16:59:01,sashakots,62342,https://t.me/sashakots/62342,True,criticism,other,neg,Historical parallel drawn: France surrendered to Nazis in 1940 after single air raid; vulnerability of great powers to military collapse.,31770,116
2026-06-14 17:05:07,rusich_army,29958,https://t.me/rusich_army/29958,True,frontline,other,pos,Drone warfare in tunnels effectively eliminates enemy escape routes through coordinated coordinated tactical operations.,124270,34
2026-06-14 17:06:22,wargonzo,34813,https://t.me/wargonzo/34813,True,russia_internal,ideology_society,neg,Soviet TASS statement denying German invasion plans 8 days before Operation Barbarossa showed naivety and misinformation failure.,42000,44
2026-06-14 17:07:03,dva_majors,94564,https://t.me/dva_majors/94564,False,none,none,neu,,109928,104
2026-06-14 17:07:03,dva_majors,94563,https://t.me/dva_majors/94563,True,russia_internal,ideology_society,pos,Putin claims only Russia defends itself against NATO; West's coordinated efforts to defeat Russia strategically failing.,111220,103
2026-06-14 17:13:27,dva_majors,94565,https://t.me/dva_majors/94565,True,west_nato,negotiations,neu,"Putin-Trump call: both discussed ending Ukrainian conflict; Trump willing to pressure Kyiv, though West may delay negotiations indefinitely.",111647,182
2026-06-14 17:13:58,rybar,81069,https://t.me/rybar/81069,False,none,none,neu,,176655,62
2026-06-14 17:13:58,rybar,81068,https://t.me/rybar/81068,True,russia_internal,elite_politics,neu,Armenian opposition protests election results claiming falsification; ruling party won with 49.7% amid allegations of administrative pressure.,177012,62
2026-06-14 17:32:59,sashakots,62348,https://t.me/sashakots/62348,False,none,none,neu,,39411,12
2026-06-14 17:56:52,sashakots,62349,https://t.me/sashakots/62349,False,none,none,neu,,40711,16
2026-06-14 18:03:00,dva_majors,94566,https://t.me/dva_majors/94566,True,strikes_on_ukraine,other,pos,Russian FAB munitions strike Ukrainian positions in Kharkiv region villages.,110285,58
2026-06-14 18:09:02,rybar,81070,https://t.me/rybar/81070,True,west_nato,negotiations,neu,Trump disputes Netanyahu's Beirut strike; Iran-Israel peace deal threatened.,183894,58
2026-06-14 18:24:06,rybar,81071,https://t.me/rybar/81071,True,russia_internal,mobilisation,pos,"Putin meets assault troops, announces Russian force exceeds 700,000 personnel in Ukraine.",286540,214
2026-06-14 18:47:30,dva_majors,94567,https://t.me/dva_majors/94567,True,russia_internal,security_cases,neg,Russian authorities warn photographers against documenting military sites; criminal charges threatened.,134475,124
2026-06-14 19:15:54,vysokygovorit,23130,https://t.me/vysokygovorit/23130,True,ukraine_strikes_on_russia,drones_on_regions,neu,Russia builds air defense on logistics routes; notes Ukraine shifts to cheap missiles like Iran.,149812,355
2026-06-14 19:22:05,dva_majors,94568,https://t.me/dva_majors/94568,True,ukraine_strikes_on_russia,drones_on_regions,pos,Russian air defense shoots down 104 Ukrainian drones over Russia and Black Sea region.,112271,40
2026-06-14 19:28:35,dva_majors,94569,https://t.me/dva_majors/94569,False,none,none,neu,,120704,44
2026-06-14 19:33:31,rybar,81072,https://t.me/rybar/81072,True,frontline,other,neu,Ukrainian infiltration groups advance in Dnipropetrovsk direction near Berezove village.,185075,105
2026-06-14 19:36:27,rybar,81073,https://t.me/rybar/81073,False,none,none,neu,,187437,19
2026-06-14 19:36:27,Sladkov_plus,15644,https://t.me/Sladkov_plus/15644,True,frontline,other,pos,Russian advance near Konstantinovka forces Ukraine to evacuate factories and personnel westward.,93959,96
2026-06-14 19:49:58,dva_majors,94570,https://t.me/dva_majors/94570,False,none,none,neu,,124360,2
2026-06-14 20:08:07,ngp_razvedka,25558,https://t.me/ngp_razvedka/25558,False,none,none,neu,,14818,26
2026-06-14 20:10:58,rybar,81074,https://t.me/rybar/81074,False,none,none,neu,,193504,13
2026-06-14 20:26:48,ngp_razvedka,25565,https://t.me/ngp_razvedka/25565,False,none,none,neu,,15252,48
2026-06-14 20:26:48,ngp_razvedka,25564,https://t.me/ngp_razvedka/25564,False,none,none,neu,,16085,48
2026-06-14 20:26:48,ngp_razvedka,25563,https://t.me/ngp_razvedka/25563,False,none,none,neu,,14477,48
2026-06-14 20:26:48,ngp_razvedka,25562,https://t.me/ngp_razvedka/25562,False,none,none,neu,,15093,48
2026-06-14 20:26:48,ngp_razvedka,25561,https://t.me/ngp_razvedka/25561,False,none,none,neu,,14799,48
2026-06-14 20:26:48,ngp_razvedka,25560,https://t.me/ngp_razvedka/25560,False,none,none,neu,,14914,48
2026-06-14 20:26:48,ngp_razvedka,25559,https://t.me/ngp_razvedka/25559,False,none,none,neu,,14304,48
2026-06-14 20:26:49,ngp_razvedka,25566,https://t.me/ngp_razvedka/25566,False,none,none,neu,,15234,48
2026-06-14 20:31:53,ngp_razvedka,25569,https://t.me/ngp_razvedka/25569,False,none,none,neu,,16065,42
2026-06-14 20:31:53,ngp_razvedka,25568,https://t.me/ngp_razvedka/25568,False,none,none,neu,,16631,43
2026-06-14 20:31:53,ngp_razvedka,25567,https://t.me/ngp_razvedka/25567,False,none,none,neu,,15009,42
2026-06-14 20:33:48,dva_majors,94571,https://t.me/dva_majors/94571,True,ukraine_strikes_on_russia,other,pos,Ukrainian Flamingo rockets malfunction during launch attempt near Odesa.,132737,254
2026-06-14 20:49:03,ngp_razvedka,25570,https://t.me/ngp_razvedka/25570,True,ukraine_strikes_on_russia,other,pos,Four Ukrainian makeshift Flamingo rockets detonate during launch attempt in Odesa.,20492,120
2026-06-14 21:12:30,rybar,81076,https://t.me/rybar/81076,False,none,none,neu,,203217,66
2026-06-14 21:12:30,rybar,81075,https://t.me/rybar/81075,True,strikes_on_ukraine,other,neu,Russian strikes on Ukrainian cities; Ukrainian drones attack Russian infrastructure causing damage.,204510,66
2026-06-14 21:54:06,vysokygovorit,23131,https://t.me/vysokygovorit/23131,True,west_nato,negotiations,pos,Iran signs peace deal with U.S.; Israel emerges as main loser from conflict.,127887,383
2026-06-14 22:29:32,ngp_razvedka,25571,https://t.me/ngp_razvedka/25571,False,none,none,neu,,14950,8
2026-06-14 22:33:33,ngp_razvedka,25572,https://t.me/ngp_razvedka/25572,False,none,none,neu,,16980,16
2026-06-14 22:37:00,ngp_razvedka,25573,https://t.me/ngp_razvedka/25573,False,none,none,neu,,16161,18
2026-06-14 22:54:05,ngp_razvedka,25574,https://t.me/ngp_razvedka/25574,False,none,none,neu,,16384,22
2026-06-14 23:06:56,ngp_razvedka,25575,https://t.me/ngp_razvedka/25575,False,none,none,neu,,15530,13
2026-06-14 23:37:42,ngp_razvedka,25576,https://t.me/ngp_razvedka/25576,True,strikes_on_ukraine,deep_strikes,neg,Ukrainian propaganda falsely blames Russia for Lavra damage; denies Russian responsibility.,17963,99
2026-06-15 00:43:11,ngp_razvedka,25577,https://t.me/ngp_razvedka/25577,True,strikes_on_ukraine,deep_strikes,pos,"Russian Hexogen strikes Kharkiv, explaining Ukraine misunderstood warning about not extinguishing fires.",16745,40
2026-06-15 00:47:52,ngp_razvedka,25578,https://t.me/ngp_razvedka/25578,True,strikes_on_ukraine,deep_strikes,pos,Novaya Pochta distribution centers are legitimate military targets supporting Ukrainian armed forces.,17390,51
2026-06-15 01:19:04,ngp_razvedka,25579,https://t.me/ngp_razvedka/25579,True,ukraine_strikes_on_russia,drones_on_regions,neg,Ukraine complains Russia uses ultra-low altitude drones difficult to detect; mocking their complaints.,17650,35
2026-06-15 02:47:48,dva_majors,94572,https://t.me/dva_majors/94572,False,none,none,neu,,124486,47
2026-06-15 02:48:04,dva_majors,94573,https://t.me/dva_majors/94573,True,strikes_on_ukraine,deep_strikes,pos,Russia strikes Kiev with missiles and drones; Ukraine attacks Russian regions causing civilian casualties.,397532,408
2026-06-15 03:08:43,dva_majors,94574,https://t.me/dva_majors/94574,True,west_nato,negotiations,neu,"Iran-USA peace memorandum includes ceasefire, sanctions relief, military withdrawal, and reconstruction funding.",136285,477
2026-06-15 04:07:20,dva_majors,94575,https://t.me/dva_majors/94575,True,ukraine_strikes_on_russia,drones_on_regions,neg,"Ukrainian drones damage bridges near Chongar and Genichesk in Kherson region, blocking traffic.",119884,215
2026-06-15 05:01:01,rusich_army,29959,https://t.me/rusich_army/29959,False,none,none,neu,,146054,19
2026-06-15 05:08:01,wargonzo,34820,https://t.me/wargonzo/34820,False,none,none,neu,,41926,47
2026-06-15 05:08:01,wargonzo,34819,https://t.me/wargonzo/34819,False,none,none,neu,,43108,47
2026-06-15 05:08:01,wargonzo,34818,https://t.me/wargonzo/34818,False,none,none,neu,,41948,47
2026-06-15 05:08:01,wargonzo,34817,https://t.me/wargonzo/34817,False,none,none,neu,,40429,47
2026-06-15 05:08:01,wargonzo,34816,https://t.me/wargonzo/34816,False,none,none,neu,,38113,48
2026-06-15 05:08:01,wargonzo,34815,https://t.me/wargonzo/34815,False,none,none,neu,,35456,47
2026-06-15 05:08:01,wargonzo,34814,https://t.me/wargonzo/34814,True,frontline,hulyaipole,neu,"Russian forces advance on Zaporizhzhia and Donets fronts, controlling new positions and expanding in cities.",39180,48
2026-06-15 05:50:51,rybar,81077,https://t.me/rybar/81077,True,strikes_on_ukraine,deep_strikes,pos,Russia strikes Kiev with missiles and drones; Ukraine attacks Russian regions causing civilian casualties.,165908,46
2026-06-15 06:04:11,dva_majors,94576,https://t.me/dva_majors/94576,True,russia_internal,mobilisation,pos,"Putin meets soldiers, confirms Russian group size exceeds 700,000, discusses AI drones and losses reduction.",101163,77
2026-06-15 06:14:40,epoddubny,27760,https://t.me/epoddubny/27760,True,strikes_on_ukraine,deep_strikes,pos,"Russia systematically strikes defense plants in Kiev, Kharkiv, Dnipro and military airfields in response.",45817,45
2026-06-15 06:29:48,wargonzo,34823,https://t.me/wargonzo/34823,False,none,none,neu,,32052,34
2026-06-15 06:29:48,wargonzo,34822,https://t.me/wargonzo/34822,False,none,none,neu,,32767,34
2026-06-15 06:29:48,wargonzo,34821,https://t.me/wargonzo/34821,True,strikes_on_ukraine,deep_strikes,neu,"Massive air attack on Kiev, Kharkiv, Dnipro using 70 missiles and 611 drones hits logistics, energy, railways.",29997,35
2026-06-15 06:31:59,Sladkov_plus,15645,https://t.me/Sladkov_plus/15645,False,none,none,neu,,82754,31
2026-06-15 06:31:59,Sladkov_plus,15646,https://t.me/Sladkov_plus/15646,True,frontline,kupyansk,neu,Fighting continues in Kazachya Lopan and surrounding areas; strikes on Chuguev airfield hit mercenary deployments.,94112,124
2026-06-15 06:45:26,sashakots,62350,https://t.me/sashakots/62350,True,west_nato,alliance_politics,neu,EU documents propose restructuring Kaja Kallas role as High Representative for foreign affairs and security.,35147,18
2026-06-15 07:02:56,rusich_army,29960,https://t.me/rusich_army/29960,True,frontline,other,pos,Russian forces detect and destroy enemy vehicles on battlefield despite previous claims they were absent.,88656,19
2026-06-15 07:04:13,dva_majors,94577,https://t.me/dva_majors/94577,False,none,none,neu,,98420,13
2026-06-15 07:05:08,dva_majors,94578,https://t.me/dva_majors/94578,False,none,none,neu,,97259,12
2026-06-15 07:07:10,sashakots,62351,https://t.me/sashakots/62351,False,none,none,neu,,28568,13
2026-06-15 07:21:41,rybar,81078,https://t.me/rybar/81078,True,west_nato,other,neg,Elon Musk plays instrumental role amplifying anti-immigrant rhetoric during Belfast riots on X platform.,181539,54
2026-06-15 07:24:56,sashakots,62356,https://t.me/sashakots/62356,False,none,none,neu,,33055,178
2026-06-15 07:24:56,sashakots,62355,https://t.me/sashakots/62355,False,none,none,neu,,34498,178
2026-06-15 07:24:56,sashakots,62354,https://t.me/sashakots/62354,False,none,none,neu,,30442,178
2026-06-15 07:24:56,sashakots,62353,https://t.me/sashakots/62353,False,none,none,neu,,30797,177
2026-06-15 07:24:56,sashakots,62352,https://t.me/sashakots/62352,True,strikes_on_ukraine,deep_strikes,pos,"Russia strikes Ukrainian defense plants producing drones, radars, and missile components across three cities.",28315,178
2026-06-15 07:31:02,wargonzo,34824,https://t.me/wargonzo/34824,True,west_nato,negotiations,pos,"Iran-USA peace deal includes ceasefire, naval blockade removal, troop withdrawal, opening Hormuz Strait.",46480,35
2026-06-15 07:32:46,dva_majors,94579,https://t.me/dva_majors/94579,True,frontline,other,pos,Russian naval drone destroys enemy UAV spotted on Konstantinovka direction with Nazi swastika markings.,100709,86
2026-06-15 07:41:19,rybar,81079,https://t.me/rybar/81079,True,west_nato,negotiations,neu,USA and Iran plan 60-day ceasefire agreement signed June 19 including blockade removal and Hormuz reopening.,177587,59
2026-06-15 07:48:17,epoddubny,27761,https://t.me/epoddubny/27761,True,strikes_on_ukraine,deep_strikes,pos,"Russia damages multiple Ukrainian defense plants producing long-range drones, radars and missiles.",61342,189
2026-06-15 08:00:49,dva_majors,94580,https://t.me/dva_majors/94580,True,strikes_on_ukraine,fuel_infrastructure,neu,"Russia conducted over 980 attacks on Ukrainian railway infrastructure in six months, concentrated in northeast.",171164,292
2026-06-15 08:01:01,ngp_razvedka,25580,https://t.me/ngp_razvedka/25580,False,none,none,neu,,16268,51
2026-06-15 08:21:07,sashakots,62357,https://t.me/sashakots/62357,False,none,none,neu,,30526,19
2026-06-15 08:24:03,epoddubny,27767,https://t.me/epoddubny/27767,False,none,none,neu,,34408,105
2026-06-15 08:24:03,epoddubny,27766,https://t.me/epoddubny/27766,False,none,none,neu,,38288,105
2026-06-15 08:24:03,epoddubny,27765,https://t.me/epoddubny/27765,False,none,none,neu,,35707,105
2026-06-15 08:24:03,epoddubny,27764,https://t.me/epoddubny/27764,False,none,none,neu,,33411,105
2026-06-15 08:24:03,epoddubny,27763,https://t.me/epoddubny/27763,False,none,none,neu,,33042,105
2026-06-15 08:24:03,epoddubny,27762,https://t.me/epoddubny/27762,True,strikes_on_ukraine,deep_strikes,pos,Russia struck Ukrainian defense enterprises including aircraft repair facility and drone component manufacturers in Kyiv.,32002,105
2026-06-15 08:39:09,sashakots,62358,https://t.me/sashakots/62358,True,criticism,government,neg,Zelenskyy's government systematically removed canonical UOC from Kyiv-Pechersk Lavra before strike damaged it.,96662,397
2026-06-15 08:47:01,epoddubny,27768,https://t.me/epoddubny/27768,True,frontline,other,pos,Russian commander describes tactical analysis and urban warfare adaptation during Konstantinovka offensive operations.,33113,24
2026-06-15 09:03:15,dva_majors,94582,https://t.me/dva_majors/94582,False,none,none,neu,,99926,213
2026-06-15 09:03:15,dva_majors,94581,https://t.me/dva_majors/94581,False,none,none,neu,,105181,214
2026-06-15 09:04:01,rusich_army,29961,https://t.me/rusich_army/29961,True,strikes_on_ukraine,deep_strikes,pos,"Russia struck defense enterprises and logistics infrastructure in Kyiv, including drone production facilities and postal terminal.",163573,43
2026-06-15 09:14:38,dva_majors,94583,https://t.me/dva_majors/94583,True,strikes_on_ukraine,deep_strikes,pos,Russia struck defense-industrial targets including drone manufacturers and radar production facilities across Ukraine.,117921,411
2026-06-15 09:31:09,epoddubny,27769,https://t.me/epoddubny/27769,False,none,none,neu,,62890,77
2026-06-15 09:37:26,rybar,81080,https://t.me/rybar/81080,False,none,none,neu,,183962,136
2026-06-15 09:50:08,dva_majors,94584,https://t.me/dva_majors/94584,False,none,none,neu,,104763,12
2026-06-15 10:02:08,wargonzo,34829,https://t.me/wargonzo/34829,False,none,none,neu,,34020,29
2026-06-15 10:02:08,wargonzo,34828,https://t.me/wargonzo/34828,False,none,none,neu,,35392,29
2026-06-15 10:02:08,wargonzo,34827,https://t.me/wargonzo/34827,False,none,none,neu,,30431,29
2026-06-15 10:02:08,wargonzo,34826,https://t.me/wargonzo/34826,False,none,none,neu,,30868,29
2026-06-15 10:02:08,wargonzo,34825,https://t.me/wargonzo/34825,True,strikes_on_ukraine,deep_strikes,pos,Ukraine's largest logistics operator Novaya Pochta suffered multiple destroyed and damaged terminals in early June.,29371,29
2026-06-15 10:04:01,dva_majors,94585,https://t.me/dva_majors/94585,False,none,none,neu,,105218,144
2026-06-15 10:10:23,sashakots,62359,https://t.me/sashakots/62359,False,none,none,neu,,28968,26
2026-06-15 10:22:10,epoddubny,27770,https://t.me/epoddubny/27770,True,criticism,government,neg,Zelenskyy's government systematically removed canonical UOC from Kyiv-Pechersk Lavra before strike damaged it.,32017,114
2026-06-15 10:26:28,rybar,81081,https://t.me/rybar/81081,True,strikes_on_ukraine,deep_strikes,pos,"Russia conducted combined strike on Kyiv targeting drone manufacturers, logistics terminal, and radar production facility.",215911,214
2026-06-15 10:30:23,dva_majors,94595,https://t.me/dva_majors/94595,False,none,none,neu,,100739,80
2026-06-15 10:30:23,dva_majors,94594,https://t.me/dva_majors/94594,False,none,none,neu,,108933,78
2026-06-15 10:30:23,dva_majors,94593,https://t.me/dva_majors/94593,False,none,none,neu,,124759,78
2026-06-15 10:30:23,dva_majors,94592,https://t.me/dva_majors/94592,False,none,none,neu,,107795,78
2026-06-15 10:30:23,dva_majors,94591,https://t.me/dva_majors/94591,False,none,none,neu,,110006,80
2026-06-15 10:30:23,dva_majors,94590,https://t.me/dva_majors/94590,False,none,none,neu,,107558,79
2026-06-15 10:30:23,dva_majors,94589,https://t.me/dva_majors/94589,False,none,none,neu,,106683,80
2026-06-15 10:30:23,dva_majors,94588,https://t.me/dva_majors/94588,False,none,none,neu,,107116,77
2026-06-15 10:30:23,dva_majors,94587,https://t.me/dva_majors/94587,False,none,none,neu,,102241,79
2026-06-15 10:30:23,dva_majors,94586,https://t.me/dva_majors/94586,False,none,none,neu,,99278,82
2026-06-15 10:34:29,rusich_army,29962,https://t.me/rusich_army/29962,False,none,none,neu,,83085,58
2026-06-15 10:39:41,sashakots,62360,https://t.me/sashakots/62360,True,frontline,other,pos,Russian forces continue advancing in Konstantinovka against six Ukrainian brigades facing logistical disruption.,28960,37
2026-06-15 10:43:01,epoddubny,27771,https://t.me/epoddubny/27771,True,strikes_on_ukraine,fuel_infrastructure,pos,"Russian drones struck Kryvyi Rih thermal power station, Ukraine's third largest, in Dnipropetrovsk region.",36404,62
2026-06-15 10:50:10,dva_majors,94596,https://t.me/dva_majors/94596,True,russia_internal,security_cases,pos,Russian FSB charged civilian with terrorism promotion for online call to strike Black Sea energy facility.,106915,154
2026-06-15 11:01:04,rusich_army,29963,https://t.me/rusich_army/29963,True,ukraine_strikes_on_russia,drones_on_regions,neu,Ukraine launched over 500 drones against Russia on June 14-15; Russian air defense shot down 347 drones.,114784,41
2026-06-15 11:09:01,epoddubny,27772,https://t.me/epoddubny/27772,True,frontline,other,pos,Kyiv evacuating key industrial enterprises from Druzhkivka and Slovyansk ahead of anticipated Russian capture.,45971,71
2026-06-15 11:13:01,wargonzo,34831,https://t.me/wargonzo/34831,False,none,none,neu,,31299,30
2026-06-15 11:28:01,ngp_razvedka,25582,https://t.me/ngp_razvedka/25582,False,none,none,neu,,15692,20
2026-06-15 11:28:01,ngp_razvedka,25581,https://t.me/ngp_razvedka/25581,False,none,none,neu,,16167,20
2026-06-15 11:54:12,epoddubny,27773,https://t.me/epoddubny/27773,False,none,none,neu,,0,0
2026-06-15 12:03:37,dva_majors,94597,https://t.me/dva_majors/94597,True,west_nato,military_aid,neu,NATO ally Portugal's new drone-carrier ship NRP D. João II will undergo sea trials in 2026.,110111,253
2026-06-15 12:04:33,sashakots,62361,https://t.me/sashakots/62361,True,frontline,other,pos,Russian forces use drone reconnaissance and strikes to clear Ukrainian positions from buildings in Konstantinovka.,28739,66
2026-06-15 12:25:57,rybar,81082,https://t.me/rybar/81082,True,west_nato,alliance_politics,neu,Israel recognizes Somaliland to strengthen position against Houthis in Horn of Africa region.,175725,34
2026-06-15 12:31:23,sashakots,62362,https://t.me/sashakots/62362,True,frontline,other,pos,"Russian forces liberate Artemа village near Konstantinovka, establishing flank security and northward advance position.",29930,32
2026-06-15 12:39:01,epoddubny,27774,https://t.me/epoddubny/27774,False,none,none,neu,,35113,9
2026-06-15 12:39:03,rybar,81083,https://t.me/rybar/81083,True,russia_internal,security_cases,neg,Uzbek bus driver causes fatal crash in Yekaterinburg killing four people; highlights inadequate migrant screening.,180949,81
2026-06-15 13:01:56,sashakots,62363,https://t.me/sashakots/62363,True,west_nato,negotiations,neu,Putin tells Trump that Kyiv must cease terror attacks on Russian infrastructure for peace talks to proceed.,32606,60
2026-06-15 13:03:31,rusich_army,29967,https://t.me/rusich_army/29967,False,none,none,neu,,194466,94
2026-06-15 13:04:01,wargonzo,34832,https://t.me/wargonzo/34832,True,strikes_on_ukraine,deep_strikes,pos,"Russia eightfold increased reactive drone strikes on Ukraine from 180 in 2025 to 1,400 by mid-2026.",34156,47
2026-06-15 13:41:04,sashakots,62364,https://t.me/sashakots/62364,True,frontline,other,neu,Russian commander describes Konstantinovka as heavily fortified with deep Ukrainian defense relying on drone coordination.,32247,62
2026-06-15 13:42:26,epoddubny,27775,https://t.me/epoddubny/27775,True,west_nato,negotiations,neu,Lavrov states Russia expects implementation of Trump-Putin agreements from Anchorage summit in August 2025.,37285,37
2026-06-15 13:46:04,rybar,81084,https://t.me/rybar/81084,True,russia_internal,other,neg,Multiple violent incidents against Ukraine's military mobilization centers reveal public anger over conscription methods.,180401,62
2026-06-15 13:50:02,ngp_razvedka,25584,https://t.me/ngp_razvedka/25584,True,strikes_on_ukraine,other,neg,Commentary disputes claims about drone strike on Kyiv-Pechersk Lavra; notes Western continued military support to Ukraine.,14715,56
2026-06-15 13:52:54,dva_majors,94598,https://t.me/dva_majors/94598,True,russia_internal,security_cases,neu,Tu-22M3 bomber crashes in Irkutsk region; crew safely ejects with no ground damage.,104431,155
2026-06-15 14:05:04,dva_majors,94599,https://t.me/dva_majors/94599,True,strikes_on_ukraine,other,neu,"Despite increased Russian attacks on Ukrainian ports, foreign shipping companies maintain investment interest in port operations.",109448,228
2026-06-15 14:19:02,sashakots,62365,https://t.me/sashakots/62365,False,none,none,neu,,138358,60
2026-06-15 14:29:59,dva_majors,94600,https://t.me/dva_majors/94600,False,none,none,neu,,87962,39
2026-06-15 14:31:01,wargonzo,34840,https://t.me/wargonzo/34840,False,none,none,neu,,36344,14
2026-06-15 14:31:01,wargonzo,34839,https://t.me/wargonzo/34839,False,none,none,neu,,39118,14
2026-06-15 14:31:01,wargonzo,34838,https://t.me/wargonzo/34838,False,none,none,neu,,38893,14
2026-06-15 14:31:01,wargonzo,34837,https://t.me/wargonzo/34837,False,none,none,neu,,33519,14
2026-06-15 14:31:01,wargonzo,34836,https://t.me/wargonzo/34836,False,none,none,neu,,33711,14
2026-06-15 14:31:01,wargonzo,34835,https://t.me/wargonzo/34835,False,none,none,neu,,33624,14
2026-06-15 14:31:01,wargonzo,34834,https://t.me/wargonzo/34834,False,none,none,neu,,30747,14
2026-06-15 14:31:01,wargonzo,34833,https://t.me/wargonzo/34833,True,russia_internal,economy,pos,Sverdlovsk company Aviron expands production of drone communications systems and components supporting Russian operations.,29444,14
2026-06-15 14:41:45,rybar,81085,https://t.me/rybar/81085,True,west_nato,negotiations,neu,"Trump posts photo with Kim Jong Un, possibly signaling openness to dialogue with North Korea.",174968,26
2026-06-15 14:47:00,ngp_razvedka,25585,https://t.me/ngp_razvedka/25585,True,criticism,other,neg,Post criticizes Ukrainian authorities and society for desecrating historical sites and promoting nationalist ideology.,15004,61
2026-06-15 14:50:07,dva_majors,94601,https://t.me/dva_majors/94601,False,none,none,neu,,108798,132
2026-06-15 14:58:23,epoddubny,27776,https://t.me/epoddubny/27776,True,west_nato,negotiations,pos,International tribunal in The Hague rejects all Ukrainian claims against Russia over Black Sea and Azov Sea rights.,52653,344
2026-06-15 14:58:24,epoddubny,27777,https://t.me/epoddubny/27777,False,none,none,neu,,51469,342
2026-06-15 15:12:41,wargonzo,34841,https://t.me/wargonzo/34841,True,west_nato,negotiations,pos,Hague arbitration court dismisses Ukraine's legal challenge to Russian sovereignty over Crimea and maritime resources.,33230,173
2026-06-15 15:15:12,rybar,81086,https://t.me/rybar/81086,True,criticism,government,neg,Commentary criticizes Russian media over-reaction to Lavra strike while inadequately addressing Ukrainian attacks on Russia.,178541,197
2026-06-15 15:16:52,sashakots,62366,https://t.me/sashakots/62366,True,strikes_on_ukraine,deep_strikes,pos,Hernia-2 drone destroys Kharkiv defense plant producing warheads for long-range unmanned systems.,29424,48
2026-06-15 15:27:28,rusich_army,29974,https://t.me/rusich_army/29974,False,none,none,neu,,158507,58
2026-06-15 15:27:28,rusich_army,29973,https://t.me/rusich_army/29973,False,none,none,neu,,169988,57
2026-06-15 15:27:28,rusich_army,29972,https://t.me/rusich_army/29972,False,none,none,neu,,160763,57
2026-06-15 15:27:28,rusich_army,29971,https://t.me/rusich_army/29971,False,none,none,neu,,141841,58
2026-06-15 15:27:28,rusich_army,29970,https://t.me/rusich_army/29970,False,none,none,neu,,143835,58
2026-06-15 15:27:28,rusich_army,29969,https://t.me/rusich_army/29969,False,none,none,neu,,141253,58
2026-06-15 15:27:28,rusich_army,29968,https://t.me/rusich_army/29968,True,west_nato,alliance_politics,neu,NATO exercise Flaming Sword 2026 in Baltics tested defensive scenarios against hypothetical Russian aggression.,175744,59
2026-06-15 15:46:42,epoddubny,27786,https://t.me/epoddubny/27786,False,none,none,neu,,41980,39
2026-06-15 15:46:42,epoddubny,27785,https://t.me/epoddubny/27785,False,none,none,neu,,48510,38
2026-06-15 15:46:42,epoddubny,27784,https://t.me/epoddubny/27784,False,none,none,neu,,47978,38
2026-06-15 15:46:42,epoddubny,27783,https://t.me/epoddubny/27783,False,none,none,neu,,39275,38
2026-06-15 15:46:42,epoddubny,27782,https://t.me/epoddubny/27782,False,none,none,neu,,39729,39
2026-06-15 15:46:42,epoddubny,27781,https://t.me/epoddubny/27781,False,none,none,neu,,38144,40
2026-06-15 15:46:42,epoddubny,27780,https://t.me/epoddubny/27780,False,none,none,neu,,38272,38
2026-06-15 15:46:42,epoddubny,27779,https://t.me/epoddubny/27779,False,none,none,neu,,37349,39
2026-06-15 15:46:42,epoddubny,27778,https://t.me/epoddubny/27778,False,none,none,neu,,38107,39
2026-06-15 15:53:16,sashakots,62367,https://t.me/sashakots/62367,False,none,none,neu,,32472,11
2026-06-15 15:59:34,sashakots,62368,https://t.me/sashakots/62368,False,none,none,neu,,28442,1
2026-06-15 16:08:01,rybar,81087,https://t.me/rybar/81087,True,west_nato,military_aid,neu,Poland suspended MiG-29 transfers to Ukraine over disagreements regarding drone technology sharing.,178821,46
2026-06-15 16:11:05,sashakots,62369,https://t.me/sashakots/62369,True,strikes_on_ukraine,other,pos,Russian Shaheed drones struck energy infrastructure used by Ukrainian forces near Zelenodalsk.,30437,25
2026-06-15 16:29:01,rybar,81088,https://t.me/rybar/81088,True,frontline,kupyansk,pos,"Russian forces advance near Kupyansk, expanding tactical positions and improving control around Kurylivka.",180393,128
2026-06-15 16:46:01,wargonzo,34842,https://t.me/wargonzo/34842,False,none,none,neu,,34419,9
2026-06-15 16:59:01,sashakots,62370,https://t.me/sashakots/62370,True,criticism,government,neg,Russian account alleges Ukrainian elderly were killed in Kursk; describes alleged violations against civilians.,32738,73
2026-06-15 17:03:06,rusich_army,29975,https://t.me/rusich_army/29975,True,ukraine_strikes_on_russia,drones_on_regions,pos,Russian operator successfully struck vehicle target with precision under difficult cover conditions.,145518,45
2026-06-15 17:11:50,dva_majors,94602,https://t.me/dva_majors/94602,True,west_nato,alliance_politics,neu,NATO countries conduct Eagle Partner-2026 peacekeeping exercises in Armenia with expanded participation.,112282,155
2026-06-15 17:13:01,wargonzo,34847,https://t.me/wargonzo/34847,False,none,none,neu,,44384,36
2026-06-15 17:13:01,wargonzo,34846,https://t.me/wargonzo/34846,False,none,none,neu,,41225,36
2026-06-15 17:13:01,wargonzo,34845,https://t.me/wargonzo/34845,False,none,none,neu,,37503,36
2026-06-15 17:13:01,wargonzo,34844,https://t.me/wargonzo/34844,False,none,none,neu,,37997,46
2026-06-15 17:13:01,wargonzo,34843,https://t.me/wargonzo/34843,True,west_nato,rearmament,neg,"Russia and NATO expanding military presence in Arctic; Finland expects 80,000 Russian troops on border.",36040,38
2026-06-15 17:18:39,ngp_razvedka,25586,https://t.me/ngp_razvedka/25586,True,strikes_on_ukraine,other,pos,Ukrainian claims about destroyed costumes at Dovzhenko studio were false; Russia struck drone FP-2 assembly facility.,34970,117
2026-06-15 17:18:40,ngp_razvedka,25588,https://t.me/ngp_razvedka/25588,False,none,none,neu,,37960,117
2026-06-15 17:18:40,ngp_razvedka,25587,https://t.me/ngp_razvedka/25587,False,none,none,neu,,38077,116
2026-06-15 17:26:01,rybar,81089,https://t.me/rybar/81089,True,frontline,other,pos,Russian forces continue clearing southwestern Konstantinovka with difficult fighting on flanks and eastern approaches.,273801,148
2026-06-15 17:26:58,vysokygovorit,23132,https://t.me/vysokygovorit/23132,True,frontline,other,pos,Spetsnaz Vega operators downed 15 drones and destroyed multiple targets including tank near Dobropolie.,106475,38
2026-06-15 17:33:22,sashakots,62371,https://t.me/sashakots/62371,False,none,none,neu,,32879,10
2026-06-15 17:39:03,sashakots,62373,https://t.me/sashakots/62373,False,none,none,neu,,42093,186
2026-06-15 17:39:03,sashakots,62372,https://t.me/sashakots/62372,True,strikes_on_ukraine,other,pos,Russia struck Dovzhenko film studio; Ukrainian photos revealed drone FP-2 wing components stored there.,41377,186
2026-06-15 17:43:31,vysokygovorit,23133,https://t.me/vysokygovorit/23133,False,none,none,neu,,81346,59
2026-06-15 18:03:49,dva_majors,94603,https://t.me/dva_majors/94603,True,ukraine_strikes_on_russia,drones_on_regions,neg,"May 2026 saw record civilian casualties in Russia; 1,038 people affected by Ukrainian drone attacks on civilians.",107265,426
2026-06-15 18:13:09,sashakots,62374,https://t.me/sashakots/62374,False,none,none,neu,,41778,16
2026-06-15 18:33:40,sashakots,62375,https://t.me/sashakots/62375,True,west_nato,negotiations,pos,Hague arbitration court rejected Ukraine's claims against Russian sovereignty over Crimea and sea resources.,48033,479
2026-06-15 18:41:36,dva_majors,94609,https://t.me/dva_majors/94609,False,none,none,neu,,103625,384
2026-06-15 18:41:36,dva_majors,94608,https://t.me/dva_majors/94608,False,none,none,neu,,118562,385
2026-06-15 18:41:36,dva_majors,94607,https://t.me/dva_majors/94607,False,none,none,neu,,111971,385
2026-06-15 18:41:36,dva_majors,94606,https://t.me/dva_majors/94606,False,none,none,neu,,100686,385
2026-06-15 18:41:36,dva_majors,94605,https://t.me/dva_majors/94605,False,none,none,neu,,97472,384
2026-06-15 18:41:36,dva_majors,94604,https://t.me/dva_majors/94604,True,ukraine_strikes_on_russia,drones_on_regions,neg,Ukrainian drone reconnaissance reached Novokuibyshevsk refinery 900+ km from border with advanced optics.,91786,387
2026-06-15 18:57:47,Sladkov_plus,15647,https://t.me/Sladkov_plus/15647,True,frontline,other,neu,Russian forces advancing slowly despite effective Ukrainian drone attacks on logistics operations.,87467,61
2026-06-15 18:59:02,dva_majors,94610,https://t.me/dva_majors/94610,True,russia_internal,other,neg,Russian election official announces internet and communications restrictions during September 2026 elections for security.,108682,166
2026-06-15 19:07:43,dva_majors,94611,https://t.me/dva_majors/94611,True,west_nato,military_aid,neg,Russian officials published list of NATO factories producing drones for Ukraine and threaten strikes on Western targets.,124014,409
2026-06-15 19:24:01,Sladkov_plus,15648,https://t.me/Sladkov_plus/15648,False,none,none,neu,,88961,39
2026-06-15 19:29:01,rybar,81090,https://t.me/rybar/81090,True,frontline,other,pos,"Russian forces advance in border regions near Kursk, forming ten-kilometer salient toward Ukrainian defensive positions.",189173,96
2026-06-15 19:40:02,rybar,81091,https://t.me/rybar/81091,True,strikes_on_ukraine,deep_strikes,pos,Russian forces struck Kyiv with multiple targets hit; frontline advances near Sumy and Kupyansk reported.,183529,31
2026-06-15 19:50:18,dva_majors,94612,https://t.me/dva_majors/94612,False,none,none,neu,,124006,14
2026-06-15 19:56:01,ngp_razvedka,25589,https://t.me/ngp_razvedka/25589,False,none,none,neu,,16649,5
2026-06-15 20:00:26,rybar,81092,https://t.me/rybar/81092,True,strikes_on_ukraine,deep_strikes,pos,Russian strikes hit Kyiv with damage to multiple enterprises; frontline advances reported near Kupyansk.,185597,16
2026-06-15 20:01:01,dva_majors,94613,https://t.me/dva_majors/94613,True,frontline,other,pos,Russian forces advancing in Kazachya Lopan area under Northern Group command.,133928,57
2026-06-15 20:32:53,vysokygovorit,23134,https://t.me/vysokygovorit/23134,False,none,none,neu,,122202,236
2026-06-15 21:14:10,vysokygovorit,23137,https://t.me/vysokygovorit/23137,True,strikes_on_ukraine,deep_strikes,pos,Russian missile strike on Kyiv successful; Ukrainian air defense detected rockets only at final trajectory.,129936,468
2026-06-15 21:23:08,rybar,81100,https://t.me/rybar/81100,False,none,none,neu,,201355,102
2026-06-15 21:23:08,rybar,81099,https://t.me/rybar/81099,False,none,none,neu,,210130,105
2026-06-15 21:23:08,rybar,81098,https://t.me/rybar/81098,False,none,none,neu,,207425,102
2026-06-15 21:23:08,rybar,81097,https://t.me/rybar/81097,False,none,none,neu,,199720,103
2026-06-15 21:23:08,rybar,81096,https://t.me/rybar/81096,False,none,none,neu,,199516,102
2026-06-15 21:23:08,rybar,81095,https://t.me/rybar/81095,False,none,none,neu,,198767,102
2026-06-15 21:23:08,rybar,81094,https://t.me/rybar/81094,False,none,none,neu,,191885,102
2026-06-15 21:23:08,rybar,81093,https://t.me/rybar/81093,True,strikes_on_ukraine,deep_strikes,pos,Combined Russian strikes hit Kyiv defense plants including Dovzhenko studio; Ukrainian drones attack Russian regions.,183934,103
2026-06-16 04:53:28,sashakots,62376,https://t.me/sashakots/62376,True,frontline,other,neu,Russian general reports Ukrainian forces in Konstantinovka disguising as civilians and attempting to escape encirclement.,46024,97
2026-06-16 04:59:15,dva_majors,94614,https://t.me/dva_majors/94614,True,ukraine_strikes_on_russia,drones_on_regions,neg,Ukraine attacked Russian oil infrastructure and killed civilian workers; 172 drones shot down near Moscow overnight.,360469,361
2026-06-16 05:00:23,rusich_army,29976,https://t.me/rusich_army/29976,False,none,none,neu,,132099,17
2026-06-16 05:11:15,wargonzo,34849,https://t.me/wargonzo/34849,False,none,none,neu,,41554,47
2026-06-16 05:11:15,wargonzo,34848,https://t.me/wargonzo/34848,True,west_nato,other,neu,US B-52 bomber crashed with eight deaths; Russian Tu-22M3 crashed but crew survived; both aging Cold War aircraft.,43448,48
2026-06-16 05:11:48,rybar,81101,https://t.me/rybar/81101,True,ukraine_strikes_on_russia,drones_on_regions,neg,Ukraine struck Russian regions with drones; 172 drones intercepted; oil infrastructure damaged in Krasnodar region.,167734,59
2026-06-16 05:17:23,dva_majors,94615,https://t.me/dva_majors/94615,True,ukraine_strikes_on_russia,drones_on_regions,neg,Up to 60 drones shot down approaching Moscow; footage shows refinery fire from Ukrainian attacks.,106388,240
2026-06-16 05:47:23,dva_majors,94616,https://t.me/dva_majors/94616,True,ukraine_strikes_on_russia,drones_on_regions,neg,Ukrainian drone damaged Moscow refinery facility; no casualties; emergency services responding.,103323,114
2026-06-16 05:49:52,vysokygovorit,23138,https://t.me/vysokygovorit/23138,False,none,none,neu,,123929,61
2026-06-16 06:02:37,epoddubny,27787,https://t.me/epoddubny/27787,True,russia_internal,security_cases,neg,Russian correspondent calls for increased IT sector involvement in drone development to counter Ukrainian Hornet drones.,35593,64
2026-06-16 06:02:49,dva_majors,94618,https://t.me/dva_majors/94618,True,frontline,other,neu,Russian forces clearing southwestern Konstantinovka; Ukrainian formations surrounded; eastern flank remains contested.,87635,45
2026-06-16 06:10:13,dva_majors,94619,https://t.me/dva_majors/94619,True,frontline,hulyaipole,neu,Zaporizhzhia direction: Russian kamikaze drones hunt Ukrainian equipment; situation tense; Ukrainian drone advantage.,97163,50
2026-06-16 06:15:13,wargonzo,34857,https://t.me/wargonzo/34857,False,none,none,neu,,45392,52
2026-06-16 06:15:13,wargonzo,34856,https://t.me/wargonzo/34856,False,none,none,neu,,48332,51
2026-06-16 06:15:13,wargonzo,34855,https://t.me/wargonzo/34855,False,none,none,neu,,40221,51
2026-06-16 06:15:13,wargonzo,34854,https://t.me/wargonzo/34854,False,none,none,neu,,40303,51
2026-06-16 06:15:13,wargonzo,34852,https://t.me/wargonzo/34852,False,none,none,neu,,37429,51
2026-06-16 06:15:13,wargonzo,34851,https://t.me/wargonzo/34851,False,none,none,neu,,34978,52
2026-06-16 06:15:13,wargonzo,34850,https://t.me/wargonzo/34850,False,none,none,neu,,33652,51
2026-06-16 06:15:13,wargonzo,34853,https://t.me/wargonzo/34853,True,frontline,other,neu,"Russian frontline summary: advances in Konstantinovka, Zaporizhzhia sector; ongoing battles across multiple directions.",40322,52
2026-06-16 06:33:01,epoddubny,27788,https://t.me/epoddubny/27788,True,frontline,other,pos,"Russian commander claims superior infantry, reports Ukrainian forces encircled in Konstantinovka disguising as civilians.",44740,53
2026-06-16 06:39:01,rybar,81102,https://t.me/rybar/81102,True,west_nato,alliance_politics,neu,Armenian election results show governing party narrowly wins; post-election crisis emerging within G7 alliance.,186605,65
2026-06-16 06:55:22,rusich_army,29977,https://t.me/rusich_army/29977,True,ukraine_strikes_on_russia,drones_on_regions,neg,172 drones shot down over Moscow; 266 total daily; Ukrainian attack targets Moscow refinery with FP-1 drones.,161226,140
2026-06-16 07:01:18,dva_majors,94620,https://t.me/dva_majors/94620,False,none,none,neu,,98987,13
2026-06-16 07:46:12,sashakots,62377,https://t.me/sashakots/62377,True,west_nato,negotiations,neu,G7 summit discussions on Iran and Hormuz Strait; European allies skeptical of Trump's optimistic timeline.,50041,25
2026-06-16 08:01:47,dva_majors,94621,https://t.me/dva_majors/94621,True,west_nato,other,neu,Ukrainian cargo trains resume to Romanian port Constanta; modernized rail link connects Soviet and European gauges.,97344,185
2026-06-16 08:04:51,vysokygovorit,23139,https://t.me/vysokygovorit/23139,True,russia_internal,security_cases,neg,Russian correspondent urges IT sector involvement in drone production against Ukrainian drone innovations.,107444,201
2026-06-16 08:07:16,epoddubny,27791,https://t.me/epoddubny/27791,False,none,none,neu,,65331,36
2026-06-16 08:07:16,epoddubny,27790,https://t.me/epoddubny/27790,False,none,none,neu,,62258,36
2026-06-16 08:07:16,epoddubny,27789,https://t.me/epoddubny/27789,True,russia_internal,mobilisation,pos,"Volunteers from Russian university enlisted as drone operators; video call discusses military service, pay, bonuses.",54301,36
2026-06-16 08:07:17,epoddubny,27793,https://t.me/epoddubny/27793,False,none,none,neu,,66619,36
2026-06-16 08:07:17,epoddubny,27792,https://t.me/epoddubny/27792,False,none,none,neu,,69276,36
2026-06-16 08:23:46,rybar,81104,https://t.me/rybar/81104,True,west_nato,other,neg,British government unit uses propaganda techniques managing public opinion after terror attacks and migration concerns.,181661,75
2026-06-16 08:31:02,wargonzo,34859,https://t.me/wargonzo/34859,False,none,none,neu,,43108,8
2026-06-16 08:31:02,wargonzo,34858,https://t.me/wargonzo/34858,True,west_nato,negotiations,neu,"Iran-US deal: Hormuz Strait opens, 500 commercial ships await safe passage, IAEA returns to Iran.",42438,8
2026-06-16 08:56:11,sashakots,62378,https://t.me/sashakots/62378,True,ukraine_strikes_on_russia,drones_on_regions,pos,Moscow air defense intercepts 60 drones; one hits refinery; Russia outperforming Ukraine in capital strikes.,31782,127
2026-06-16 09:03:56,rusich_army,29978,https://t.me/rusich_army/29978,True,russia_internal,other,pos,Russia presents Pantsir-ME naval defense complex for fleet protection against drones and low-flying threats.,170762,89
2026-06-16 09:11:01,epoddubny,27794,https://t.me/epoddubny/27794,True,frontline,hulyaipole,pos,Russian FPV drones destroy Ukrainian assault groups attempting counterattack in Zaporizhzhia direction.,34566,38
2026-06-16 09:37:40,sashakots,62383,https://t.me/sashakots/62383,False,none,none,neu,,29627,17
2026-06-16 09:37:40,sashakots,62382,https://t.me/sashakots/62382,False,none,none,neu,,30657,17
2026-06-16 09:37:40,sashakots,62381,https://t.me/sashakots/62381,False,none,none,neu,,28316,17
2026-06-16 09:37:40,sashakots,62380,https://t.me/sashakots/62380,False,none,none,neu,,26397,17
2026-06-16 09:37:40,sashakots,62379,https://t.me/sashakots/62379,True,russia_internal,mobilisation,pos,Russian drone unit soldiers meet with university students to promote military volunteer recruitment.,24355,17
2026-06-16 09:58:25,rybar,81105,https://t.me/rybar/81105,True,west_nato,military_aid,neu,Britain finances uranium fuel supply to Ukrainian nuclear plants under 2023 contract; enrichment unsuitable for weapons.,187602,108
2026-06-16 10:05:02,dva_majors,94622,https://t.me/dva_majors/94622,False,none,none,neu,,92589,113
2026-06-16 10:07:01,epoddubny,27795,https://t.me/epoddubny/27795,True,frontline,other,pos,"Russian forces advancing in Konstantinovka, eliminating encircled Ukrainian brigades with heavy losses.",34309,38
2026-06-16 10:12:49,sashakots,62384,https://t.me/sashakots/62384,True,frontline,pokrovsk,pos,Russian marines capture Novy Donbas in Donetsk; Ukrainian-held Dobropoille remains strategic objective.,62774,72
2026-06-16 10:31:17,wargonzo,34862,https://t.me/wargonzo/34862,False,none,none,neu,,57208,81
2026-06-16 10:31:17,wargonzo,34861,https://t.me/wargonzo/34861,False,none,none,neu,,59248,80
2026-06-16 10:31:17,wargonzo,34860,https://t.me/wargonzo/34860,True,ukraine_strikes_on_russia,other,neu,Ukrainian forces claim destroying Russian electronic warfare station designed to jam Starlink communications.,55210,80
2026-06-16 10:34:57,ngp_razvedka,25590,https://t.me/ngp_razvedka/25590,True,criticism,army_command,neg,Blogger criticizes Russian military for avoiding concentrated missile strikes on Kyiv city center.,15092,26
2026-06-16 10:40:49,sashakots,62385,https://t.me/sashakots/62385,True,strikes_on_ukraine,other,pos,Russian aircraft strike Ukrainian command posts and troop concentrations with FAB-1500 and LMUR munitions.,32068,36
2026-06-16 10:47:00,ngp_razvedka,25591,https://t.me/ngp_razvedka/25591,True,criticism,army_command,neg,Analyst criticizes Russian command for avoiding massive daytime strikes on central Kyiv for psychological effect.,16335,43
2026-06-16 10:49:38,dva_majors,94632,https://t.me/dva_majors/94632,False,none,none,neu,,92775,77
2026-06-16 10:49:38,dva_majors,94631,https://t.me/dva_majors/94631,False,none,none,neu,,117078,81
2026-06-16 10:49:38,dva_majors,94630,https://t.me/dva_majors/94630,False,none,none,neu,,108763,79
2026-06-16 10:49:38,dva_majors,94629,https://t.me/dva_majors/94629,False,none,none,neu,,95965,79
2026-06-16 10:49:38,dva_majors,94628,https://t.me/dva_majors/94628,False,none,none,neu,,101965,80
2026-06-16 10:49:38,dva_majors,94627,https://t.me/dva_majors/94627,False,none,none,neu,,94979,77
2026-06-16 10:49:38,dva_majors,94626,https://t.me/dva_majors/94626,False,none,none,neu,,90801,77
2026-06-16 10:49:38,dva_majors,94625,https://t.me/dva_majors/94625,False,none,none,neu,,85731,82
2026-06-16 10:49:38,dva_majors,94624,https://t.me/dva_majors/94624,False,none,none,neu,,83973,77
2026-06-16 10:49:38,dva_majors,94623,https://t.me/dva_majors/94623,False,none,none,neu,,83368,76
2026-06-16 10:53:42,dva_majors,94633,https://t.me/dva_majors/94633,True,ukraine_strikes_on_russia,other,neg,"Ukrainian forces attack Russian locomotives in Dnipropetrovsk region, targeting military logistics.",78021,47
2026-06-16 10:54:14,dva_majors,94636,https://t.me/dva_majors/94636,False,none,none,neu,,90682,159
2026-06-16 10:54:14,dva_majors,94635,https://t.me/dva_majors/94635,False,none,none,neu,,96347,155
2026-06-16 10:54:14,dva_majors,94634,https://t.me/dva_majors/94634,True,west_nato,other,pos,British media falsely blames Russia for Starmer arson attacks; actual perpetrators were Ukrainian migrants.,90978,156
2026-06-16 11:04:41,rusich_army,29979,https://t.me/rusich_army/29979,True,ukraine_strikes_on_russia,drones_on_regions,neg,"Ukrainian RAM-2X kamikaze drone upgraded with dual engines and Starlink, threatening Russian rear areas.",183306,209
2026-06-16 11:23:01,epoddubny,27796,https://t.me/epoddubny/27796,True,strikes_on_ukraine,other,pos,Russian aircraft destroy Ukrainian command posts and drone control centers with precision munitions.,35819,26
2026-06-16 11:35:03,rybar,81106,https://t.me/rybar/81106,True,russia_internal,ideology_society,neu,Analysis explains 2022 failure to capture Kyiv through military logistics failures rather than conspiracy theories.,226408,1128
2026-06-16 11:59:45,ngp_razvedka,25592,https://t.me/ngp_razvedka/25592,True,russia_internal,other,pos,Russian electronic warfare systems on Novaya Rossiya route successfully suppress Ukrainian Starlink signals.,15303,98
2026-06-16 12:02:31,dva_majors,94637,https://t.me/dva_majors/94637,True,west_nato,military_aid,neg,Pentagon develops autonomous drone swarm systems with 500-unit capacity for rapid autonomous operations.,108506,210
2026-06-16 12:11:48,epoddubny,27797,https://t.me/epoddubny/27797,True,frontline,pokrovsk,pos,Russian marines capture Novy Donbas in Donetsk; Ukrainian-held Dobropoille remains strategic objective.,32578,33
2026-06-16 12:31:31,ngp_razvedka,25593,https://t.me/ngp_razvedka/25593,False,none,none,neu,,15552,1
2026-06-16 12:44:19,sashakots,62386,https://t.me/sashakots/62386,True,russia_internal,security_cases,pos,FSB arrests Ukrainian intelligence asset in Chita tasked with collecting critical infrastructure data.,35723,38
2026-06-16 12:49:45,ngp_razvedka,25594,https://t.me/ngp_razvedka/25594,True,ukraine_strikes_on_russia,drones_on_regions,pos,"Ukrainian forces prepare demining roads in Kyiv region, suggesting Russian drone mining operations planned.",16006,64
2026-06-16 12:49:52,rybar,81107,https://t.me/rybar/81107,True,ukraine_strikes_on_russia,drones_on_regions,neg,"Ukraine launches large-scale drone attack on Moscow region; 200 drones destroyed, MWRO damaged, civilian casualties.",189060,182
2026-06-16 12:57:54,epoddubny,27798,https://t.me/epoddubny/27798,True,frontline,pokrovsk,pos,Russian drone operators destroy dozens of Ukrainian vehicles and equipment in Dobropoille direction.,39500,34
2026-06-16 12:59:02,dva_majors,94638,https://t.me/dva_majors/94638,True,west_nato,alliance_politics,neg,German Luftwaffe commander warns Russia will face NATO strikes on Kaliningrad if attacking member states.,118024,313
2026-06-16 13:03:01,rusich_army,29980,https://t.me/rusich_army/29980,False,none,none,neu,,145529,39
2026-06-16 13:32:55,sashakots,62387,https://t.me/sashakots/62387,True,strikes_on_ukraine,other,pos,Russia deploys electronic warfare systems and combat drones to protect the critical R-280 supply route from Ukrainian strikes.,37476,334
2026-06-16 13:39:34,Sladkov_plus,15649,https://t.me/Sladkov_plus/15649,False,none,none,neu,,84074,54
2026-06-16 13:42:39,wargonzo,34864,https://t.me/wargonzo/34864,False,none,none,neu,,45265,128
2026-06-16 13:42:39,wargonzo,34863,https://t.me/wargonzo/34863,True,ukraine_strikes_on_russia,drones_on_regions,neg,"Ukraine struck Moscow oil refinery with 172 drones ahead of Zelensky-Trump meeting, demonstrating strike capability near Kremlin.",40444,129
2026-06-16 13:46:46,dva_majors,94639,https://t.me/dva_majors/94639,False,none,none,neu,,88875,85
2026-06-16 13:55:27,dva_majors,94640,https://t.me/dva_majors/94640,True,russia_internal,other,pos,Crimea restricts motorcycle traffic at night to protect military facilities and combat Ukrainian drone operations.,89763,229
2026-06-16 14:00:38,sashakots,62389,https://t.me/sashakots/62389,True,strikes_on_ukraine,deep_strikes,neu,Russia allegedly used new 'Banderol' cruise missile in Kyiv strike; cheap alternative to Kh-101 for mass production.,37314,116
2026-06-16 14:03:01,epoddubny,27799,https://t.me/epoddubny/27799,True,west_nato,negotiations,neg,Lavrov warns Ukraine's EU entry will militarize the bloc and strengthen opposition to Russia in its military operations.,40553,38
2026-06-16 14:05:19,dva_majors,94641,https://t.me/dva_majors/94641,False,none,none,neu,,90407,199
2026-06-16 14:07:01,rybar,81108,https://t.me/rybar/81108,False,none,none,neu,,186381,79
2026-06-16 14:38:01,dva_majors,94642,https://t.me/dva_majors/94642,True,frontline,hulyaipole,pos,Russian drone operators of 291st mechanized regiment conduct systematic aerial strikes against Ukrainian positions near Orekhov.,90964,33
2026-06-16 14:43:43,rybar,81109,https://t.me/rybar/81109,True,frontline,kupyansk,pos,"Russian forces methodically expand control on Burluky direction, seizing lightly-held forests and widening tactical gaps.",188263,112
2026-06-16 14:46:02,dva_majors,94643,https://t.me/dva_majors/94643,False,none,none,neu,,88675,16
2026-06-16 15:02:01,sashakots,62390,https://t.me/sashakots/62390,True,russia_internal,security_cases,pos,St. Petersburg resident sentenced to 5.5 years for promoting Ukrainian terrorist groups online and publishing recruitment instructions.,32544,72
2026-06-16 15:03:10,dva_majors,94644,https://t.me/dva_majors/94644,True,west_nato,military_aid,neu,Thermal imaging systems require visual confirmation via searchlights to accurately identify drone targets in adverse conditions.,95307,33
2026-06-16 15:05:53,rusich_army,29981,https://t.me/rusich_army/29981,True,west_nato,alliance_politics,neg,"Armenia expanded NATO military exercise Eagle Partner 2026 to include USA, France, Greece immediately after pro-Western elections.",132093,40
2026-06-16 15:15:06,Sladkov_plus,15650,https://t.me/Sladkov_plus/15650,True,russia_internal,security_cases,pos,Russian Vympel special forces unit specializes in eliminating high-profile foreign targets; references Soviet elimination tradition.,86370,179
2026-06-16 15:33:54,dva_majors,94654,https://t.me/dva_majors/94654,False,none,none,neu,,110731,77
2026-06-16 15:33:54,dva_majors,94653,https://t.me/dva_majors/94653,False,none,none,neu,,125457,67
2026-06-16 15:33:54,dva_majors,94652,https://t.me/dva_majors/94652,False,none,none,neu,,115793,65
2026-06-16 15:33:54,dva_majors,94651,https://t.me/dva_majors/94651,False,none,none,neu,,114918,65
2026-06-16 15:33:54,dva_majors,94650,https://t.me/dva_majors/94650,False,none,none,neu,,100356,66
2026-06-16 15:33:54,dva_majors,94649,https://t.me/dva_majors/94649,False,none,none,neu,,110761,67
2026-06-16 15:33:54,dva_majors,94648,https://t.me/dva_majors/94648,False,none,none,neu,,101431,64
2026-06-16 15:33:54,dva_majors,94647,https://t.me/dva_majors/94647,False,none,none,neu,,98687,64
2026-06-16 15:33:54,dva_majors,94646,https://t.me/dva_majors/94646,False,none,none,neu,,95823,67
2026-06-16 15:33:54,dva_majors,94645,https://t.me/dva_majors/94645,False,none,none,neu,,92723,66
2026-06-16 15:34:15,Sladkov_plus,15651,https://t.me/Sladkov_plus/15651,True,russia_internal,ideology_society,pos,Embedded soldier-journalist observes troops remain determined to win rather than end war; victory motivation drives the operation.,100546,99
2026-06-16 15:40:17,dva_majors,94655,https://t.me/dva_majors/94655,True,russia_internal,security_cases,pos,St. Petersburg man sentenced to 5.5 years for promoting Ukrainian terrorist groups and recruiting Russian citizens online.,114723,61
2026-06-16 15:44:44,rybar,81111,https://t.me/rybar/81111,False,none,none,neu,,189382,141
2026-06-16 15:44:44,rybar,81110,https://t.me/rybar/81110,True,west_nato,other,pos,BBC falsely accused Russian MGIMO student of organizing UK PM Starmer's house fire based on matching initials.,191232,141
2026-06-16 15:46:02,ngp_razvedka,25597,https://t.me/ngp_razvedka/25597,False,none,none,neu,,16768,6
2026-06-16 15:46:02,ngp_razvedka,25596,https://t.me/ngp_razvedka/25596,False,none,none,neu,,16555,6
2026-06-16 15:57:16,sashakots,62391,https://t.me/sashakots/62391,True,frontline,other,pos,Russian forces approaching Konstantinovka encirclement; Ukrainian rear echelon city Druzhkovka now vulnerable to strikes.,34363,83
2026-06-16 16:19:36,epoddubny,27800,https://t.me/epoddubny/27800,True,russia_internal,mobilisation,pos,Russian state fund begins providing rehabilitation aid to active military personnel with disabilities from war operations.,45080,20
2026-06-16 16:23:18,wargonzo,34867,https://t.me/wargonzo/34867,False,none,none,neu,,54119,349
2026-06-16 16:23:18,wargonzo,34866,https://t.me/wargonzo/34866,False,none,none,neu,,54354,348
2026-06-16 16:23:18,wargonzo,34865,https://t.me/wargonzo/34865,True,ukraine_strikes_on_russia,other,neg,Ukraine presented heavy underwater drone SEA TRIDENT with 1000kg warhead and 3700km range for anti-ship operations.,47881,352
2026-06-16 16:29:41,dva_majors,94656,https://t.me/dva_majors/94656,True,west_nato,other,neu,Russian frigate Admiral Grigorovich reportedly fired warning shots near British yacht in English Channel on June 16.,122143,204
2026-06-16 16:59:01,sashakots,62392,https://t.me/sashakots/62392,False,none,none,neu,,37768,23
2026-06-16 17:03:01,rybar,81112,https://t.me/rybar/81112,True,west_nato,other,neg,German Air Force commander claims NATO would strike Kaliningrad and other Russian regions if attacked.,185391,119
2026-06-16 17:06:26,rusich_army,29983,https://t.me/rusich_army/29983,False,none,none,neu,,165897,182
2026-06-16 17:32:20,sashakots,62393,https://t.me/sashakots/62393,False,none,none,neu,,38213,9
2026-06-16 17:43:30,dva_majors,94657,https://t.me/dva_majors/94657,True,west_nato,other,pos,Russian frigate fired warning shots at British yacht in English Channel for dangerous approach.,184053,343
2026-06-16 17:45:50,sashakots,62394,https://t.me/sashakots/62394,False,none,none,neu,,41043,19
2026-06-16 18:01:01,rybar,81113,https://t.me/rybar/81113,True,russia_internal,other,neu,Islamist militants in Mali coordinate attacks using FPV drones with Russian military assistance.,182143,70
2026-06-16 18:32:40,wargonzo,34868,https://t.me/wargonzo/34868,True,strikes_on_ukraine,deep_strikes,neu,Russia deployed new Banderol cruise missiles in night strike on Kyiv with 500+ km range.,49667,164
2026-06-16 18:41:04,rybar,81114,https://t.me/rybar/81114,True,frontline,other,pos,Russian forces advance in Slavyansk direction with tactical successes near Mala Piskunovka.,193468,142
2026-06-16 18:47:02,ngp_razvedka,25598,https://t.me/ngp_razvedka/25598,True,west_nato,other,pos,Commentary arguing Russia should regularly fire at Western ships to deter naval operations.,38664,74
2026-06-16 19:47:35,ngp_razvedka,25599,https://t.me/ngp_razvedka/25599,True,frontline,hulyaipole,neu,Ukrainian forces conduct diversion operations on Zaporizhzhia front while accumulating reserves.,18507,89
2026-06-16 19:50:08,dva_majors,94658,https://t.me/dva_majors/94658,False,none,none,neu,,121360,11
2026-06-16 20:01:22,dva_majors,94659,https://t.me/dva_majors/94659,True,ukraine_strikes_on_russia,other,neg,Ukraine displays new SEA TRIDENT heavy underwater drone with 1000kg payload at Eurosatory 2026.,118306,182
2026-06-16 20:10:01,rybar,81115,https://t.me/rybar/81115,False,none,none,neu,,187065,32
2026-06-16 21:02:30,rybar,81116,https://t.me/rybar/81116,False,none,none,neu,,310306,25
2026-06-16 21:42:41,rybar,81122,https://t.me/rybar/81122,False,none,none,neu,,197331,96
2026-06-16 21:42:41,rybar,81121,https://t.me/rybar/81121,False,none,none,neu,,202847,96
2026-06-16 21:42:41,rybar,81120,https://t.me/rybar/81120,False,none,none,neu,,199131,95
2026-06-16 21:42:41,rybar,81119,https://t.me/rybar/81119,False,none,none,neu,,196101,95
2026-06-16 21:42:41,rybar,81118,https://t.me/rybar/81118,False,none,none,neu,,189839,95
2026-06-16 21:42:41,rybar,81117,https://t.me/rybar/81117,True,strikes_on_ukraine,deep_strikes,pos,Russian forces strike energy infrastructure in multiple Ukrainian regions; Ukraine attacks Moscow refinery and Crimea.,182127,96
2026-06-16 21:52:26,ngp_razvedka,25600,https://t.me/ngp_razvedka/25600,True,frontline,other,neg,Analysis predicts Ukraine will launch combined assault on Crimea Bridge before major offensive operations.,18801,119
2026-06-17 03:53:52,dva_majors,94660,https://t.me/dva_majors/94660,False,none,none,neu,,112832,76
2026-06-17 03:54:03,dva_majors,94661,https://t.me/dva_majors/94661,True,frontline,other,neu,Russian forces strike Zaporizhzhia and Odesa; defensive battles in Sumy region with supply issues for Ukrainian forces.,363660,358
2026-06-17 04:43:59,rybar,81123,https://t.me/rybar/81123,True,frontline,other,neu,Russian forces strike Zaporizhzhia and Odesa; defensive battles in Sumy region with supply issues for Ukrainian forces.,177029,62
2026-06-17 05:04:00,rusich_army,29984,https://t.me/rusich_army/29984,False,none,none,neu,,137756,26
2026-06-17 05:08:01,wargonzo,34876,https://t.me/wargonzo/34876,False,none,none,neu,,48146,60
2026-06-17 05:08:01,wargonzo,34875,https://t.me/wargonzo/34875,False,none,none,neu,,52396,60
2026-06-17 05:08:01,wargonzo,34874,https://t.me/wargonzo/34874,False,none,none,neu,,48917,59
2026-06-17 05:08:01,wargonzo,34873,https://t.me/wargonzo/34873,False,none,none,neu,,43122,59
2026-06-17 05:08:01,wargonzo,34871,https://t.me/wargonzo/34871,False,none,none,neu,,44532,60
2026-06-17 05:08:01,wargonzo,34870,https://t.me/wargonzo/34870,False,none,none,neu,,42426,59
2026-06-17 05:08:01,wargonzo,34869,https://t.me/wargonzo/34869,False,none,none,neu,,48456,60
2026-06-17 05:08:01,wargonzo,34872,https://t.me/wargonzo/34872,True,frontline,hulyaipole,pos,"Russian forces advance in Zaporizhzhia and Donetsk fronts, claiming territorial gains near Hulyaipole and Dobropoilia.",44798,60
2026-06-17 05:31:01,rybar,81124,https://t.me/rybar/81124,True,west_nato,other,pos,"US strategic oil reserves fall to 1983 lows despite record production, creating vulnerability amid geopolitical tensions.",183261,106
2026-06-17 05:59:24,dva_majors,94662,https://t.me/dva_majors/94662,False,none,none,neu,,89734,0
2026-06-17 06:01:56,dva_majors,94663,https://t.me/dva_majors/94663,True,ukraine_strikes_on_russia,drones_on_regions,neu,Russian air defense destroys 157 Ukrainian drones overnight across multiple Russian regions.,99075,35
2026-06-17 06:07:41,sashakots,62395,https://t.me/sashakots/62395,True,west_nato,alliance_politics,pos,German Air Force commander threatens devastating strikes on Russia if NATO must defend itself.,40505,45
2026-06-17 06:35:44,dva_majors,94665,https://t.me/dva_majors/94665,False,none,none,neu,,97469,78
2026-06-17 06:35:44,dva_majors,94664,https://t.me/dva_majors/94664,True,criticism,government,neg,Ukrainian passengers complain about poor evacuation procedures during air raids with inadequate shelter provisions.,99885,78
2026-06-17 06:38:43,sashakots,62396,https://t.me/sashakots/62396,True,west_nato,negotiations,neg,"G7 summit results: Ukraine gained recognition but received no funding, weapons systems, or new US sanctions support.",45665,142
2026-06-17 07:04:20,dva_majors,94666,https://t.me/dva_majors/94666,False,none,none,neu,,98889,11
2026-06-17 07:04:58,rybar,81125,https://t.me/rybar/81125,True,ukraine_strikes_on_russia,other,neg,Russian Su-24M aircraft crashes in Khmelnytska region; crew killed while potentially equipped for Storm Shadow operations.,185248,70
2026-06-17 07:22:33,sashakots,62397,https://t.me/sashakots/62397,True,russia_internal,other,pos,Russian government fund begins providing rehabilitation aids to disabled active military personnel and combat veterans.,30753,12
2026-06-17 07:28:37,rusich_army,29985,https://t.me/rusich_army/29985,True,ukraine_strikes_on_russia,drones_on_regions,neu,Ukrainian drones attack multiple Russian regions; 157 destroyed overnight but no confirmed damage reported by Russian air defense.,113466,51
2026-06-17 07:32:36,dva_majors,94667,https://t.me/dva_majors/94667,True,russia_internal,ideology_society,neg,Russian Foreign Ministry warns citizens of serious arrest risks when traveling to Western countries over pro-war support.,102551,376
2026-06-17 07:32:59,wargonzo,34877,https://t.me/wargonzo/34877,True,west_nato,other,neg,Russian media fabricated naval battle with British ships; reality was minor incident with passing sailboat near HMS Admiral Grigorovich.,49004,38
2026-06-17 07:40:21,sashakots,62398,https://t.me/sashakots/62398,False,none,none,neu,,78415,31
2026-06-17 07:57:29,epoddubny,27801,https://t.me/epoddubny/27801,True,russia_internal,security_cases,pos,FSB arrests three Ukrainian-linked agents planning terror attacks on military personnel and infrastructure targets.,39324,41
2026-06-17 07:59:55,sashakots,62399,https://t.me/sashakots/62399,True,frontline,hulyaipole,pos,Russian drone operators of 247th assault regiment destroy Ukrainian vehicles and force units into defensive positions.,63344,48
2026-06-17 08:01:48,dva_majors,94668,https://t.me/dva_majors/94668,True,west_nato,other,neg,US Coast Guard requests $80 million to expand specialized maritime forces used for boarding vessels in international waters.,119945,74
2026-06-17 08:20:37,epoddubny,27802,https://t.me/epoddubny/27802,True,frontline,hulyaipole,pos,Russian drone operators of 247th assault regiment destroy Ukrainian vehicles and force units into defensive positions.,32546,16
2026-06-17 08:22:58,rybar,81126,https://t.me/rybar/81126,True,russia_internal,other,neg,Yekaterinburg considers restrictions on migrant drivers after fatal accident; regional officials debate overdue safety measures.,179260,47
2026-06-17 08:27:05,epoddubny,27803,https://t.me/epoddubny/27803,True,russia_internal,other,pos,Russian Federation Council approves law protecting foreign fighters in armed forces from deportation and legal status cancellation.,37097,42
2026-06-17 08:33:27,Sladkov_plus,15652,https://t.me/Sladkov_plus/15652,True,russia_internal,ideology_society,neu,Discussion of combat psychology principles for fighter pilots and drone operators based on classic wartime psychological doctrine.,85140,134
2026-06-17 09:04:14,rusich_army,29986,https://t.me/rusich_army/29986,True,frontline,other,pos,Russian forces destroy Ukrainian special forces unit in combat operation.,94213,47
2026-06-17 09:05:07,wargonzo,34878,https://t.me/wargonzo/34878,False,none,none,neu,,34401,8
2026-06-17 09:05:12,epoddubny,27804,https://t.me/epoddubny/27804,True,frontline,other,pos,Russian air defense units shoot down multiple Ukrainian reconnaissance and attack drones.,37886,33
2026-06-17 09:52:18,wargonzo,34879,https://t.me/wargonzo/34879,True,ukraine_strikes_on_russia,other,neg,"Ukrainian forces attack bus carrying Belarusian children in Bryansk region, killing one woman, wounding six.",34517,136
2026-06-17 10:01:11,rybar,81127,https://t.me/rybar/81127,True,west_nato,military_aid,neg,"G7 summit commits to increased military aid and sanctions against Russia, abandoning peace negotiations.",177440,199
2026-06-17 10:07:21,ngp_razvedka,25601,https://t.me/ngp_razvedka/25601,True,ukraine_strikes_on_russia,other,neu,Ukraine prepares mobile gas stations after fuel depot struck in Sumy region.,16316,31
2026-06-17 10:08:37,epoddubny,27805,https://t.me/epoddubny/27805,True,ukraine_strikes_on_russia,other,neg,"Ukrainian forces attack bus with Belarusian children in Bryansk region, killing woman and wounding six.",38352,185
2026-06-17 10:10:14,sashakots,62400,https://t.me/sashakots/62400,True,ukraine_strikes_on_russia,other,neg,"Ukrainian drone strikes bus with Belarusian children in Bryansk, killing one woman and wounding six.",56402,443
2026-06-17 10:13:21,Sladkov_plus,15663,https://t.me/Sladkov_plus/15663,False,none,none,neu,,89138,34
2026-06-17 10:13:21,Sladkov_plus,15662,https://t.me/Sladkov_plus/15662,False,none,none,neu,,103833,34
2026-06-17 10:13:21,Sladkov_plus,15661,https://t.me/Sladkov_plus/15661,False,none,none,neu,,98579,34
2026-06-17 10:13:21,Sladkov_plus,15660,https://t.me/Sladkov_plus/15660,False,none,none,neu,,94233,34
2026-06-17 10:13:21,Sladkov_plus,15659,https://t.me/Sladkov_plus/15659,False,none,none,neu,,85396,34
2026-06-17 10:13:21,Sladkov_plus,15658,https://t.me/Sladkov_plus/15658,False,none,none,neu,,80634,34
2026-06-17 10:31:01,epoddubny,27806,https://t.me/epoddubny/27806,True,frontline,other,pos,Russian paratroopers destroy Ukrainian drone unit using FPV drones and air support.,36889,20
2026-06-17 10:35:50,Sladkov_plus,15664,https://t.me/Sladkov_plus/15664,False,none,none,neu,,105001,43
2026-06-17 10:46:52,ngp_razvedka,25602,https://t.me/ngp_razvedka/25602,True,ukraine_strikes_on_russia,other,neg,"Ukrainian drone strikes bus with Belarusian children, calls for mirror retaliatory measures against Ukraine.",17958,99
2026-06-17 10:47:47,vysokygovorit,23140,https://t.me/vysokygovorit/23140,False,none,none,neu,,204322,1380
2026-06-17 10:59:22,Sladkov_plus,15665,https://t.me/Sladkov_plus/15665,True,russia_internal,mobilisation,neu,Kursk regional governor issues decree holding enterprise heads responsible for drone attack protection.,127253,552
2026-06-17 11:02:02,wargonzo,34880,https://t.me/wargonzo/34880,True,west_nato,military_aid,neu,G7 summit produces few concrete weapons commitments; Trump departs early despite pressure from European leaders.,41395,68
2026-06-17 11:04:52,dva_majors,94669,https://t.me/dva_majors/94669,True,west_nato,rearmament,neg,EU approves 9.6-9.98 billion euro military spending for Romania through 2030-2031.,99133,192
2026-06-17 11:07:01,epoddubny,27807,https://t.me/epoddubny/27807,True,frontline,other,pos,Russian forces destroy last crossing over Seversky Donets river supplying Ukrainian forces in Krasnyi Lyman.,43402,72
2026-06-17 11:09:51,rusich_army,29987,https://t.me/rusich_army/29987,True,ukraine_strikes_on_russia,other,neg,"Ukrainian forces attack bus with Belarusian children in Bryansk region, killing one and wounding five.",111303,87
2026-06-17 11:16:25,sashakots,62402,https://t.me/sashakots/62402,False,none,none,neu,,32560,159
2026-06-17 11:16:25,sashakots,62401,https://t.me/sashakots/62401,True,ukraine_strikes_on_russia,other,neg,"Analysis suggests Ukrainian drone used fragmentation cluster munitions against bus with children, indicating intentional targeting.",34629,159
2026-06-17 11:19:28,ngp_razvedka,25603,https://t.me/ngp_razvedka/25603,True,ukraine_strikes_on_russia,other,neg,"Ukrainian forces attack vehicles on highway, striking pregnant woman and children.",17259,113
2026-06-17 11:29:58,rybar,81128,https://t.me/rybar/81128,True,russia_internal,economy,neu,Russia oil exports peak despite refinery damage from Ukrainian drones; sanctions threatened by US.,178929,125
2026-06-17 11:45:58,sashakots,62403,https://t.me/sashakots/62403,True,frontline,other,pos,"Russian forces liberate village of Kutozovka in Donetsk, advancing toward Dobropillya.",32274,45
2026-06-17 12:05:05,epoddubny,27809,https://t.me/epoddubny/27809,False,none,none,neu,,51777,96
2026-06-17 12:05:05,epoddubny,27808,https://t.me/epoddubny/27808,True,ukraine_strikes_on_russia,other,neg,Belarus condemns Ukrainian drone attack on bus with children as terrorism; seven wounded including five children.,52647,96
2026-06-17 12:25:33,rybar,81129,https://t.me/rybar/81129,True,criticism,government,neg,Ukrainian defense minister announces potential demobilization starting late 2026 amid widespread mobilization crisis.,172462,28
2026-06-17 12:31:02,dva_majors,94670,https://t.me/dva_majors/94670,False,none,none,neu,,207759,342
2026-06-17 12:32:01,wargonzo,34882,https://t.me/wargonzo/34882,False,none,none,neu,,44549,120
2026-06-17 12:32:01,wargonzo,34881,https://t.me/wargonzo/34881,True,ukraine_strikes_on_russia,other,neg,Ukraine reports Russian Starlink jamming system 'Volna Kupol Garant' disrupts satellite links across 20km areas.,41384,121
2026-06-17 12:40:34,dva_majors,94671,https://t.me/dva_majors/94671,False,none,none,neu,,97285,61
2026-06-17 12:50:48,Sladkov_plus,15666,https://t.me/Sladkov_plus/15666,False,none,none,neu,,128206,36
2026-06-17 13:02:38,rusich_army,29988,https://t.me/rusich_army/29988,False,none,none,neu,,137551,45
2026-06-17 13:10:10,dva_majors,94673,https://t.me/dva_majors/94673,False,none,none,neu,,97385,162
2026-06-17 13:10:10,dva_majors,94672,https://t.me/dva_majors/94672,True,ukraine_strikes_on_russia,drones_on_regions,neg,"Ukrainian drone struck bus with Belarusian children near Bryansk, killing one woman, injuring six.",104975,161
2026-06-17 13:13:08,dva_majors,94674,https://t.me/dva_majors/94674,True,ukraine_strikes_on_russia,other,neu,"Ukraine attacked shadow fleet tanker FINA A in Black Sea, latest strike against Russian sanctions-evasion vessels.",120994,356
2026-06-17 13:14:56,rybar,81131,https://t.me/rybar/81131,False,none,none,neu,,170626,188
2026-06-17 13:14:56,rybar,81130,https://t.me/rybar/81130,True,ukraine_strikes_on_russia,drones_on_regions,neg,"Ukrainian drone struck Bryansk bus with children, killing woman and wounding five minors, investigation ongoing.",171929,188
2026-06-17 13:27:58,rybar,81132,https://t.me/rybar/81132,True,west_nato,other,neu,G7 plus Brazil and South Korea launched anti-drug trafficking monitoring in ports and crypto markets.,166827,24
2026-06-17 13:29:27,dva_majors,94675,https://t.me/dva_majors/94675,True,frontline,other,pos,"Russian forces captured Kutozovka in DNR, cleared 96 buildings in Konstantinovka, destroyed 70+ Ukrainian troops.",101262,46
2026-06-17 13:31:42,dva_majors,94676,https://t.me/dva_majors/94676,True,russia_internal,economy,pos,Tatneft cancelled fuel rationing limits after refineries recovered from Ukrainian strikes.,107939,88
2026-06-17 13:46:33,rybar,81133,https://t.me/rybar/81133,True,west_nato,other,neu,Apple and Google removed Telegram from Indian app stores per government block citing exam fraud risks.,168227,148
2026-06-17 13:47:49,dva_majors,94677,https://t.me/dva_majors/94677,True,west_nato,rearmament,neg,"Finland's parliament repealed 1987 nuclear weapons ban, enabling NATO tactical nuke deployment.",154505,460
2026-06-17 13:50:17,Sladkov_plus,15667,https://t.me/Sladkov_plus/15667,True,russia_internal,other,neu,Kursk governor's directive ordering enterprises to defend against drones is debunked as misinformation.,122446,171
2026-06-17 13:52:58,sashakots,62404,https://t.me/sashakots/62404,True,russia_internal,security_cases,pos,16-year-old Voronezh resident sentenced to 7 years for Ukrainian recruitment to conduct terror attack.,30148,71
2026-06-17 13:56:23,epoddubny,27810,https://t.me/epoddubny/27810,True,frontline,other,pos,Russian forces cleared 96 buildings in Konstantinovka daily; company commander 'Gorec' recounts assault operations.,70133,53
2026-06-17 14:11:50,sashakots,62405,https://t.me/sashakots/62405,True,frontline,other,pos,"Russian forces eliminated 70+ Ukrainian troops, destroyed vehicles in Konstantinovka; four surrounded formations confirmed.",135999,327
2026-06-17 14:24:01,rybar,81134,https://t.me/rybar/81134,False,none,none,neu,,155932,26
2026-06-17 14:27:39,vysokygovorit,23142,https://t.me/vysokygovorit/23142,False,none,none,neu,,100164,58
2026-06-17 14:27:39,vysokygovorit,23141,https://t.me/vysokygovorit/23141,False,none,none,neu,,105115,59
2026-06-17 14:34:58,rybar,81136,https://t.me/rybar/81136,False,none,none,neu,,176471,48
2026-06-17 14:34:58,rybar,81135,https://t.me/rybar/81135,True,west_nato,alliance_politics,neu,Russia-ASEAN summit in Kazan hosts Southeast Asian leaders for bilateral and multilateral negotiations.,161070,48
2026-06-17 14:34:59,rybar,81137,https://t.me/rybar/81137,False,none,none,neu,,177306,48
2026-06-17 14:43:44,wargonzo,34885,https://t.me/wargonzo/34885,False,none,none,neu,,46045,143
2026-06-17 14:43:44,wargonzo,34884,https://t.me/wargonzo/34884,False,none,none,neu,,46451,143
2026-06-17 14:43:44,wargonzo,34883,https://t.me/wargonzo/34883,True,west_nato,other,neg,Netherlands tested POW camp design for 2000 Russian prisoners in war preparations near Groningen.,39746,146
2026-06-17 14:48:07,sashakots,62406,https://t.me/sashakots/62406,True,west_nato,alliance_politics,neg,NATO chief Rutte blocks Zelensky from speaking at July NATO summit plenary in Ankara.,44745,75
2026-06-17 15:09:49,rybar,81138,https://t.me/rybar/81138,True,frontline,hulyaipole,neu,Russian forces stabilized Western Zaporizhzhia sector; Ukraine maintains multiple Konka river crossings.,174637,112
2026-06-17 15:20:26,sashakots,62407,https://t.me/sashakots/62407,True,frontline,other,pos,"Russian forces expanded Konstantinovka control, cleared 96 more buildings; company commander details assault tactics.",28127,11
2026-06-17 15:29:04,dva_majors,94678,https://t.me/dva_majors/94678,True,ukraine_strikes_on_russia,other,neg,Ukraine unveiled DART aerostat-launched missile with 12-18km altitude range to evade air defenses.,121513,623
2026-06-17 15:33:32,sashakots,62408,https://t.me/sashakots/62408,True,russia_internal,other,pos,Sevmash laid down ninth Yasen-M nuclear submarine Murmansk with 40-missile strike capability.,30882,65
2026-06-17 15:44:56,epoddubny,27811,https://t.me/epoddubny/27811,True,west_nato,rearmament,neg,"Finland lifts ban on nuclear weapons storage, raising military threat to Russia's northwest borders.",41535,62
2026-06-17 15:55:49,rybar,81139,https://t.me/rybar/81139,True,west_nato,alliance_politics,neu,EU considers trade relief for Armenia amid Russian export restrictions but faces logistical complications.,166343,30
2026-06-17 16:08:07,vysokygovorit,23143,https://t.me/vysokygovorit/23143,True,frontline,other,pos,"Russian forces methodically destroy Konstantinovka garrison, eliminating 96 buildings and surrounding four Ukrainian brigades.",102079,213
2026-06-17 16:17:17,ngp_razvedka,25604,https://t.me/ngp_razvedka/25604,False,none,none,neu,,16411,120
2026-06-17 16:19:57,sashakots,62409,https://t.me/sashakots/62409,True,strikes_on_ukraine,other,pos,Russia systematically destroys fuel stations and Novaya Pochta terminals used for Ukrainian military logistics in Sumy and Zaporizhzhia.,33296,81
2026-06-17 16:30:40,dva_majors,94681,https://t.me/dva_majors/94681,False,none,none,neu,,116837,520
2026-06-17 16:30:40,dva_majors,94680,https://t.me/dva_majors/94680,False,none,none,neu,,124943,530
2026-06-17 16:30:40,dva_majors,94679,https://t.me/dva_majors/94679,True,criticism,government,neg,"Russian leadership inconsistent: previously praised Turkish Kirpi vehicles now destroyed as Ukraine weapons, contradicting later NATO-Turkey cooperation.",105632,525
2026-06-17 16:35:10,wargonzo,34886,https://t.me/wargonzo/34886,True,frontline,other,pos,Russian reconnaissance units eliminate Ukrainian forces from Malaya Tokmachka and Belogorye using thermal imaging and drone strikes.,51903,90
2026-06-17 16:39:58,rybar,81140,https://t.me/rybar/81140,True,west_nato,military_aid,neg,Pentagon confirmed using AI-powered Maven system with Grok integration to strike Iranian targets with 2000 missiles in 96 hours.,168104,108
2026-06-17 16:42:33,sashakots,62410,https://t.me/sashakots/62410,False,none,none,neu,,23264,87
2026-06-17 16:46:46,epoddubny,27812,https://t.me/epoddubny/27812,False,none,none,neg,"Commemoration of two Russian journalists killed by Ukrainian artillery in Metallist, Luhansk on June 17, 2014.",114420,119
2026-06-17 16:57:06,sashakots,62411,https://t.me/sashakots/62411,False,none,none,neu,,33935,5
2026-06-17 16:57:36,dva_majors,94682,https://t.me/dva_majors/94682,True,russia_internal,security_cases,neu,"Russia restricts civilian aviation and drone flights up to 5200m over central regions including Moscow starting June 20, 2026.",114978,149
2026-06-17 16:59:01,sashakots,62415,https://t.me/sashakots/62415,False,none,none,neu,,47011,151
2026-06-17 16:59:01,sashakots,62414,https://t.me/sashakots/62414,False,none,none,neu,,52820,150
2026-06-17 16:59:01,sashakots,62413,https://t.me/sashakots/62413,False,none,none,neu,,51124,150
2026-06-17 16:59:01,sashakots,62412,https://t.me/sashakots/62412,False,none,none,neu,,41244,152
2026-06-17 17:02:40,rybar,81142,https://t.me/rybar/81142,False,none,none,neu,,176493,37
2026-06-17 17:02:40,rybar,81141,https://t.me/rybar/81141,True,west_nato,alliance_politics,pos,"Putin meets ASEAN leaders at Kazan summit to strengthen cooperation in trade, energy, and agriculture.",174890,37
2026-06-17 17:24:58,rybar,81143,https://t.me/rybar/81143,True,ukraine_strikes_on_russia,crimea_energy,neg,Crimea faces severe fuel crisis as tourism bookings collapse by 79% due to Ukrainian pressure on supply routes and Crimean Bridge restrictions.,178215,389
2026-06-17 17:31:56,rusich_army,29991,https://t.me/rusich_army/29991,False,none,none,neu,,116170,49
2026-06-17 17:32:46,sashakots,62416,https://t.me/sashakots/62416,False,none,none,neu,,42078,4
2026-06-17 17:35:42,sashakots,62417,https://t.me/sashakots/62417,False,none,none,neu,,46099,26
2026-06-17 17:44:59,ngp_razvedka,25605,https://t.me/ngp_razvedka/25605,False,none,none,neu,,16985,10
2026-06-17 17:46:27,epoddubny,27813,https://t.me/epoddubny/27813,True,ukraine_strikes_on_russia,drones_on_regions,neg,"Ukrainian drone operator kills civilian truck driver in Belgorod, highlighting need to defeat enemy forces.",59804,372
2026-06-17 17:48:06,rybar,81144,https://t.me/rybar/81144,True,russia_internal,ideology_society,pos,"Over 1100 foreign citizens obtained Russian visas in 2025 citing traditional values, led by Germans and French.",176872,81
2026-06-17 17:59:02,dva_majors,94683,https://t.me/dva_majors/94683,False,none,none,neu,,115575,172
2026-06-17 18:23:00,dva_majors,94684,https://t.me/dva_majors/94684,True,ukraine_strikes_on_russia,drones_on_regions,neg,"Ukrainian drones kill civilians in LNR and attack bus with children's football team in Bryansk, targeting civilian infrastructure.",119579,76
2026-06-17 18:23:36,rybar,81145,https://t.me/rybar/81145,True,frontline,other,neu,"Rubicon center documents over 33000 target hits, with Ukrainian drones as primary targets; counter-drone defense remains critical priority.",181487,48
2026-06-17 18:30:08,epoddubny,27814,https://t.me/epoddubny/27814,True,west_nato,alliance_politics,pos,"Putin emphasizes Russia-ASEAN 35-year partnership based on sovereignty, equality, and cultural diversity at Kazan summit.",51552,34
2026-06-17 19:00:57,ngp_razvedka,25606,https://t.me/ngp_razvedka/25606,True,ukraine_strikes_on_russia,other,neu,Suspected attack on Odesa port by unknown actor; poster suggests either Romanian retaliation or Ukrainian self-inflicted damage.,18546,36
2026-06-17 19:09:57,rybar,81146,https://t.me/rybar/81146,True,frontline,other,pos,"Russian forces advance in Konstantinovka, clearing Gora microdistrict and expanding presence on northeast outskirts.",182335,82
2026-06-17 19:35:01,rybar,81147,https://t.me/rybar/81147,False,none,none,neu,,185212,23
2026-06-17 19:36:29,dva_majors,94685,https://t.me/dva_majors/94685,False,none,none,neu,,124699,398
2026-06-17 19:50:11,dva_majors,94686,https://t.me/dva_majors/94686,False,none,none,neu,,123927,6
2026-06-17 19:51:42,dva_majors,94687,https://t.me/dva_majors/94687,False,none,none,neu,,124267,80
2026-06-17 19:57:31,vysokygovorit,23144,https://t.me/vysokygovorit/23144,True,west_nato,military_aid,neg,US will continue supporting Ukraine despite diplomatic efforts; Iran's victory is inevitable.,104927,80
2026-06-17 20:30:58,ngp_razvedka,25607,https://t.me/ngp_razvedka/25607,True,russia_internal,other,neu,Boeing aircraft lost over Black Sea reappeared on radar; preparing emergency landing in Sochi.,21720,40
2026-06-17 20:32:01,rybar,81148,https://t.me/rybar/81148,False,none,none,neu,,180984,11
2026-06-17 20:35:36,ngp_razvedka,25608,https://t.me/ngp_razvedka/25608,False,none,none,neu,,18824,41
2026-06-17 20:59:47,rybar,81150,https://t.me/rybar/81150,False,none,none,neu,,198823,99
2026-06-17 20:59:47,rybar,81149,https://t.me/rybar/81149,True,strikes_on_ukraine,fuel_infrastructure,pos,Russian forces destroyed gas stations in Slavyansk and Trostyanets; Ukrainian drone strike hit civilian bus in Bryansk.,194510,98
2026-06-17 20:59:48,rybar,81153,https://t.me/rybar/81153,False,none,none,neu,,208671,98
2026-06-17 20:59:48,rybar,81152,https://t.me/rybar/81152,False,none,none,neu,,217283,100
2026-06-17 20:59:48,rybar,81151,https://t.me/rybar/81151,False,none,none,neu,,206848,100
2026-06-17 21:14:55,Sladkov_plus,15668,https://t.me/Sladkov_plus/15668,False,none,none,neu,,132677,59
2026-06-17 21:19:25,Sladkov_plus,15669,https://t.me/Sladkov_plus/15669,False,none,none,neu,,131036,52
2026-06-17 21:19:49,vysokygovorit,23145,https://t.me/vysokygovorit/23145,False,none,none,neu,,103509,33
2026-06-17 21:37:08,ngp_razvedka,25609,https://t.me/ngp_razvedka/25609,False,none,none,neu,,18190,65
2026-06-17 22:54:00,ngp_razvedka,25610,https://t.me/ngp_razvedka/25610,False,none,none,neu,,17757,46
2026-06-18 03:50:43,dva_majors,94688,https://t.me/dva_majors/94688,False,none,none,neu,,110172,33
2026-06-18 03:50:56,dva_majors,94689,https://t.me/dva_majors/94689,True,ukraine_strikes_on_russia,drones_on_regions,neg,"Ukraine attacks Moscow with 43+ drones; Moscow NTP hit, casualties and damage across Moscow region.",366839,577
2026-06-18 03:55:36,dva_majors,94692,https://t.me/dva_majors/94692,False,none,none,neu,,119834,560
2026-06-18 03:55:36,dva_majors,94691,https://t.me/dva_majors/94691,False,none,none,neu,,121906,557
2026-06-18 03:55:36,dva_majors,94690,https://t.me/dva_majors/94690,True,ukraine_strikes_on_russia,drones_on_regions,neg,Drone strikes damage apartment building in Zhukovskiy and private house in Elektrostal; evacuation underway.,109143,562
2026-06-18 04:20:18,dva_majors,94693,https://t.me/dva_majors/94693,True,ukraine_strikes_on_russia,drones_on_regions,neg,Moscow attacked by drones with NATO technology; border regions face ongoing attacks becoming normalized.,162034,1765
2026-06-18 04:38:53,dva_majors,94694,https://t.me/dva_majors/94694,True,ukraine_strikes_on_russia,drones_on_regions,neg,"60+ drones shot down in Rostov region; one killed, fires and infrastructure damage reported.",122602,192
2026-06-18 04:50:49,dva_majors,94695,https://t.me/dva_majors/94695,True,ukraine_strikes_on_russia,drones_on_regions,neu,52 more drones destroyed heading toward Moscow; total 137 intercepted.,111178,103
2026-06-18 04:51:54,dva_majors,94696,https://t.me/dva_majors/94696,True,criticism,government,neg,Calls for transparent information about drone attacks to counter panic and Ukrainian information operations.,122074,133
2026-06-18 05:04:09,rusich_army,29992,https://t.me/rusich_army/29992,False,none,none,neu,,109526,34
2026-06-18 05:17:51,dva_majors,94697,https://t.me/dva_majors/94697,True,ukraine_strikes_on_russia,drones_on_regions,neu,180 drones shot down approaching Moscow; air defense continues working.,118349,256
2026-06-18 05:18:55,dva_majors,94698,https://t.me/dva_majors/94698,True,ukraine_strikes_on_russia,drones_on_regions,neu,Russia destroys 555 Ukrainian drones overnight across multiple regions.,119305,210
2026-06-18 05:29:22,wargonzo,34889,https://t.me/wargonzo/34889,False,none,none,neu,,45525,155
2026-06-18 05:29:22,wargonzo,34888,https://t.me/wargonzo/34888,False,none,none,neu,,45719,155
2026-06-18 05:29:22,wargonzo,34887,https://t.me/wargonzo/34887,True,ukraine_strikes_on_russia,drones_on_regions,neg,"Ukrainian attack on Moscow and region causes damage to oil refinery, shopping center, and apartment blocks.",40903,157
2026-06-18 05:41:34,rybar,81154,https://t.me/rybar/81154,True,ukraine_strikes_on_russia,drones_on_regions,neg,"43 drones toward Moscow destroyed; Moscow NTP attacked, casualties and damage in Moscow region reported.",174465,86
2026-06-18 05:54:00,rybar,81155,https://t.me/rybar/81155,True,frontline,other,pos,Ka-52 pilot Denis Chernavavin destroyed 17 vehicles in Zaporizhzhia; hero of Russia with 500+ combat sorties.,300024,199
2026-06-18 05:59:24,dva_majors,94699,https://t.me/dva_majors/94699,True,west_nato,military_aid,neu,Summary of war developments including NATO threat to Kaliningrad and Ukrainian forces movements.,44504,0
2026-06-18 06:01:42,sashakots,62418,https://t.me/sashakots/62418,True,west_nato,negotiations,neu,Trump administration criticized for potential Iran deal without securing concessions; ceasefire complications expected.,50326,17
2026-06-18 06:01:55,vysokygovorit,23146,https://t.me/vysokygovorit/23146,True,criticism,government,neg,Ukrainian regime uses terrorism as main warfare tactic; West ignores civilian deaths and war crimes.,113431,71
2026-06-18 06:12:27,dva_majors,94700,https://t.me/dva_majors/94700,True,strikes_on_ukraine,fuel_infrastructure,neu,Russia strikes fuel depot in Boryspil and Zaturyno oil refinery in Poltava region.,113692,103
2026-06-18 06:13:57,sashakots,62419,https://t.me/sashakots/62419,True,ukraine_strikes_on_russia,drones_on_regions,pos,555 drones shot down; 180+ over Moscow region; Moscow NTP hit twice in three days.,1217479,11983
2026-06-18 06:15:08,dva_majors,94701,https://t.me/dva_majors/94701,True,frontline,other,pos,255th Guards motor-rifle regiment drone operators destroy enemy positions in Konstantinovske direction.,116898,2
2026-06-18 06:24:02,dva_majors,94702,https://t.me/dva_majors/94702,True,ukraine_strikes_on_russia,drones_on_regions,neu,10 enemy drones intercepted heading toward Moscow; debris recovery underway.,118373,36
2026-06-18 06:27:14,dva_majors,94703,https://t.me/dva_majors/94703,True,ukraine_strikes_on_russia,drones_on_regions,neu,4 more enemy drones destroyed approaching Moscow.,111014,34
2026-06-18 06:30:06,rusich_army,29994,https://t.me/rusich_army/29994,False,none,none,neu,,114841,2
2026-06-18 06:37:01,wargonzo,34892,https://t.me/wargonzo/34892,False,none,none,neu,,37868,1
2026-06-18 06:37:01,wargonzo,34891,https://t.me/wargonzo/34891,False,none,none,neu,,37997,1
2026-06-18 06:37:01,wargonzo,34890,https://t.me/wargonzo/34890,False,none,none,neu,,33228,1
2026-06-18 06:41:51,dva_majors,94704,https://t.me/dva_majors/94704,False,none,none,neu,,114155,1
2026-06-18 06:42:51,epoddubny,27816,https://t.me/epoddubny/27816,False,none,none,neu,,57698,110
2026-06-18 06:42:51,epoddubny,27815,https://t.me/epoddubny/27815,True,strikes_on_ukraine,fuel_infrastructure,neu,Russia strikes fuel terminals and gas infrastructure in Kyiv and Poltava regions.,58743,110
2026-06-18 06:45:18,rybar,81156,https://t.me/rybar/81156,False,none,none,neu,,77050,37
2026-06-18 06:45:51,dva_majors,94705,https://t.me/dva_majors/94705,True,ukraine_strikes_on_russia,drones_on_regions,neg,"Ukrainian drone attacked Kursk region village, wounded 61-year-old woman with shrapnel injuries.",111323,27
2026-06-18 06:47:54,sashakots,62422,https://t.me/sashakots/62422,False,none,none,neu,,77417,142
2026-06-18 06:47:54,sashakots,62421,https://t.me/sashakots/62421,False,none,none,neu,,76836,142
2026-06-18 06:47:54,sashakots,62420,https://t.me/sashakots/62420,True,strikes_on_ukraine,fuel_infrastructure,pos,Russian forces struck Ukrainian fuel-energy infrastructure with Shahed drones and Iskander missiles.,65715,145
2026-06-18 06:49:41,dva_majors,94706,https://t.me/dva_majors/94706,False,none,none,neu,,109289,157
2026-06-18 06:50:00,vysokygovorit,23147,https://t.me/vysokygovorit/23147,True,criticism,government,neg,Criticizes civilians filming Ukrainian strikes on Moscow for aiding enemy and committing treason.,92342,344
2026-06-18 06:54:28,dva_majors,94707,https://t.me/dva_majors/94707,True,ukraine_strikes_on_russia,drones_on_regions,neg,Yaroslavl region closed roads due to Ukrainian drone attacks; air alert in effect.,108799,122
2026-06-18 06:54:40,rusich_army,29996,https://t.me/rusich_army/29996,True,ukraine_strikes_on_russia,drones_on_regions,neu,"Ukraine's largest 2024 Moscow attack: 555 drones launched, 180 shot down, civilian casualties reported.",126561,171
2026-06-18 07:00:33,dva_majors,94708,https://t.me/dva_majors/94708,False,none,none,neu,,107529,11
2026-06-18 07:02:01,wargonzo,34893,https://t.me/wargonzo/34893,False,none,none,neu,,33414,6
2026-06-18 07:03:12,Sladkov_plus,15670,https://t.me/Sladkov_plus/15670,False,none,none,neu,,144674,165
2026-06-18 07:31:30,dva_majors,94709,https://t.me/dva_majors/94709,False,none,none,neu,,107331,157
2026-06-18 07:42:27,vysokygovorit,23148,https://t.me/vysokygovorit/23148,True,ukraine_strikes_on_russia,drones_on_regions,pos,Air defense shot down 555 drones in record attack on Russia; praised anti-aircraft forces performance.,80393,601
2026-06-18 07:44:01,rybar,81157,https://t.me/rybar/81157,True,criticism,other,neg,Criticizes military bloggers sharing strike videos online for helping enemy and violating operational security.,236148,367
2026-06-18 07:44:05,wargonzo,34900,https://t.me/wargonzo/34900,False,none,none,neu,,39449,45
2026-06-18 07:44:05,wargonzo,34899,https://t.me/wargonzo/34899,False,none,none,neu,,43727,44
2026-06-18 07:44:05,wargonzo,34898,https://t.me/wargonzo/34898,False,none,none,neu,,45099,44
2026-06-18 07:44:05,wargonzo,34897,https://t.me/wargonzo/34897,False,none,none,neu,,37148,44
2026-06-18 07:44:05,wargonzo,34896,https://t.me/wargonzo/34896,False,none,none,neu,,36236,44
2026-06-18 07:44:05,wargonzo,34895,https://t.me/wargonzo/34895,False,none,none,neu,,36279,45
2026-06-18 07:44:05,wargonzo,34894,https://t.me/wargonzo/34894,True,frontline,other,neu,"Frontline summary: Russian forces advancing on Donetsk and Zaporizhzhia fronts, multiple engagements.",37572,45
2026-06-18 08:02:29,dva_majors,94710,https://t.me/dva_majors/94710,True,west_nato,other,neg,UN faces financial crisis due to US and China withholding contributions; approaching August bankruptcy.,140449,165
2026-06-18 08:29:43,rybar,81158,https://t.me/rybar/81158,True,strikes_on_ukraine,other,neu,Analyzes global air defense missile shortage following Moscow drone attack and Western production response.,202241,159
2026-06-18 08:34:46,epoddubny,27817,https://t.me/epoddubny/27817,False,none,none,neu,,44790,25
2026-06-18 08:46:28,dva_majors,94711,https://t.me/dva_majors/94711,True,ukraine_strikes_on_russia,drones_on_regions,neg,Moscow region: 16 people wounded by drone attacks including two children in multiple locations.,118779,260
2026-06-18 08:57:01,epoddubny,27818,https://t.me/epoddubny/27818,True,strikes_on_ukraine,deep_strikes,pos,Russian aviation strikes Ukrainian military positions with FAB bombs in Dnipropetrovsk and Kharkiv regions.,59099,50
2026-06-18 08:57:18,dva_majors,94712,https://t.me/dva_majors/94712,True,ukraine_strikes_on_russia,drones_on_regions,neg,Kherson region: five civilians wounded in Ukrainian drone attacks; 126 drone strikes in 24 hours.,115910,28
2026-06-18 09:01:01,rusich_army,29997,https://t.me/rusich_army/29997,True,strikes_on_ukraine,fuel_infrastructure,pos,Russian forces struck gas stations in Sumy region; systematic fuel infrastructure campaign against Ukraine.,151060,129
2026-06-18 09:01:02,wargonzo,34903,https://t.me/wargonzo/34903,False,none,none,neu,,41485,34
2026-06-18 09:01:02,wargonzo,34902,https://t.me/wargonzo/34902,False,none,none,neu,,40400,33
2026-06-18 09:01:02,wargonzo,34901,https://t.me/wargonzo/34901,True,strikes_on_ukraine,fuel_infrastructure,pos,Russian strike on Ukrainian fuel-energy infrastructure: fuel depot near Kyiv and Iskander hits Ukrhazvtranshaz.,34296,34
2026-06-18 09:01:58,dva_majors,94713,https://t.me/dva_majors/94713,False,none,none,neu,,111018,89
2026-06-18 09:11:01,epoddubny,27819,https://t.me/epoddubny/27819,True,ukraine_strikes_on_russia,drones_on_regions,neg,Sixteen people including two children wounded in Ukrainian drone attacks on Moscow region.,44608,71
2026-06-18 09:24:57,sashakots,62426,https://t.me/sashakots/62426,False,none,none,neu,,53983,569
2026-06-18 09:24:57,sashakots,62425,https://t.me/sashakots/62425,False,none,none,neu,,51090,569
2026-06-18 09:24:57,sashakots,62424,https://t.me/sashakots/62424,False,none,none,neu,,44360,569
2026-06-18 09:24:57,sashakots,62423,https://t.me/sashakots/62423,True,ukraine_strikes_on_russia,drones_on_regions,neu,"Analysis of Ukrainian drone types used in Moscow attack: Lutyi, FP-1, Bars, Beavers specifications.",41716,580
2026-06-18 09:26:46,vysokygovorit,23149,https://t.me/vysokygovorit/23149,True,ukraine_strikes_on_russia,other,neg,Ukrainian drones celebrate hitting Moscow refinery; author suggests dam breach would be more effective.,413472,2136
2026-06-18 09:31:43,dva_majors,94714,https://t.me/dva_majors/94714,False,none,none,neu,,85399,180
2026-06-18 09:44:29,sashakots,62427,https://t.me/sashakots/62427,True,frontline,other,neg,"Body exchange: Russia transferred 522 bodies, received 33; author notes disparate proportions ignored by Ukrainian media.",46540,137
2026-06-18 09:48:48,epoddubny,27820,https://t.me/epoddubny/27820,True,frontline,other,neu,"Body exchange between Russia and Ukraine: 522 Ukrainian bodies transferred, 33 Russian bodies returned.",40843,71
2026-06-18 09:50:10,dva_majors,94715,https://t.me/dva_majors/94715,False,none,none,neu,,109449,1
2026-06-18 09:57:10,rybar,81159,https://t.me/rybar/81159,True,west_nato,military_aid,neg,US-led exercises training Central Asian militaries near Russian borders with focus on Iran and China containment.,185225,31
2026-06-18 09:57:45,dva_majors,94716,https://t.me/dva_majors/94716,True,frontline,other,pos,Russian Defense Minister congratulates brigades on liberation of Rai-Aleksandrovka in Donetsk People's Republic.,110889,98
2026-06-18 10:03:21,dva_majors,94717,https://t.me/dva_majors/94717,False,none,none,neu,,110800,11
2026-06-18 10:10:52,sashakots,62428,https://t.me/sashakots/62428,True,frontline,kupyansk,pos,Russian forces liberate Rai-Aleksandrovka in Slavyansk direction; strategic position overlooks Slavyansk and Kramatorsk.,42861,75
2026-06-18 10:29:33,rybar,81160,https://t.me/rybar/81160,True,west_nato,alliance_politics,neg,Polish president delays decision on revoking Zelenskyy's award after Ukraine honors UPA unit accused of genocide.,187182,27
2026-06-18 10:30:36,dva_majors,94727,https://t.me/dva_majors/94727,False,none,none,neu,,118084,86
2026-06-18 10:30:36,dva_majors,94726,https://t.me/dva_majors/94726,False,none,none,neu,,137569,86
2026-06-18 10:30:36,dva_majors,94725,https://t.me/dva_majors/94725,False,none,none,neu,,131653,89
2026-06-18 10:30:36,dva_majors,94724,https://t.me/dva_majors/94724,False,none,none,neu,,123591,88
2026-06-18 10:30:36,dva_majors,94723,https://t.me/dva_majors/94723,False,none,none,neu,,115203,85
2026-06-18 10:30:36,dva_majors,94722,https://t.me/dva_majors/94722,False,none,none,neu,,124117,85
2026-06-18 10:30:36,dva_majors,94721,https://t.me/dva_majors/94721,False,none,none,neu,,112391,85
2026-06-18 10:30:36,dva_majors,94720,https://t.me/dva_majors/94720,False,none,none,neu,,113661,85
2026-06-18 10:30:36,dva_majors,94719,https://t.me/dva_majors/94719,False,none,none,neu,,111121,84
2026-06-18 10:30:36,dva_majors,94718,https://t.me/dva_majors/94718,False,none,none,neu,,109739,83
2026-06-18 10:35:16,dva_majors,94728,https://t.me/dva_majors/94728,True,frontline,other,neu,"Russian MoD reports destroying 992 Ukrainian drones, four Flamingo cruise missiles, and HIMARS rockets daily.",119503,254
2026-06-18 10:44:14,epoddubny,27823,https://t.me/epoddubny/27823,False,none,none,neu,,41928,42
2026-06-18 10:44:14,epoddubny,27822,https://t.me/epoddubny/27822,True,frontline,other,pos,Russian commander describes careful tactical approach to urban combat operations during Konstantinovka assault.,41232,43
2026-06-18 10:47:07,sashakots,62429,https://t.me/sashakots/62429,True,ukraine_strikes_on_russia,drones_on_regions,neg,Belarusian children attacked in Bryansk; author criticizes SBU denials and Ukraine's pattern of civilian casualties.,39035,129
2026-06-18 10:59:57,rybar,81161,https://t.me/rybar/81161,True,frontline,other,neu,"Fifth body exchange in 2025: Russia transfers 522 Ukrainian bodies, receives 33 Russian soldiers' remains.",190246,66
2026-06-18 11:01:01,rusich_army,29998,https://t.me/rusich_army/29998,True,frontline,kupyansk,pos,"Russian forces liberate Okhrimovka and clear forest areas north of Volchansk, restricting Ukrainian drone corridors.",99998,50
2026-06-18 11:01:41,ngp_razvedka,25611,https://t.me/ngp_razvedka/25611,True,criticism,army_command,neg,Author criticizes Russian military for not targeting Ukrainian logistics and civilian areas despite technical capability.,17486,175
2026-06-18 11:02:33,dva_majors,94729,https://t.me/dva_majors/94729,True,west_nato,military_aid,neg,Pokémon Go's AR mapping collected 30 billion images used by US military for drone navigation systems.,133498,342
2026-06-18 11:03:01,wargonzo,34904,https://t.me/wargonzo/34904,True,west_nato,military_aid,neg,US Senate questions Pentagon's ability to supply Ukraine with Patriot missiles amid critical shortage and allied demand.,54034,18
2026-06-18 11:21:05,sashakots,62430,https://t.me/sashakots/62430,True,strikes_on_ukraine,other,pos,Russian Geranium drones strike Ukrainian command posts and drone operators near Dobropol'ye; tactical encirclement underway.,52336,35
2026-06-18 11:33:39,vysokygovorit,23150,https://t.me/vysokygovorit/23150,True,west_nato,rearmament,pos,Finland lifts 40-year ban on nuclear weapons imports and storage; author questions if nation will actually deploy them.,122383,69
2026-06-18 11:42:23,rybar,81162,https://t.me/rybar/81162,True,ukraine_strikes_on_russia,drones_on_regions,neg,"Massive Ukrainian drone attack on Moscow region: 555 drones intercepted, some hit residential areas and refinery.",199184,258
2026-06-18 11:50:16,dva_majors,94730,https://t.me/dva_majors/94730,True,ukraine_strikes_on_russia,drones_on_regions,neu,"Moscow mayor reports drone hit on oil refinery fire contained, no casualties at facility.",140741,106
2026-06-18 11:58:53,sashakots,62433,https://t.me/sashakots/62433,False,none,none,neu,,82061,179
2026-06-18 11:58:53,sashakots,62432,https://t.me/sashakots/62432,False,none,none,neu,,83515,179
2026-06-18 11:58:53,sashakots,62431,https://t.me/sashakots/62431,True,strikes_on_ukraine,deep_strikes,pos,Russian Iskander missiles strike drone assembly workshop at Dnipropetrovsk metallurgical plant; facility repurposed for military production.,69204,179
2026-06-18 12:24:43,epoddubny,27824,https://t.me/epoddubny/27824,True,west_nato,alliance_politics,pos,"Putin discusses Russia-ASEAN summit, emphasizing strategic partnership and international law-based cooperation amid geopolitical tensions.",39950,14
2026-06-18 12:31:03,sashakots,62434,https://t.me/sashakots/62434,True,strikes_on_ukraine,other,pos,Russian Vega special forces drones destroy Ukrainian military equipment including artillery and trucks.,34623,19
2026-06-18 12:32:28,rybar,81165,https://t.me/rybar/81165,False,none,none,neu,,195909,43
2026-06-18 12:32:28,rybar,81164,https://t.me/rybar/81164,False,none,none,neu,,197046,43
2026-06-18 12:32:28,rybar,81163,https://t.me/rybar/81163,False,none,none,neu,,181475,43
2026-06-18 12:41:01,rybar,81166,https://t.me/rybar/81166,True,criticism,government,neg,"Russian citizens refuse to acknowledge Ukraine as enemy, endangering operational security through information leaks.",194378,184
2026-06-18 12:42:04,epoddubny,27825,https://t.me/epoddubny/27825,True,strikes_on_ukraine,deep_strikes,pos,Russian Iskander missiles strike drone assembly workshop at Dnipropetrovsk metallurgical plant in Ukraine.,33711,65
2026-06-18 12:42:05,epoddubny,27827,https://t.me/epoddubny/27827,False,none,none,neu,,40950,65
2026-06-18 12:42:05,epoddubny,27826,https://t.me/epoddubny/27826,False,none,none,neu,,41839,65
2026-06-18 12:55:05,dva_majors,94731,https://t.me/dva_majors/94731,True,ukraine_strikes_on_russia,other,neg,"Lukashenko states Ukrainian drone hit Belarusian bus with children, warns against provocation attempts.",115976,105
2026-06-18 13:01:23,dva_majors,94732,https://t.me/dva_majors/94732,True,frontline,hulyaipole,pos,"Russian pilot Denis Chernavin destroyed 17 vehicles in Zaporizhzhia direction, awarded Hero of Russia title.",108112,61
2026-06-18 13:10:01,rusich_army,29999,https://t.me/rusich_army/29999,False,none,none,neu,,113336,18
2026-06-18 13:11:01,epoddubny,27828,https://t.me/epoddubny/27828,True,west_nato,alliance_politics,neu,US Pentagon announces NATO 3.0 revision shifting European allies' defense responsibility and financing burden.,84637,63
2026-06-18 13:12:21,sashakots,62435,https://t.me/sashakots/62435,True,west_nato,alliance_politics,neu,US Pentagon announces NATO 3.0 revision shifting European allies' defense responsibility and financing burden.,36538,22
2026-06-18 13:13:09,ngp_razvedka,25612,https://t.me/ngp_razvedka/25612,True,criticism,government,neg,Russian channel criticizes lack of enforcement against soldiers leaking operational details online via drones.,18955,72
2026-06-18 13:29:09,wargonzo,34905,https://t.me/wargonzo/34905,True,russia_internal,ideology_society,pos,"Kherson celebrates 248th anniversary of founding by Potemkin, characterizes current situation as Russian territory recovery.",35912,31
2026-06-18 13:30:42,sashakots,62436,https://t.me/sashakots/62436,True,frontline,other,pos,"Russian forces destroy bridge near Red Liman, encircle Ukrainian garrison, cutting supply lines.",40293,56
2026-06-18 13:44:00,rybar,81167,https://t.me/rybar/81167,True,ukraine_strikes_on_russia,drones_on_regions,neg,"Ukrainian drones conduct systematic attacks on Russian Black Sea tankers and trade, threatening economic stability.",208019,286
2026-06-18 14:02:54,sashakots,62437,https://t.me/sashakots/62437,True,strikes_on_ukraine,other,pos,Russian blogger suggests counteroffensive including dam destruction above Kyiv as response to Moscow attacks.,29254,141
2026-06-18 14:08:27,ngp_razvedka,25613,https://t.me/ngp_razvedka/25613,True,strikes_on_ukraine,deep_strikes,pos,"Lavrov announces new strikes on Kyiv, Russian channel proposes targeting Koncha-Zaspa and dam destruction.",16330,60
2026-06-18 14:17:27,epoddubny,27829,https://t.me/epoddubny/27829,True,strikes_on_ukraine,other,pos,Russian blogger suggests counteroffensive including dam destruction above Kyiv as response to Moscow attacks.,37093,150
2026-06-18 14:36:52,sashakots,62438,https://t.me/sashakots/62438,True,west_nato,military_aid,neg,European countries announce massive military aid packages to Ukraine following drone attacks on Moscow.,41592,208
2026-06-18 14:45:15,epoddubny,27830,https://t.me/epoddubny/27830,True,frontline,other,pos,"Russian FAB bombs destroy Ukrainian temporary positions in Serhiyivka, Nikolayivka, and Krasnopollia.",51438,58
2026-06-18 14:54:01,rybar,81168,https://t.me/rybar/81168,True,criticism,government,neg,"Russian military blogger criticizes fellow bloggers celebrating Moscow drone attacks, defends city's economic contributions.",218151,234
2026-06-18 14:59:29,vysokygovorit,23151,https://t.me/vysokygovorit/23151,True,west_nato,negotiations,neu,"Analysis of Trump-Iran memorandum: US cannot sustain air defense costs, but Israeli escalation risks remain.",118281,71
2026-06-18 15:01:13,rusich_army,30000,https://t.me/rusich_army/30000,True,criticism,army_command,neg,"Russian channel explains difference in strike coverage: Ukrainian strikes heavily documented, Russian strikes poorly documented.",193044,417
2026-06-18 15:05:52,ngp_razvedka,25614,https://t.me/ngp_razvedka/25614,False,none,none,neu,,16664,13
2026-06-18 15:19:08,sashakots,62442,https://t.me/sashakots/62442,False,none,none,neu,,46069,43
2026-06-18 15:19:08,sashakots,62441,https://t.me/sashakots/62441,False,none,none,neu,,47177,43
2026-06-18 15:19:08,sashakots,62440,https://t.me/sashakots/62440,False,none,none,neu,,39041,43
2026-06-18 15:19:08,sashakots,62439,https://t.me/sashakots/62439,True,frontline,other,pos,"Russian special forces deliver humanitarian aid via drones to civilians in Dobropollia, await liberation.",35811,44
2026-06-18 15:32:33,wargonzo,34911,https://t.me/wargonzo/34911,False,none,none,neu,,38494,17
2026-06-18 15:32:33,wargonzo,34910,https://t.me/wargonzo/34910,False,none,none,neu,,35964,17
2026-06-18 15:32:33,wargonzo,34909,https://t.me/wargonzo/34909,False,none,none,neu,,32936,17
2026-06-18 15:32:33,wargonzo,34908,https://t.me/wargonzo/34908,False,none,none,neu,,33544,17
2026-06-18 15:32:33,wargonzo,34907,https://t.me/wargonzo/34907,True,west_nato,negotiations,neg,"Iran-US memorandum signed but Israel continues Lebanon and Gaza operations, regional conflict escalates.",32238,19
2026-06-18 15:50:18,rybar,81169,https://t.me/rybar/81169,True,ukraine_strikes_on_russia,other,neg,Ukrainian maritime trade through Black Sea ports supplies Ukrainian military economy despite Russian targeting efforts.,193018,112
2026-06-18 16:03:02,sashakots,62443,https://t.me/sashakots/62443,True,strikes_on_ukraine,fuel_infrastructure,pos,Geran drone destroys 110kV power substation in Akhtyrka supporting Ukrainian logistics.,37909,53
2026-06-18 16:15:37,epoddubny,27831,https://t.me/epoddubny/27831,True,strikes_on_ukraine,fuel_infrastructure,pos,Geran strike on Akhtyrka power station disrupts Ukrainian drone assembly workshops.,61190,100
2026-06-18 16:23:36,dva_majors,94733,https://t.me/dva_majors/94733,True,strikes_on_ukraine,deep_strikes,pos,Lavrov confirms Russia executing Putin's orders for regular massive strikes on Ukrainian military targets.,120760,139
2026-06-18 16:28:34,dva_majors,94734,https://t.me/dva_majors/94734,False,none,none,neu,,117712,156
2026-06-18 16:29:29,rybar,81170,https://t.me/rybar/81170,True,frontline,other,neu,Russian forces improve positions near Liman while Ukrainian counterattacks regain Zverokhozyaystvo territory.,185968,99
2026-06-18 16:42:16,rusich_army,30001,https://t.me/rusich_army/30001,False,none,none,neu,,179607,40
2026-06-18 16:45:00,dva_majors,94735,https://t.me/dva_majors/94735,True,criticism,government,neg,Ukrainian forces regularly use chloropicrin chemical agent on Russian positions since 2023.,120389,173
2026-06-18 16:48:19,ngp_razvedka,25616,https://t.me/ngp_razvedka/25616,False,none,none,neu,,18378,141
2026-06-18 16:48:19,ngp_razvedka,25615,https://t.me/ngp_razvedka/25615,True,russia_internal,economy,neg,Moscow fuel shortage concerns rise as images show large-scale unauthorized fuel purchases.,19283,141
2026-06-18 16:59:01,sashakots,62449,https://t.me/sashakots/62449,False,none,none,neu,,44459,45
2026-06-18 16:59:01,sashakots,62448,https://t.me/sashakots/62448,False,none,none,neu,,48064,45
2026-06-18 16:59:01,sashakots,62447,https://t.me/sashakots/62447,False,none,none,neu,,46948,45
2026-06-18 16:59:01,sashakots,62446,https://t.me/sashakots/62446,False,none,none,neu,,40477,45
2026-06-18 16:59:01,sashakots,62445,https://t.me/sashakots/62445,False,none,none,neu,,38364,45
2026-06-18 16:59:01,sashakots,62444,https://t.me/sashakots/62444,True,russia_internal,ideology_society,neg,Crimean authorities rename locations with Soviet heritage despite local heroic WWII history.,35150,46
2026-06-18 17:01:02,wargonzo,34912,https://t.me/wargonzo/34912,False,none,none,neu,,40947,4
2026-06-18 17:02:20,rusich_army,30002,https://t.me/rusich_army/30002,False,none,none,neu,,129460,67
2026-06-18 17:02:33,Sladkov_plus,15673,https://t.me/Sladkov_plus/15673,False,none,none,neu,,145657,30
2026-06-18 17:02:33,Sladkov_plus,15672,https://t.me/Sladkov_plus/15672,False,none,none,neu,,139491,33
2026-06-18 17:02:33,Sladkov_plus,15671,https://t.me/Sladkov_plus/15671,True,frontline,kupyansk,pos,"Russian forces consolidate northern and eastern Kazachya Lopen, increase strikes on Ukrainian logistics.",147226,68
2026-06-18 17:16:09,dva_majors,94736,https://t.me/dva_majors/94736,True,west_nato,military_aid,neg,"Ukraine displays drone capabilities at Paris defense exhibition, described as one-use NATO proxy.",119738,195
2026-06-18 17:31:02,wargonzo,34913,https://t.me/wargonzo/34913,True,west_nato,military_aid,neg,"Britain transfers 150k drones and 350 air defense rockets to Ukraine, directly involving NATO.",43651,98
2026-06-18 17:31:10,rybar,81171,https://t.me/rybar/81171,True,frontline,other,pos,Russian forces complete clearance of Rai-Aleksandrovka after months of fighting.,287369,181
2026-06-18 17:35:40,sashakots,62450,https://t.me/sashakots/62450,False,none,none,neu,,49133,10
2026-06-18 17:38:27,sashakots,62451,https://t.me/sashakots/62451,False,none,none,neu,,52404,15
2026-06-18 17:44:57,rybar,81172,https://t.me/rybar/81172,True,west_nato,alliance_politics,neg,UK MP Rupert Lowe's independent grooming gang report misrepresented as state government acknowledgment.,182954,42
2026-06-18 17:50:40,dva_majors,94737,https://t.me/dva_majors/94737,True,west_nato,other,neg,Trump orders US Navy to lift blockade of Iranian ports while maintaining regional presence.,112283,74
2026-06-18 18:00:52,dva_majors,94738,https://t.me/dva_majors/94738,True,russia_internal,security_cases,pos,Russian authorities arrest Magadan resident financing Russian Volunteer Corps terrorist organization.,112014,83
2026-06-18 18:07:16,dva_majors,94741,https://t.me/dva_majors/94741,False,none,none,neu,,133196,483
2026-06-18 18:07:16,dva_majors,94740,https://t.me/dva_majors/94740,False,none,none,neu,,135082,483
2026-06-18 18:07:16,dva_majors,94739,https://t.me/dva_majors/94739,True,ukraine_strikes_on_russia,drones_on_regions,neg,Ukrainian FP-1/2 kamikaze drones upgraded with extended range up to 2700km and increased payloads.,117559,491
2026-06-18 18:35:47,dva_majors,94742,https://t.me/dva_majors/94742,True,ukraine_strikes_on_russia,drones_on_regions,pos,Russian air defense destroys 234 Ukrainian drones across multiple regions and Crimea.,124383,47
2026-06-18 19:40:45,ngp_razvedka,25617,https://t.me/ngp_razvedka/25617,True,criticism,government,neg,Publishing videos of Russian air defense work enables enemy targeting and compromises defense.,16451,24
2026-06-18 19:45:01,rybar,81173,https://t.me/rybar/81173,True,ukraine_strikes_on_russia,drones_on_regions,neg,Ukraine launches major drone attack on Moscow and regions; civilians post footage helping enemy.,191279,38
2026-06-18 19:50:16,dva_majors,94743,https://t.me/dva_majors/94743,False,none,none,neu,,127430,19
2026-06-18 19:59:48,ngp_razvedka,25618,https://t.me/ngp_razvedka/25618,True,criticism,government,neg,Publishing air defense video locations allows enemy to target systems like Patriot in Zhulyany.,17799,40
2026-06-18 20:00:38,dva_majors,94744,https://t.me/dva_majors/94744,True,west_nato,military_aid,neg,"UK plans to fund 150,000 drones for Ukraine by end of 2026 from Ukrainian defense industry.",311153,381
2026-06-18 20:01:07,rybar,81174,https://t.me/rybar/81174,False,none,none,neu,,187676,11
2026-06-18 20:03:33,rybar,81175,https://t.me/rybar/81175,True,west_nato,military_aid,neg,"UK to finance 150,000 drones for Ukraine by 2026, plus air defense missiles and radars via $960M credit.",190930,144
2026-06-18 20:08:45,ngp_razvedka,25619,https://t.me/ngp_razvedka/25619,True,criticism,government,neg,Defends air defense effectiveness against Ukrainian drone attacks; criticizes civilian video documentation of military operations.,18812,97
2026-06-18 20:18:46,Sladkov_plus,15674,https://t.me/Sladkov_plus/15674,False,none,none,neu,,148270,59
2026-06-18 20:24:16,dva_majors,94745,https://t.me/dva_majors/94745,False,none,none,neu,,273498,235
2026-06-18 20:54:10,rybar,81180,https://t.me/rybar/81180,False,none,none,neu,,210020,114
2026-06-18 20:54:10,rybar,81179,https://t.me/rybar/81179,False,none,none,neu,,216085,101
2026-06-18 20:54:10,rybar,81178,https://t.me/rybar/81178,False,none,none,neu,,207677,102
2026-06-18 20:54:10,rybar,81177,https://t.me/rybar/81177,False,none,none,neu,,202631,112
2026-06-18 20:54:10,rybar,81176,https://t.me/rybar/81176,True,strikes_on_ukraine,deep_strikes,pos,"Russian forces strike targets near Kyiv, Poltava, Sumy; Ukraine attacks bridges, infrastructure in Kherson, Crimea, Gukovo.",197168,101
2026-06-19 03:40:55,dva_majors,94746,https://t.me/dva_majors/94746,False,none,none,neu,,120212,120
2026-06-19 03:41:09,dva_majors,94747,https://t.me/dva_majors/94747,True,frontline,other,neu,Morning briefing: Russian forces conduct offensive operations across multiple front directions.,367925,388
2026-06-19 04:11:56,dva_majors,94748,https://t.me/dva_majors/94748,True,west_nato,negotiations,neg,Lavrov states NATO risks direct conflict with Russia; diplomacy preferable but NATO rearmament makes it unlikely.,119495,246
2026-06-19 04:25:34,dva_majors,94751,https://t.me/dva_majors/94751,False,none,none,neu,,127759,575
2026-06-19 04:25:34,dva_majors,94750,https://t.me/dva_majors/94750,False,none,none,neu,,132610,581
2026-06-19 04:25:34,dva_majors,94749,https://t.me/dva_majors/94749,True,strikes_on_ukraine,deep_strikes,pos,Russian aviation strikes Kharkiv rail station and military institute with fuel and ammunition; 40+ civilian homes damaged.,130799,582
2026-06-19 04:30:17,rusich_army,30003,https://t.me/rusich_army/30003,False,none,none,neu,,105264,21
2026-06-19 04:31:02,wargonzo,34914,https://t.me/wargonzo/34914,False,none,none,neu,,38812,8
2026-06-19 04:50:46,dva_majors,94752,https://t.me/dva_majors/94752,True,ukraine_strikes_on_russia,drones_on_regions,pos,Russian air defense destroys 133 Ukrainian drones overnight across multiple regions including Moscow area.,114818,48
2026-06-19 04:59:58,rusich_army,30004,https://t.me/rusich_army/30004,False,none,none,neu,,120697,54
2026-06-19 05:01:57,rybar,81184,https://t.me/rybar/81184,False,none,none,neu,,193577,76
2026-06-19 05:01:57,rybar,81183,https://t.me/rybar/81183,False,none,none,neu,,197301,76
2026-06-19 05:01:57,rybar,81182,https://t.me/rybar/81182,False,none,none,neu,,197058,76
2026-06-19 05:01:57,rybar,81181,https://t.me/rybar/81181,True,strikes_on_ukraine,deep_strikes,pos,Russian cruise bombs strike Kharkiv's Kholodnohirsk district causing fires in industrial zone.,190548,78
2026-06-19 05:01:58,rybar,81185,https://t.me/rybar/81185,True,strikes_on_ukraine,deep_strikes,pos,Analysis: Ukraine given unlimited drone supply to strike Moscow; major Russian cities vulnerable to future drone attacks.,189177,226
2026-06-19 05:08:01,wargonzo,34921,https://t.me/wargonzo/34921,False,none,none,neu,,40251,47
2026-06-19 05:08:01,wargonzo,34920,https://t.me/wargonzo/34920,False,none,none,neu,,41019,46
2026-06-19 05:08:01,wargonzo,34919,https://t.me/wargonzo/34919,False,none,none,neu,,38053,46
2026-06-19 05:08:01,wargonzo,34918,https://t.me/wargonzo/34918,False,none,none,neu,,35827,46
2026-06-19 05:08:01,wargonzo,34917,https://t.me/wargonzo/34917,False,none,none,neu,,34692,46
2026-06-19 05:08:01,wargonzo,34916,https://t.me/wargonzo/34916,False,none,none,neu,,33844,46
2026-06-19 05:08:01,wargonzo,34915,https://t.me/wargonzo/34915,True,frontline,other,neu,Front briefing: Russian forces advance on multiple directions; battles continue in Zaporizhzhia and Donetsk regions.,32217,47
2026-06-19 05:35:10,rybar,81186,https://t.me/rybar/81186,True,frontline,other,neu,Morning briefing: Russian forces conduct offensive operations across multiple front directions.,177725,58
2026-06-19 05:59:24,dva_majors,94753,https://t.me/dva_majors/94753,True,frontline,other,pos,Russian forces complete clearance of Rai-Aleksandrovka; key Ukrainian defensive position captured after months of fighting.,96465,48
2026-06-19 06:18:08,dva_majors,94754,https://t.me/dva_majors/94754,True,ukraine_strikes_on_russia,other,neg,"Ukraine drones attack Zaporizhzhia nuclear station transport facility 14 times; building damaged, no casualties reported.",109920,209
2026-06-19 06:35:09,rybar,81187,https://t.me/rybar/81187,True,west_nato,negotiations,neu,US gasoline prices fall below $4/gallon after ceasefire agreement; Trump's economic approval rating drops to 33%.,201297,61
2026-06-19 06:37:24,epoddubny,27833,https://t.me/epoddubny/27833,False,none,none,neu,,87486,82
2026-06-19 06:37:24,epoddubny,27832,https://t.me/epoddubny/27832,True,strikes_on_ukraine,deep_strikes,pos,"Russian forces strike Kharkiv industrial zone, hitting fuel storage facilities and warehouse complexes.",91017,79
2026-06-19 06:39:34,dva_majors,94755,https://t.me/dva_majors/94755,True,ukraine_strikes_on_russia,other,pos,"Russian drones attack civilian ships in Black Sea; one killed, five wounded; retaliation for Ukrainian strikes on Russian fleet.",108784,238
2026-06-19 06:44:47,dva_majors,94756,https://t.me/dva_majors/94756,True,ukraine_strikes_on_russia,drones_on_regions,neu,Air defense systems repel Ukrainian drone attack on Sevastopol; two drones destroyed over city.,104502,29
2026-06-19 07:00:15,dva_majors,94757,https://t.me/dva_majors/94757,False,none,none,neu,,109672,13
2026-06-19 07:01:01,rusich_army,30005,https://t.me/rusich_army/30005,True,ukraine_strikes_on_russia,drones_on_regions,neg,"Ukraine conducts massive drone campaign: nearly 1,000 drones destroyed; tactic aims to exhaust Russian air defense resources.",103498,51
2026-06-19 07:02:02,wargonzo,34924,https://t.me/wargonzo/34924,False,none,none,neu,,36904,60
2026-06-19 07:02:02,wargonzo,34923,https://t.me/wargonzo/34923,False,none,none,neu,,39539,58
2026-06-19 07:02:02,wargonzo,34922,https://t.me/wargonzo/34922,True,west_nato,negotiations,neu,"US-Iran nuclear negotiations collapse after Israel launches surprise strikes on southern Lebanon, killing 16 civilians.",32206,59
2026-06-19 07:05:43,sashakots,62453,https://t.me/sashakots/62453,False,none,none,neu,,37481,24
2026-06-19 07:05:43,sashakots,62452,https://t.me/sashakots/62452,True,strikes_on_ukraine,deep_strikes,pos,"Russian forces strike Kharkiv industrial zone, hitting fuel storage facilities and warehouse complexes.",38921,24
2026-06-19 07:14:58,dva_majors,94758,https://t.me/dva_majors/94758,False,none,none,neu,,109571,199
2026-06-19 07:33:55,sashakots,62454,https://t.me/sashakots/62454,True,west_nato,negotiations,neu,US postpones Iran nuclear talks; Colombia reports 173 killed and 670 missing foreign fighters in conflict.,41291,17
2026-06-19 07:34:47,vysokygovorit,23152,https://t.me/vysokygovorit/23152,False,none,none,neu,,90640,53
2026-06-19 07:48:43,epoddubny,27834,https://t.me/epoddubny/27834,True,strikes_on_ukraine,fuel_infrastructure,pos,Russian forces destroy another energy infrastructure object near Zolochiv supporting Ukrainian forces.,42124,29
2026-06-19 08:04:49,dva_majors,94759,https://t.me/dva_majors/94759,False,none,none,neu,,173588,177
2026-06-19 08:08:18,rybar,81188,https://t.me/rybar/81188,True,criticism,government,neg,Blogger criticizes oversimplified military strategies and unrealistic calls for intensified strikes.,206991,218
2026-06-19 08:12:40,sashakots,62455,https://t.me/sashakots/62455,True,strikes_on_ukraine,fuel_infrastructure,pos,Geran drone destroys key power substation supplying Kharkiv region logistics and railway infrastructure.,42651,83
2026-06-19 08:32:18,epoddubny,27835,https://t.me/epoddubny/27835,True,frontline,other,pos,"Russian forces advance in Red Liman, eliminate Ukrainian positions, cut retreat routes.",43668,72
2026-06-19 09:18:44,wargonzo,34925,https://t.me/wargonzo/34925,True,west_nato,alliance_politics,neg,"Finland repeals ban on nuclear weapons storage, enabling NATO nuclear deployment amid tensions.",36169,50
2026-06-19 09:44:41,Sladkov_plus,15675,https://t.me/Sladkov_plus/15675,False,none,none,neu,,125447,88
2026-06-19 09:46:01,rybar,81189,https://t.me/rybar/81189,True,criticism,government,neg,Blogger criticizes inconsistent social benefits and support for soldiers fighting drones in rear areas.,225784,139
2026-06-19 09:49:46,epoddubny,27836,https://t.me/epoddubny/27836,True,west_nato,negotiations,neg,SVR claims Europe uses Ukrainians as cannon fodder; EU integration prospects appear impossible.,37418,48
2026-06-19 09:50:13,dva_majors,94760,https://t.me/dva_majors/94760,False,none,none,neu,,106829,1
2026-06-19 10:11:26,wargonzo,34928,https://t.me/wargonzo/34928,False,none,none,neu,,35420,80
2026-06-19 10:11:26,wargonzo,34927,https://t.me/wargonzo/34927,False,none,none,neu,,37069,80
2026-06-19 10:11:26,wargonzo,34926,https://t.me/wargonzo/34926,True,ukraine_strikes_on_russia,drones_on_regions,neg,"Ukrainian drone strike kills 8-year-old girl in Moscow region, damages 18 apartment buildings.",32668,82
2026-06-19 10:14:27,epoddubny,27844,https://t.me/epoddubny/27844,False,none,none,neu,,45386,110
2026-06-19 10:14:27,epoddubny,27843,https://t.me/epoddubny/27843,False,none,none,neu,,54178,109
2026-06-19 10:14:27,epoddubny,27842,https://t.me/epoddubny/27842,False,none,none,neu,,48376,110
2026-06-19 10:14:27,epoddubny,27841,https://t.me/epoddubny/27841,False,none,none,neu,,41170,109
2026-06-19 10:14:27,epoddubny,27840,https://t.me/epoddubny/27840,False,none,none,neu,,40889,109
2026-06-19 10:14:27,epoddubny,27839,https://t.me/epoddubny/27839,False,none,none,neu,,38591,109
2026-06-19 10:14:27,epoddubny,27838,https://t.me/epoddubny/27838,False,none,none,neu,,38981,109
2026-06-19 10:14:27,epoddubny,27837,https://t.me/epoddubny/27837,True,west_nato,military_aid,neg,Russian military presents evidence of US-funded biolab network on Ukraine studying dangerous pathogens.,35358,109
2026-06-19 10:29:24,dva_majors,94770,https://t.me/dva_majors/94770,False,none,none,neu,,104196,84
2026-06-19 10:29:24,dva_majors,94769,https://t.me/dva_majors/94769,False,none,none,neu,,117288,86
2026-06-19 10:29:24,dva_majors,94768,https://t.me/dva_majors/94768,False,none,none,neu,,112679,84
2026-06-19 10:29:24,dva_majors,94767,https://t.me/dva_majors/94767,False,none,none,neu,,100725,84
2026-06-19 10:29:24,dva_majors,94766,https://t.me/dva_majors/94766,False,none,none,neu,,108105,82
2026-06-19 10:29:24,dva_majors,94765,https://t.me/dva_majors/94765,False,none,none,neu,,106828,82
2026-06-19 10:29:24,dva_majors,94764,https://t.me/dva_majors/94764,False,none,none,neu,,104798,83
2026-06-19 10:29:24,dva_majors,94763,https://t.me/dva_majors/94763,False,none,none,neu,,108105,82
2026-06-19 10:29:24,dva_majors,94762,https://t.me/dva_majors/94762,False,none,none,neu,,105480,83
2026-06-19 10:29:24,dva_majors,94761,https://t.me/dva_majors/94761,False,none,none,neu,,99515,87
2026-06-19 10:34:15,sashakots,62456,https://t.me/sashakots/62456,True,frontline,other,pos,"Russian forces liberate Yurkovka village, threaten to isolate Kramatorsk and Slavyansk cities.",92179,141
2026-06-19 11:01:01,rusich_army,30009,https://t.me/rusich_army/30009,True,west_nato,military_aid,neg,"Britain provides $996M to purchase 150,000 drones and 350 Martlet missiles for Ukraine.",104145,98
2026-06-19 11:02:12,sashakots,62457,https://t.me/sashakots/62457,True,frontline,other,pos,"Russian forces methodically expand control in Red Liman, destroy last supply bridge across Seversky Donets.",33634,73
2026-06-19 11:07:01,rybar,81192,https://t.me/rybar/81192,False,none,none,neu,,204535,118
2026-06-19 11:07:01,rybar,81191,https://t.me/rybar/81191,False,none,none,neu,,212469,118
2026-06-19 11:07:01,rybar,81190,https://t.me/rybar/81190,True,strikes_on_ukraine,fuel_infrastructure,neu,Geran drones strike Ukrainian fuel infrastructure; asymmetric response hampered by depleted targets.,197251,118
2026-06-19 11:32:45,wargonzo,34932,https://t.me/wargonzo/34932,False,none,none,neu,,37809,77
2026-06-19 11:32:45,wargonzo,34931,https://t.me/wargonzo/34931,False,none,none,neu,,41507,77
2026-06-19 11:32:45,wargonzo,34930,https://t.me/wargonzo/34930,False,none,none,neu,,36756,77
2026-06-19 11:32:45,wargonzo,34929,https://t.me/wargonzo/34929,True,west_nato,military_aid,neg,"US intelligence chief confirms 40 US-funded biolabs on Ukraine studying plague, anthrax, other pathogens.",28960,79
2026-06-19 11:33:29,sashakots,62458,https://t.me/sashakots/62458,True,strikes_on_ukraine,other,pos,Geran drones strike Novaya Pochta logistics hub used for drone distribution to Ukrainian forces.,39015,104
2026-06-19 12:00:40,epoddubny,27846,https://t.me/epoddubny/27846,True,frontline,other,pos,"Russian forces liberate Yurkovka village, threaten to isolate Kramatorsk and Slavyansk cities.",37582,32
2026-06-19 12:01:33,ngp_razvedka,25620,https://t.me/ngp_razvedka/25620,True,criticism,army_command,neg,Blogger criticizes military bloggers for unrealistic armchair military advice to General Staff.,20378,141
2026-06-19 12:01:51,rusich_army,30019,https://t.me/rusich_army/30019,False,none,none,neu,,63132,36
2026-06-19 12:01:51,rusich_army,30018,https://t.me/rusich_army/30018,False,none,none,neu,,64955,36
2026-06-19 12:01:51,rusich_army,30017,https://t.me/rusich_army/30017,False,none,none,neu,,72735,36
2026-06-19 12:01:51,rusich_army,30016,https://t.me/rusich_army/30016,False,none,none,neu,,55764,35
2026-06-19 12:01:51,rusich_army,30015,https://t.me/rusich_army/30015,False,none,none,neu,,61247,35
2026-06-19 12:01:51,rusich_army,30014,https://t.me/rusich_army/30014,False,none,none,neu,,60847,35
2026-06-19 12:01:51,rusich_army,30013,https://t.me/rusich_army/30013,False,none,none,neu,,56698,35
2026-06-19 12:01:51,rusich_army,30012,https://t.me/rusich_army/30012,False,none,none,neu,,54637,35
2026-06-19 12:01:51,rusich_army,30011,https://t.me/rusich_army/30011,False,none,none,neu,,51620,35
2026-06-19 12:01:51,rusich_army,30010,https://t.me/rusich_army/30010,False,none,none,neu,,106086,36
2026-06-19 12:01:56,dva_majors,94771,https://t.me/dva_majors/94771,True,russia_internal,other,pos,Rostec presents Supercam S180 reconnaissance drone with auto-evasion and night vision capabilities.,117783,183
2026-06-19 12:02:01,wargonzo,34934,https://t.me/wargonzo/34934,False,none,none,neu,,32981,27
2026-06-19 12:02:01,wargonzo,34933,https://t.me/wargonzo/34933,False,none,none,neu,,33888,30
2026-06-19 12:21:12,sashakots,62459,https://t.me/sashakots/62459,False,none,none,neu,,20594,11
2026-06-19 12:29:01,epoddubny,27847,https://t.me/epoddubny/27847,True,west_nato,negotiations,neg,Lavrov's article rejected by Politico Europe criticizes Western NATO expansion and Ukrainian crisis role.,54214,61
2026-06-19 12:29:13,rusich_army,30020,https://t.me/rusich_army/30020,False,none,none,neu,,81298,20
2026-06-19 12:31:01,dva_majors,94773,https://t.me/dva_majors/94773,True,ukraine_strikes_on_russia,drones_on_regions,pos,Russian air defense destroyed 216 Ukrainian drones over multiple regions during daytime hours.,103608,53
2026-06-19 12:32:01,wargonzo,34935,https://t.me/wargonzo/34935,True,frontline,other,pos,Russian drone operator destroyed Soviet-era Ukrainian anti-tank gun using fiber-optic FPV technology near Orekhoye.,37823,12
2026-06-19 12:33:54,sashakots,62460,https://t.me/sashakots/62460,True,west_nato,military_aid,neg,Ukraine will attempt new coordinated strikes using accumulated drones and rockets to counter Russian air defense.,31545,75
2026-06-19 12:34:23,rybar,81193,https://t.me/rybar/81193,True,strikes_on_ukraine,other,pos,"Destroying Ukrainian critical infrastructure makes economic recovery impossible for sponsors, weakening Ukraine long-term.",277111,245
2026-06-19 12:36:06,vysokygovorit,23153,https://t.me/vysokygovorit/23153,True,strikes_on_ukraine,other,pos,"Destroying Ukrainian critical infrastructure makes economic recovery impossible for sponsors, weakening Ukraine long-term.",75304,75
2026-06-19 12:42:02,dva_majors,94774,https://t.me/dva_majors/94774,True,frontline,other,pos,Russian drone operators from 255th motorized rifle regiment struck Ukrainian positions in Konstantinovka direction.,105447,31
2026-06-19 12:49:53,vysokygovorit,23154,https://t.me/vysokygovorit/23154,True,strikes_on_ukraine,deep_strikes,pos,"Russia can destroy power infrastructure and flooding dams in Kharkiv, Zaporizhzhia, Kyiv using current weapons.",162732,756
2026-06-19 12:53:53,vysokygovorit,23155,https://t.me/vysokygovorit/23155,True,west_nato,military_aid,neg,USA proposes using frozen Russian assets to purchase weapons for Ukraine despite Russia's diplomatic overtures.,104351,465
2026-06-19 13:03:18,rusich_army,30021,https://t.me/rusich_army/30021,True,west_nato,military_aid,neg,"European MBDA company developing Neptune-2 cruise missile with Ukraine, appropriating successful Ukrainian weapons.",140717,153
2026-06-19 13:07:54,sashakots,62461,https://t.me/sashakots/62461,True,strikes_on_ukraine,deep_strikes,pos,Russian Su-34 dropped FAB-3000 bomb killing 20 Ukrainian soldiers at temporary position near Mayaki.,39556,60
2026-06-19 13:09:30,ngp_razvedka,25621,https://t.me/ngp_razvedka/25621,True,frontline,other,pos,"Antonovsky bridge withstood 500+ HIMARS rockets despite Ukrainian claims, requiring controlled demolition.",17049,75
2026-06-19 13:28:20,vysokygovorit,23156,https://t.me/vysokygovorit/23156,False,none,none,neu,,99045,148
2026-06-19 13:29:30,dva_majors,94775,https://t.me/dva_majors/94775,True,ukraine_strikes_on_russia,drones_on_regions,pos,Russian BARS SARMAT system shot down American F/A-18 Hornet over Zaporizhzhia region near Starlink dish.,103443,105
2026-06-19 13:36:57,sashakots,62462,https://t.me/sashakots/62462,True,frontline,pokrovsk,pos,"Russian forces captured 627 buildings in Konstantinovka, destroyed 540 Ukrainian soldiers and 160 vehicles this week.",37472,58
2026-06-19 13:42:50,dva_majors,94776,https://t.me/dva_majors/94776,True,russia_internal,economy,pos,"Russian Sibiryachok-5 quadcopter drone passed stress tests, replaces foreign alternatives with 90-minute flight time.",108152,301
2026-06-19 13:51:01,rybar,81194,https://t.me/rybar/81194,True,ukraine_strikes_on_russia,drones_on_regions,neg,Ukrainian forces increasingly use aerostats with drones to extend strike range against Russian positions and Crimea.,202849,313
2026-06-19 14:00:25,ngp_razvedka,25622,https://t.me/ngp_razvedka/25622,True,strikes_on_ukraine,other,pos,Russian forces can destroy bridges using winged FAB-3000 bombs from aircraft in addition to FPV drones.,17457,73
2026-06-19 14:12:02,dva_majors,94777,https://t.me/dva_majors/94777,True,west_nato,military_aid,neg,US Congress proposes using frozen Russian assets to buy weapons for Ukraine as Russia seeks diplomatic changes.,108245,409
2026-06-19 14:29:53,wargonzo,34939,https://t.me/wargonzo/34939,False,none,none,neu,,41426,51
2026-06-19 14:29:53,wargonzo,34938,https://t.me/wargonzo/34938,False,none,none,neu,,42055,49
2026-06-19 14:29:53,wargonzo,34937,https://t.me/wargonzo/34937,False,none,none,neu,,37806,48
2026-06-19 14:29:53,wargonzo,34936,https://t.me/wargonzo/34936,True,west_nato,alliance_politics,neg,"Chinese radar intelligence station completed on Cuba with 32 antennas near US coast, monitoring American forces.",34570,49
2026-06-19 14:30:00,rybar,81195,https://t.me/rybar/81195,True,russia_internal,economy,pos,Putin launched Kazankomprессormash factory in Tatarstan for import substitution drilling equipment.,198394,106
2026-06-19 14:39:47,ngp_razvedka,25623,https://t.me/ngp_razvedka/25623,True,criticism,government,neg,Russian military mobilization channels spreading false rumors about draft evasion and TCC recruitment raids.,17094,80
2026-06-19 14:50:12,dva_majors,94778,https://t.me/dva_majors/94778,False,none,none,neu,,104032,0
2026-06-19 15:01:37,dva_majors,94779,https://t.me/dva_majors/94779,True,russia_internal,other,pos,Russian air defense units using high-tech searchlights (SOVA) to detect drones in forests and steppe environments.,97639,77
2026-06-19 15:04:54,rusich_army,30022,https://t.me/rusich_army/30022,True,ukraine_strikes_on_russia,drones_on_regions,pos,"Russian 71st regiment and 169th brigade destroying Ukrainian aircraft daily, supporting ground operations.",94911,42
2026-06-19 15:19:18,ngp_razvedka,25624,https://t.me/ngp_razvedka/25624,False,none,none,neu,,17052,7
2026-06-19 15:29:24,dva_majors,94789,https://t.me/dva_majors/94789,False,none,none,neu,,105683,88
2026-06-19 15:29:24,dva_majors,94788,https://t.me/dva_majors/94788,False,none,none,neu,,111425,101
2026-06-19 15:29:24,dva_majors,94787,https://t.me/dva_majors/94787,False,none,none,neu,,111221,85
2026-06-19 15:29:24,dva_majors,94786,https://t.me/dva_majors/94786,False,none,none,neu,,97992,89
2026-06-19 15:29:24,dva_majors,94785,https://t.me/dva_majors/94785,False,none,none,neu,,102446,88
2026-06-19 15:29:24,dva_majors,94784,https://t.me/dva_majors/94784,False,none,none,neu,,100522,90
2026-06-19 15:29:24,dva_majors,94783,https://t.me/dva_majors/94783,False,none,none,neu,,99233,88
2026-06-19 15:29:24,dva_majors,94782,https://t.me/dva_majors/94782,False,none,none,neu,,98122,89
2026-06-19 15:29:24,dva_majors,94781,https://t.me/dva_majors/94781,False,none,none,neu,,96150,94
2026-06-19 15:29:24,dva_majors,94780,https://t.me/dva_majors/94780,False,none,none,neu,,94659,89
2026-06-19 15:32:01,rybar,81196,https://t.me/rybar/81196,True,ukraine_strikes_on_russia,drones_on_regions,neg,Ukraine used drone tactics to exhaust Russian air defense before massive attack on Moscow region.,196046,567
2026-06-19 15:48:03,dva_majors,94791,https://t.me/dva_majors/94791,False,none,none,neu,,114414,65
2026-06-19 15:48:03,dva_majors,94790,https://t.me/dva_majors/94790,True,ukraine_strikes_on_russia,drones_on_regions,neu,Ukrainian drone attacked passenger bus in Zaporizhzhia region; no casualties reported.,117593,67
2026-06-19 15:49:06,dva_majors,94792,https://t.me/dva_majors/94792,True,ukraine_strikes_on_russia,drones_on_regions,pos,Moscow air defense shot down 76 Ukrainian drones; no damage or casualties reported.,112474,93
2026-06-19 15:55:39,epoddubny,27848,https://t.me/epoddubny/27848,False,none,none,neu,,56086,62
2026-06-19 15:55:39,epoddubny,27849,https://t.me/epoddubny/27849,True,frontline,other,pos,Russian forces advancing successfully in Konstantinovka with broken Ukrainian resistance.,57454,61
2026-06-19 15:55:39,vysokygovorit,23157,https://t.me/vysokygovorit/23157,False,none,none,neu,,107414,78
2026-06-19 16:04:56,ngp_razvedka,25625,https://t.me/ngp_razvedka/25625,True,west_nato,negotiations,neg,Zelenskyy threatens Belarus with military action unless it stops correcting fire on Ukraine.,18128,105
2026-06-19 16:08:32,dva_majors,94793,https://t.me/dva_majors/94793,True,west_nato,negotiations,neu,Zelenskyy demands Belarus withdraw fire-correcting equipment within week or face attack.,118611,788
2026-06-19 16:20:26,ngp_razvedka,25626,https://t.me/ngp_razvedka/25626,True,criticism,government,neg,Zelenskyy falsely claims Belarus supplies Russian army fuel to deflect Ukrainian attacks.,19146,95
2026-06-19 16:33:40,dva_majors,94798,https://t.me/dva_majors/94798,False,none,none,neu,,120577,95
2026-06-19 16:33:40,dva_majors,94797,https://t.me/dva_majors/94797,False,none,none,neu,,121019,94
2026-06-19 16:33:40,dva_majors,94796,https://t.me/dva_majors/94796,False,none,none,neu,,116372,93
2026-06-19 16:33:40,dva_majors,94795,https://t.me/dva_majors/94795,False,none,none,neu,,114487,93
2026-06-19 16:33:40,dva_majors,94794,https://t.me/dva_majors/94794,True,strikes_on_ukraine,other,pos,Russian drones struck another Novaya Pochta logistics hub in Zaporizhzhia.,110749,95
2026-06-19 16:35:09,rybar,81197,https://t.me/rybar/81197,True,west_nato,other,pos,Britain's migration policy failures correlate with surge in street knife crime.,193012,95
2026-06-19 16:59:01,sashakots,62467,https://t.me/sashakots/62467,False,none,none,neu,,38214,74
2026-06-19 16:59:01,sashakots,62466,https://t.me/sashakots/62466,False,none,none,neu,,41802,74
2026-06-19 16:59:01,sashakots,62465,https://t.me/sashakots/62465,False,none,none,neu,,41514,74
2026-06-19 16:59:01,sashakots,62464,https://t.me/sashakots/62464,False,none,none,neu,,34799,74
2026-06-19 16:59:01,sashakots,62463,https://t.me/sashakots/62463,True,russia_internal,ideology_society,pos,Orthodox priests conduct charity missions delivering supplies to Russian soldiers in Kursk.,32973,75
2026-06-19 17:02:02,wargonzo,34942,https://t.me/wargonzo/34942,False,none,none,neu,,45299,34
2026-06-19 17:02:02,wargonzo,34941,https://t.me/wargonzo/34941,False,none,none,neu,,45773,43
2026-06-19 17:02:02,wargonzo,34940,https://t.me/wargonzo/34940,True,russia_internal,other,pos,Rostec presented upgraded Molniya-13 drone with 13kg payload and 50km range for combat use.,35994,35
2026-06-19 17:14:48,dva_majors,94799,https://t.me/dva_majors/94799,True,west_nato,alliance_politics,neu,Polish president warns Ukraine's EU entry threatens Polish agriculture and withholds honors.,127898,72
2026-06-19 17:21:01,ngp_razvedka,25627,https://t.me/ngp_razvedka/25627,False,none,none,neu,,18747,1
2026-06-19 17:32:58,vysokygovorit,23158,https://t.me/vysokygovorit/23158,True,west_nato,negotiations,neg,Zelenskyy issued harsh ultimatum to Belarus threatening military strikes for noncompliance.,99954,346
2026-06-19 17:36:05,sashakots,62468,https://t.me/sashakots/62468,True,west_nato,military_aid,neg,"Poll: 53% of followers believe West will fund missiles for killing Russians, seeing it as good.",38913,10
2026-06-19 17:40:09,dva_majors,94800,https://t.me/dva_majors/94800,True,strikes_on_ukraine,fuel_infrastructure,neu,Russian gasoline production down 25% after drone attacks; Belarus supplies help cover deficit.,136822,595
2026-06-19 17:46:01,rybar,81198,https://t.me/rybar/81198,True,russia_internal,economy,pos,Duma approved law allowing military to bypass building regulations for anti-drone structures.,194157,172
2026-06-19 17:59:31,sashakots,62469,https://t.me/sashakots/62469,False,none,none,neu,,42388,9
2026-06-19 18:03:36,sashakots,62470,https://t.me/sashakots/62470,True,strikes_on_ukraine,other,pos,Russian tactical aviation destroyed bridge and Ukrainian drone command post with precise bomb strikes.,45900,122
2026-06-19 18:03:54,rybar,81199,https://t.me/rybar/81199,True,frontline,other,pos,Russian forces continue advancing in Konstantinovka urban area despite pockets of Ukrainian resistance.,220919,154
2026-06-19 18:10:21,ngp_razvedka,25628,https://t.me/ngp_razvedka/25628,True,west_nato,other,neg,Trump's derogatory comments about Ukrainian women demonstrate Western contempt for Ukraine.,19140,51
2026-06-19 19:50:11,dva_majors,94801,https://t.me/dva_majors/94801,False,none,none,neu,,132561,13
2026-06-19 19:58:29,dva_majors,94802,https://t.me/dva_majors/94802,True,ukraine_strikes_on_russia,drones_on_regions,neg,Sochi under attack; residents urged to take shelter and avoid filming.,138769,479
2026-06-19 20:01:11,rybar,81200,https://t.me/rybar/81200,True,west_nato,other,neu,Pentagon requests $80bn from Congress; Trump's economic rating at historic low amid Middle East crisis.,196910,36
2026-06-19 20:40:02,rybar,81202,https://t.me/rybar/81202,False,none,none,neu,,193109,69
2026-06-19 20:40:02,rybar,81201,https://t.me/rybar/81201,True,strikes_on_ukraine,fuel_infrastructure,pos,Russian forces struck fuel infrastructure and trucks across multiple Ukrainian regions.,194494,69
2026-06-19 20:55:03,rybar,81203,https://t.me/rybar/81203,False,none,none,neu,,278756,36
2026-06-19 21:12:59,ngp_razvedka,25629,https://t.me/ngp_razvedka/25629,False,none,none,neu,,19530,84
2026-06-20 03:40:02,dva_majors,94803,https://t.me/dva_majors/94803,False,none,none,neu,,120701,44
2026-06-20 03:40:18,dva_majors,94804,https://t.me/dva_majors/94804,True,ukraine_strikes_on_russia,drones_on_regions,neu,Ukraine launched 266 drone attacks on Russian territory; Russia destroyed infrastructure and killed civilians in Bryanskaya region.,365601,405
2026-06-20 04:35:10,dva_majors,94805,https://t.me/dva_majors/94805,True,ukraine_strikes_on_russia,drones_on_regions,neu,Russian air defense intercepted and destroyed 187 Ukrainian drones overnight across multiple regions.,103303,67
2026-06-20 04:47:48,dva_majors,94806,https://t.me/dva_majors/94806,True,criticism,government,neg,"Author criticizes Russian strategy, arguing real warfare requires eliminating Ukrainian leadership and destroying symbolic targets.",107955,253
2026-06-20 05:02:33,rusich_army,30027,https://t.me/rusich_army/30027,False,none,none,neu,,111931,8
2026-06-20 05:59:56,dva_majors,94807,https://t.me/dva_majors/94807,False,none,none,neu,,83934,10
2026-06-20 06:21:00,rybar,81204,https://t.me/rybar/81204,True,west_nato,other,neg,US modernized Reagan-era control model in Latin America using narco-terrorism pretext instead of Cold War communism threat.,183668,72
2026-06-20 06:32:00,rybar,81205,https://t.me/rybar/81205,True,west_nato,other,neg,"US employs hybrid model to control Latin America through targeted coups, sanctions relief, and institutional capture of governments.",176193,77
2026-06-20 06:33:12,dva_majors,94808,https://t.me/dva_majors/94808,False,none,none,neu,,90985,10
2026-06-20 06:51:02,rybar,81206,https://t.me/rybar/81206,True,ukraine_strikes_on_russia,drones_on_regions,neu,Ukraine launched 266 drone attacks on Russian territory; Russia destroyed infrastructure and killed civilians in Bryanskaya region.,164521,53
2026-06-20 07:00:00,vysokygovorit,23159,https://t.me/vysokygovorit/23159,True,russia_internal,ideology_society,pos,Profile of volunteer organization leader supporting frontline forces and humanitarian efforts in Donbass since 2014.,109299,26
2026-06-20 07:00:01,rusich_army,30030,https://t.me/rusich_army/30030,True,ukraine_strikes_on_russia,drones_on_regions,neu,Ukraine conducted drone attacks on Crimea energy infrastructure; Russia air defense intercepted 187 drones with limited Ukrainian forces deployed.,97697,49
2026-06-20 07:01:10,dva_majors,94809,https://t.me/dva_majors/94809,False,none,none,neu,,89410,10
2026-06-20 07:06:20,dva_majors,94810,https://t.me/dva_majors/94810,True,west_nato,negotiations,neg,Belarusian official mocks Zelenskyy; implies Lukashenko may target Ukrainian leadership as response to provocations.,91425,959
2026-06-20 07:10:05,ngp_razvedka,25630,https://t.me/ngp_razvedka/25630,False,none,none,neu,,17214,31
2026-06-20 07:10:13,wargonzo,34949,https://t.me/wargonzo/34949,False,none,none,neu,,45095,47
2026-06-20 07:10:13,wargonzo,34948,https://t.me/wargonzo/34948,False,none,none,neu,,51550,48
2026-06-20 07:10:13,wargonzo,34947,https://t.me/wargonzo/34947,False,none,none,neu,,47078,47
2026-06-20 07:10:13,wargonzo,34946,https://t.me/wargonzo/34946,False,none,none,neu,,42214,47
2026-06-20 07:10:13,wargonzo,34945,https://t.me/wargonzo/34945,False,none,none,neu,,43538,47
2026-06-20 07:10:13,wargonzo,34944,https://t.me/wargonzo/34944,False,none,none,neu,,39991,47
2026-06-20 07:10:13,wargonzo,34943,https://t.me/wargonzo/34943,True,frontline,other,neu,Russian forces advance in Donetsk and Zaporizhzhia frontlines; intense fighting reported in Konstantinovka and Guyaipole directions.,35637,49
2026-06-20 07:31:20,dva_majors,94811,https://t.me/dva_majors/94811,False,none,none,neu,,87686,138
2026-06-20 07:31:31,rybar,81207,https://t.me/rybar/81207,True,west_nato,military_aid,neu,"Belgium plans to donate entire F-16 fleet to Ukraine by 2030, with significant portion used as spare parts donors.",183025,65
2026-06-20 07:56:20,sashakots,62471,https://t.me/sashakots/62471,True,west_nato,other,pos,US military exhausted supplies of Tomahawk and Patriot missiles; Iran demonstrated resilience facing existential threat.,41770,36
2026-06-20 08:02:52,dva_majors,94812,https://t.me/dva_majors/94812,False,none,none,neu,,84031,84
2026-06-20 08:15:09,dva_majors,94818,https://t.me/dva_majors/94818,False,none,none,neu,,67391,203
2026-06-20 08:15:09,dva_majors,94817,https://t.me/dva_majors/94817,False,none,none,neu,,69538,203
2026-06-20 08:15:09,dva_majors,94816,https://t.me/dva_majors/94816,False,none,none,neu,,61411,203
2026-06-20 08:15:09,dva_majors,94815,https://t.me/dva_majors/94815,False,none,none,neu,,64091,203
2026-06-20 08:15:09,dva_majors,94814,https://t.me/dva_majors/94814,False,none,none,neu,,62579,203
2026-06-20 08:15:09,dva_majors,94813,https://t.me/dva_majors/94813,False,none,none,neu,,59446,213
2026-06-20 08:15:10,dva_majors,94819,https://t.me/dva_majors/94819,False,none,none,neu,,65050,203
2026-06-20 08:26:36,vysokygovorit,23160,https://t.me/vysokygovorit/23160,False,none,none,neu,,125733,52
2026-06-20 08:32:01,wargonzo,34950,https://t.me/wargonzo/34950,True,ukraine_strikes_on_russia,other,neu,Russian sappers discovered Ukrainian 3D-printed mines and NATO mines in Kursk region; plastic construction evades metal detectors.,33675,43
2026-06-20 08:34:28,dva_majors,94820,https://t.me/dva_majors/94820,True,west_nato,other,neg,World Bank recommends Ukraine transfer port infrastructure to Western companies through concessions with foreign board participation.,99349,469
2026-06-20 08:53:00,epoddubny,27850,https://t.me/epoddubny/27850,True,frontline,other,pos,Russian unmanned systems destroy Ukrainian vehicle logistics in Kramatorsk area; control key supply routes and access roads.,50374,46
2026-06-20 09:15:00,rybar,81211,https://t.me/rybar/81211,False,none,none,neu,,186816,354
2026-06-20 09:15:00,rybar,81210,https://t.me/rybar/81210,False,none,none,neu,,198188,354
2026-06-20 09:15:00,rybar,81209,https://t.me/rybar/81209,False,none,none,neu,,192700,353
2026-06-20 09:15:00,rybar,81208,https://t.me/rybar/81208,True,west_nato,other,neg,Tulsi Gabbard allegedly released classified documents showing Fauci suppressed COVID lab-origin hypothesis.,175433,361
2026-06-20 09:21:02,sashakots,62472,https://t.me/sashakots/62472,False,none,none,neu,,34176,17
2026-06-20 09:35:08,wargonzo,34951,https://t.me/wargonzo/34951,True,west_nato,negotiations,neg,"Poland revoked Zelensky's highest state award over UPA glorification, damaging Ukraine-Poland relations.",32057,54
2026-06-20 09:45:00,vysokygovorit,23161,https://t.me/vysokygovorit/23161,True,ukraine_strikes_on_russia,other,neg,"Ukrainian Patriot air defense system allegedly struck Kyiv cathedral, not Russian missiles.",80612,92
2026-06-20 09:49:56,dva_majors,94821,https://t.me/dva_majors/94821,False,none,none,neu,,83381,2
2026-06-20 09:52:08,wargonzo,34952,https://t.me/wargonzo/34952,True,ukraine_strikes_on_russia,drones_on_regions,neg,"Ukrainian drones dropped explosives on LNR road, two civilians killed by detonation.",36341,54
2026-06-20 10:02:15,dva_majors,94826,https://t.me/dva_majors/94826,False,none,none,neu,,85354,103
2026-06-20 10:02:15,dva_majors,94825,https://t.me/dva_majors/94825,False,none,none,neu,,86080,104
2026-06-20 10:02:15,dva_majors,94824,https://t.me/dva_majors/94824,False,none,none,neu,,83425,103
2026-06-20 10:02:15,dva_majors,94823,https://t.me/dva_majors/94823,False,none,none,neu,,82093,103
2026-06-20 10:02:15,dva_majors,94822,https://t.me/dva_majors/94822,False,none,none,neu,,79984,103
2026-06-20 10:12:00,rybar,81212,https://t.me/rybar/81212,True,russia_internal,economy,neg,Russia imports Asian gasoline due to refinery damage from Ukrainian drone strikes.,188214,514
2026-06-20 10:33:06,dva_majors,94836,https://t.me/dva_majors/94836,False,none,none,neu,,80168,76
2026-06-20 10:33:06,dva_majors,94835,https://t.me/dva_majors/94835,False,none,none,neu,,85231,75
2026-06-20 10:33:06,dva_majors,94834,https://t.me/dva_majors/94834,False,none,none,neu,,87544,74
2026-06-20 10:33:06,dva_majors,94833,https://t.me/dva_majors/94833,False,none,none,neu,,81649,75
2026-06-20 10:33:06,dva_majors,94832,https://t.me/dva_majors/94832,False,none,none,neu,,85992,74
2026-06-20 10:33:06,dva_majors,94831,https://t.me/dva_majors/94831,False,none,none,neu,,83106,75
2026-06-20 10:33:06,dva_majors,94830,https://t.me/dva_majors/94830,False,none,none,neu,,83068,74
2026-06-20 10:33:06,dva_majors,94829,https://t.me/dva_majors/94829,False,none,none,neu,,83465,81
2026-06-20 10:33:06,dva_majors,94828,https://t.me/dva_majors/94828,False,none,none,neu,,83445,78
2026-06-20 10:33:06,dva_majors,94827,https://t.me/dva_majors/94827,False,none,none,neu,,81025,80
2026-06-20 10:56:37,dva_majors,94837,https://t.me/dva_majors/94837,False,none,none,neu,,79924,145
2026-06-20 11:00:33,rusich_army,30035,https://t.me/rusich_army/30035,True,ukraine_strikes_on_russia,other,neg,"Ukrainian Patriot air defense system allegedly struck Kyiv cathedral, not Russian missiles.",77039,48
2026-06-20 11:01:01,wargonzo,34953,https://t.me/wargonzo/34953,True,frontline,other,pos,Russian sappers use 360-degree camera sphere to detect mines and traps without risking lives.,34563,24
2026-06-20 11:12:07,sashakots,62473,https://t.me/sashakots/62473,True,frontline,other,pos,"Russian 25th Army captures 37 positions in Red Liman, traps Ukrainian forces without supplies.",166770,209
2026-06-20 11:13:02,dva_majors,94841,https://t.me/dva_majors/94841,False,none,none,neu,,82982,52
2026-06-20 11:13:02,dva_majors,94840,https://t.me/dva_majors/94840,False,none,none,neu,,86971,52
2026-06-20 11:13:02,dva_majors,94839,https://t.me/dva_majors/94839,False,none,none,neu,,82658,52
2026-06-20 11:13:02,dva_majors,94838,https://t.me/dva_majors/94838,True,strikes_on_ukraine,other,pos,FAB guided bombs with fuzes hit Ukrainian shelters in populated areas.,80408,56
2026-06-20 11:19:00,rybar,81213,https://t.me/rybar/81213,True,west_nato,negotiations,pos,"Bulgaria vetoes 21st EU sanctions package against Russia, citing economic and religious concerns.",183976,71
2026-06-20 11:24:43,Sladkov_plus,15676,https://t.me/Sladkov_plus/15676,False,none,none,neu,,127818,72
2026-06-20 11:39:06,epoddubny,27851,https://t.me/epoddubny/27851,True,frontline,other,pos,"Russian 25th Army captures 37 positions in Red Liman, traps Ukrainian forces without supplies.",38467,34
2026-06-20 11:44:44,vysokygovorit,23162,https://t.me/vysokygovorit/23162,True,frontline,other,pos,"Russian 25th Army captures 37 positions in Red Liman, traps Ukrainian forces without supplies.",81864,84
2026-06-20 11:44:47,dva_majors,94842,https://t.me/dva_majors/94842,True,ukraine_strikes_on_russia,drones_on_regions,pos,Russia intercepts 57 Ukrainian drones; drone attack reported on Tyumen refinery 2000 km from border.,84744,94
2026-06-20 11:49:44,epoddubny,27852,https://t.me/epoddubny/27852,True,strikes_on_ukraine,deep_strikes,pos,Russian airstrike destroys UNIT logistics complex in Kharkiv used for drone storage and production.,50989,59
2026-06-20 12:01:27,dva_majors,94843,https://t.me/dva_majors/94843,False,none,none,neu,,79597,37
2026-06-20 12:11:01,wargonzo,34954,https://t.me/wargonzo/34954,True,west_nato,rearmament,neg,NATO Secretary Rutte announces NATO 3.0 transformation as US withdraws forces from Europe.,37758,33
2026-06-20 12:25:40,vysokygovorit,23163,https://t.me/vysokygovorit/23163,True,west_nato,alliance_politics,neg,Western Europe faces cannibalization by USA; only Russia's strategic defeat offers salvation.,102993,198
2026-06-20 12:30:16,dva_majors,94844,https://t.me/dva_majors/94844,True,russia_internal,other,neg,LDPR deputy proposes blocking VPNs to silence critics reporting fuel shortages online.,85047,223
2026-06-20 12:32:57,rybar,81214,https://t.me/rybar/81214,True,russia_internal,elite_politics,neu,Bolivian president declares emergency state to manage labor unrest and consolidate executive power.,185319,35
2026-06-20 12:36:26,dva_majors,94845,https://t.me/dva_majors/94845,True,strikes_on_ukraine,fuel_infrastructure,pos,Russia systematically attacking Ukrainian fuel infrastructure with Geranium drones instead of Kinzhals.,84407,76
2026-06-20 12:45:09,ngp_razvedka,25631,https://t.me/ngp_razvedka/25631,False,none,none,neu,,18750,86
2026-06-20 12:46:25,dva_majors,94846,https://t.me/dva_majors/94846,False,none,none,neu,,151699,272
2026-06-20 12:57:00,epoddubny,27854,https://t.me/epoddubny/27854,False,none,none,neu,,50875,50
2026-06-20 12:57:00,epoddubny,27853,https://t.me/epoddubny/27853,True,frontline,other,pos,Russian forces encircling Konstantinovka; enemy supply lines blocked by artillery and drone surveillance.,46684,52
2026-06-20 13:01:37,ngp_razvedka,25632,https://t.me/ngp_razvedka/25632,False,none,none,neu,,16637,102
2026-06-20 13:02:26,rusich_army,30036,https://t.me/rusich_army/30036,True,frontline,other,neu,Heavy fighting for Konstantinovka; Ukrainian drones attack Russian logistics as forces control city outskirts.,96462,73
2026-06-20 13:22:41,vysokygovorit,23164,https://t.me/vysokygovorit/23164,False,none,none,neu,,104373,107
2026-06-20 13:54:27,dva_majors,94851,https://t.me/dva_majors/94851,False,none,none,neu,,83775,86
2026-06-20 13:54:27,dva_majors,94850,https://t.me/dva_majors/94850,False,none,none,neu,,88558,86
2026-06-20 13:54:27,dva_majors,94849,https://t.me/dva_majors/94849,False,none,none,neu,,96253,85
2026-06-20 13:54:27,dva_majors,94848,https://t.me/dva_majors/94848,False,none,none,neu,,93064,85
2026-06-20 13:54:27,dva_majors,94847,https://t.me/dva_majors/94847,True,strikes_on_ukraine,other,pos,Ukrainian postal service vehicles destroyed by FPV drones; identified as military logistics elements.,81629,85
2026-06-20 13:58:29,dva_majors,94852,https://t.me/dva_majors/94852,True,strikes_on_ukraine,other,pos,Russian drone attack damages Ukrainian trucks delivering internet-purchased goods near Primorsk.,88067,170
2026-06-20 13:58:30,dva_majors,94853,https://t.me/dva_majors/94853,False,none,none,neu,,88695,175
2026-06-20 14:02:01,rybar,81215,https://t.me/rybar/81215,True,west_nato,military_aid,neg,Ukrainian drone manufacturers expanding to Asian markets; Japan acquiring Ukrainian drone companies.,180982,96
2026-06-20 14:03:01,wargonzo,34955,https://t.me/wargonzo/34955,False,none,none,neu,,40541,14
2026-06-20 14:16:28,dva_majors,94854,https://t.me/dva_majors/94854,True,russia_internal,economy,neu,Saratov fuel demand surged 70% after recent attacks; logistics temporarily disrupted but reserves adequate.,89267,90
2026-06-20 14:19:51,dva_majors,94855,https://t.me/dva_majors/94855,True,strikes_on_ukraine,other,pos,Ukrainian drone misses Russian supply truck; warns drivers to use military escort services.,94366,1057
2026-06-20 14:30:00,rybar,81216,https://t.me/rybar/81216,True,west_nato,other,neu,Iran re-closing Strait of Hormuz in response to Israeli strikes; threatens further retaliation.,183595,43
2026-06-20 14:40:00,rybar,81217,https://t.me/rybar/81217,True,frontline,other,pos,Russian 25th Army tightens encirclement around Liman; captures Yurkivka across dry canal defensive line.,190158,120
2026-06-20 14:49:56,dva_majors,94856,https://t.me/dva_majors/94856,False,none,none,neu,,92647,1
2026-06-20 14:56:56,dva_majors,94857,https://t.me/dva_majors/94857,True,strikes_on_ukraine,deep_strikes,pos,Russia strikes Zaporizhzhia hydroelectric station with guided bombs.,90948,79
2026-06-20 15:02:45,dva_majors,94858,https://t.me/dva_majors/94858,False,none,none,neu,,94482,50
2026-06-20 15:34:40,dva_majors,94868,https://t.me/dva_majors/94868,False,none,none,neu,,102784,110
2026-06-20 15:34:40,dva_majors,94867,https://t.me/dva_majors/94867,False,none,none,neu,,111798,111
2026-06-20 15:34:40,dva_majors,94866,https://t.me/dva_majors/94866,False,none,none,neu,,120360,114
2026-06-20 15:34:40,dva_majors,94865,https://t.me/dva_majors/94865,False,none,none,neu,,106162,121
2026-06-20 15:34:40,dva_majors,94864,https://t.me/dva_majors/94864,False,none,none,neu,,110271,109
2026-06-20 15:34:40,dva_majors,94863,https://t.me/dva_majors/94863,False,none,none,neu,,103574,110
2026-06-20 15:34:40,dva_majors,94862,https://t.me/dva_majors/94862,False,none,none,neu,,104252,116
2026-06-20 15:34:40,dva_majors,94861,https://t.me/dva_majors/94861,False,none,none,neu,,98467,113
2026-06-20 15:34:40,dva_majors,94860,https://t.me/dva_majors/94860,False,none,none,neu,,97828,111
2026-06-20 15:34:40,dva_majors,94859,https://t.me/dva_majors/94859,False,none,none,neu,,96351,109
2026-06-20 15:38:59,rybar,81218,https://t.me/rybar/81218,True,frontline,other,pos,"88th motorized brigade liberates Yurkivka, breakthrough on southern flank of Slavyansk-Kramatorsk defensive line.",191960,129
2026-06-20 15:50:08,ngp_razvedka,25633,https://t.me/ngp_razvedka/25633,True,strikes_on_ukraine,other,pos,Advocates concentrated glide bomb attacks on Zaporizhzhia bridges; preparation for upcoming offensive.,15825,86
2026-06-20 16:23:26,wargonzo,34956,https://t.me/wargonzo/34956,True,ukraine_strikes_on_russia,drones_on_regions,neg,Ukrainian forces attack Mariupol-Donetsk highway; civilians and military vehicles struck repeatedly.,46423,147
2026-06-20 16:27:41,ngp_razvedka,25635,https://t.me/ngp_razvedka/25635,False,none,none,neu,,15217,3
2026-06-20 16:37:01,rybar,81219,https://t.me/rybar/81219,True,frontline,other,neu,Russian artillery crew evades FPV drone while firing; demonstrates tactical response to aerial threats.,192693,30
2026-06-20 16:37:11,vysokygovorit,23165,https://t.me/vysokygovorit/23165,True,west_nato,alliance_politics,neg,Poland's return of White Eagle order mocks European divisions; warns Poland against antagonizing Ukraine.,116973,260
2026-06-20 16:38:16,rusich_army,30037,https://t.me/rusich_army/30037,True,frontline,other,pos,Russian forces killed Ukrainian militants attempting to escape on quadbike near frontline position.,99652,18
2026-06-20 16:59:01,sashakots,62478,https://t.me/sashakots/62478,False,none,none,neu,,39774,73
2026-06-20 16:59:01,sashakots,62477,https://t.me/sashakots/62477,False,none,none,neu,,42706,74
2026-06-20 16:59:01,sashakots,62476,https://t.me/sashakots/62476,False,none,none,neu,,39573,74
2026-06-20 16:59:01,sashakots,62475,https://t.me/sashakots/62475,False,none,none,neu,,39239,74
2026-06-20 16:59:01,sashakots,62474,https://t.me/sashakots/62474,False,none,none,neu,,33444,75
2026-06-20 17:05:35,epoddubny,27855,https://t.me/epoddubny/27855,True,ukraine_strikes_on_russia,drones_on_regions,neu,Fuel tanker driver evades Ukrainian Hornet drone attack near Melitopol; air defenses intensified on supply route.,64108,415
2026-06-20 17:10:54,wargonzo,34958,https://t.me/wargonzo/34958,False,none,none,neu,,54400,596
2026-06-20 17:10:54,wargonzo,34957,https://t.me/wargonzo/34957,True,strikes_on_ukraine,deep_strikes,pos,"Nine guided bombs reportedly struck Dneproges dam and bridge in Zaporizhzhia, marking major escalation.",56079,597
2026-06-20 17:24:02,rybar,81220,https://t.me/rybar/81220,True,west_nato,other,neu,US federal government trust hits historic low of 25% amid economic instability and Iran tensions.,201406,36
2026-06-20 17:27:59,dva_majors,94870,https://t.me/dva_majors/94870,False,none,none,neu,,109443,380
2026-06-20 17:27:59,dva_majors,94869,https://t.me/dva_majors/94869,True,strikes_on_ukraine,deep_strikes,pos,"Dneproges dam hit by nine guided bombs; critical infrastructure damaged, logistics rerouted to alternate bridges.",111023,388
2026-06-20 17:34:20,sashakots,62479,https://t.me/sashakots/62479,False,none,none,neu,,39011,9
2026-06-20 17:38:01,wargonzo,34959,https://t.me/wargonzo/34959,True,russia_internal,other,pos,Russian sappers conduct third stage demining of Kursk region fields; years of work remain ahead.,52847,47
2026-06-20 17:48:13,ngp_razvedka,25636,https://t.me/ngp_razvedka/25636,True,frontline,other,neu,Ukraine conducts remote mining of crossing points near Uspenka and Dolzhanskoe; civilian travel warnings issued.,17907,182
2026-06-20 17:49:02,dva_majors,94871,https://t.me/dva_majors/94871,False,none,none,neu,,120775,13
2026-06-20 18:02:01,dva_majors,94872,https://t.me/dva_majors/94872,True,frontline,kupyansk,pos,Russian forces conduct FAB strikes and drone reconnaissance on Ukrainian positions near Kharkiv direction.,121009,65
2026-06-20 18:05:15,sashakots,62480,https://t.me/sashakots/62480,True,frontline,other,pos,Russian forces clearing Konstantinovka city; 94 buildings cleared in one day using improvised anti-tank mines.,50165,81
2026-06-20 18:05:43,rusich_army,30038,https://t.me/rusich_army/30038,True,frontline,other,pos,Russian forces report attacking Ukrainian ammunition deliveries and supply convoys in open field operations.,99293,28
2026-06-20 19:10:27,ngp_razvedka,25637,https://t.me/ngp_razvedka/25637,False,none,none,neu,,16699,5
2026-06-20 19:26:42,dva_majors,94873,https://t.me/dva_majors/94873,True,strikes_on_ukraine,deep_strikes,pos,Russian air strikes target Ukrainian logistics and rear positions in Dnipropetrovsk region via FAB bombs.,115345,57
2026-06-20 19:32:25,dva_majors,94874,https://t.me/dva_majors/94874,True,ukraine_strikes_on_russia,drones_on_regions,neu,"Ukrainian drone fragments fall in Krasnodar region; small fire extinguished, no casualties.",109788,53
2026-06-20 19:50:01,rybar,81221,https://t.me/rybar/81221,True,strikes_on_ukraine,fuel_infrastructure,pos,Russian airstrikes degrade Ukrainian logistics; Taiwan and Japan adopt drone warfare doctrines from Ukraine.,200571,36
2026-06-20 19:50:14,dva_majors,94875,https://t.me/dva_majors/94875,False,none,none,neu,,113659,12
2026-06-20 20:03:08,dva_majors,94876,https://t.me/dva_majors/94876,True,strikes_on_ukraine,deep_strikes,pos,Russian air strike with FAB bomb on Ukrainian positions near Kupyansk captured by drone footage.,112866,36
2026-06-20 20:09:33,dva_majors,94877,https://t.me/dva_majors/94877,True,criticism,government,neg,Ukrainian border guards fire on man attempting to escape via paraglider; Russian source criticizes regime repression.,128212,238
2026-06-20 20:21:28,ngp_razvedka,25638,https://t.me/ngp_razvedka/25638,False,none,none,neu,,17549,3
2026-06-20 20:30:00,rybar,81222,https://t.me/rybar/81222,True,frontline,other,pos,Russian forces advance toward Slavyansk; summary of war chronicle including logistics strikes and sanctions issues.,279175,27
2026-06-20 20:59:24,rybar,81225,https://t.me/rybar/81225,False,none,none,neu,,215970,99
2026-06-20 20:59:24,rybar,81224,https://t.me/rybar/81224,False,none,none,neu,,217943,98
2026-06-20 20:59:24,rybar,81223,https://t.me/rybar/81223,True,strikes_on_ukraine,fuel_infrastructure,pos,"Russia strikes Ukrainian gas stations, logistics centers, and bridges; Ukraine targets Tyumen refinery and Crimea infrastructure.",197403,97
2026-06-21 03:56:59,dva_majors,94878,https://t.me/dva_majors/94878,False,none,none,neu,,115620,47
2026-06-21 03:57:09,dva_majors,94879,https://t.me/dva_majors/94879,True,ukraine_strikes_on_russia,other,neg,"Ukraine escalates drone attacks on Moscow and southern Russia, overwhelming air defense and hitting fuel refineries.",376969,1375
2026-06-21 04:32:02,ngp_razvedka,25640,https://t.me/ngp_razvedka/25640,False,none,none,neu,,17334,6
2026-06-21 04:57:57,dva_majors,94880,https://t.me/dva_majors/94880,True,ukraine_strikes_on_russia,other,neu,Russian air defense claims to intercept 239 Ukrainian drones over multiple regions; some reportedly penetrated defenses.,103049,136
2026-06-21 05:01:35,dva_majors,94881,https://t.me/dva_majors/94881,True,ukraine_strikes_on_russia,crimea_energy,neg,Sevastopol fuel deliveries delayed; QR-code gas station purchases suspended except for emergency services.,103856,286
2026-06-21 05:02:24,rusich_army,30039,https://t.me/rusich_army/30039,False,none,none,neu,,124305,12
2026-06-21 05:38:35,dva_majors,94882,https://t.me/dva_majors/94882,True,ukraine_strikes_on_russia,other,neg,"Ukrainian drone attack on Kerch ferry kills one person, damages oil terminal, affects civilian infrastructure in Krasnodar region.",102257,364
2026-06-21 05:40:57,dva_majors,94883,https://t.me/dva_majors/94883,True,ukraine_strikes_on_russia,other,neg,"Kerch peninsula drone attacks kill four civilians, wound 28; casualties reported in Crimea including ferry attack.",105535,467
2026-06-21 06:04:25,dva_majors,94884,https://t.me/dva_majors/94884,True,frontline,other,pos,Russian forces advance toward Slavyansk; Yurkivka liberated on path to city; Liman approach continues.,82598,10
2026-06-21 06:11:57,dva_majors,94885,https://t.me/dva_majors/94885,True,frontline,kupyansk,pos,FPV operator from Kharkiv direction shares compilation of destroyed Ukrainian drones and aircraft over three months.,96923,86
2026-06-21 06:13:19,rybar,81226,https://t.me/rybar/81226,True,ukraine_strikes_on_russia,other,neg,"Ukraine escalates drone attacks on Moscow and southern Russia, overwhelming air defense and hitting fuel refineries.",177122,306
2026-06-21 06:13:21,wargonzo,34960,https://t.me/wargonzo/34960,True,ukraine_strikes_on_russia,other,neg,"Four killed, 28 wounded from Ukrainian drone attack on Kerch peninsula; ferry and oil terminal damaged.",45273,117
2026-06-21 06:28:44,dva_majors,94886,https://t.me/dva_majors/94886,True,ukraine_strikes_on_russia,crimea_energy,neg,"Kerch ferry operations suspended; heavy transport redirected to alternative route via Rostov, Taganrog, Mariupol.",100546,393
2026-06-21 06:30:11,dva_majors,94888,https://t.me/dva_majors/94888,False,none,none,neu,,98434,231
2026-06-21 06:30:11,dva_majors,94887,https://t.me/dva_majors/94887,True,criticism,regional,neg,Regional deputy blamed VPNs for false reports of fuel shortages instead of addressing actual supply problems.,98742,233
2026-06-21 06:30:36,rybar,81227,https://t.me/rybar/81227,True,west_nato,alliance_politics,neu,CIA Director Ratcliffe strengthens position over Tulsi Gabbard; Gabbard departs as national intelligence head.,187192,52
2026-06-21 06:37:45,sashakots,62481,https://t.me/sashakots/62481,True,west_nato,negotiations,neu,EU attempts diplomatic outreach to Russia on Ukraine; leaders criticize approach; negotiations stalled.,45085,36
2026-06-21 06:45:51,dva_majors,94889,https://t.me/dva_majors/94889,True,ukraine_strikes_on_russia,other,neu,Sevastopol repels Ukrainian drone attack; five drones shot down; power outages reported.,97722,49
2026-06-21 06:55:51,dva_majors,94890,https://t.me/dva_majors/94890,True,ukraine_strikes_on_russia,crimea_energy,neg,Crimea halts all fuel sales at gas stations; supply restricted to state services only.,110229,1098
2026-06-21 06:59:02,dva_majors,94891,https://t.me/dva_majors/94891,False,none,none,neu,,100680,11
2026-06-21 07:04:13,rusich_army,30040,https://t.me/rusich_army/30040,True,frontline,other,pos,"Russian unit ambushes Ukrainian position, destroys pickup truck with infantry; no Ukrainian return fire attempted.",106176,24
2026-06-21 07:09:36,epoddubny,27856,https://t.me/epoddubny/27856,True,ukraine_strikes_on_russia,other,neg,"Four killed, 28 wounded from Ukrainian drone attacks on Kerch peninsula; ferry operations suspended.",55665,206
2026-06-21 07:10:12,wargonzo,34968,https://t.me/wargonzo/34968,False,none,none,neu,,45978,50
2026-06-21 07:10:12,wargonzo,34967,https://t.me/wargonzo/34967,False,none,none,neu,,49147,50
2026-06-21 07:10:12,wargonzo,34966,https://t.me/wargonzo/34966,False,none,none,neu,,45648,50
2026-06-21 07:10:12,wargonzo,34965,https://t.me/wargonzo/34965,False,none,none,neu,,42014,50
2026-06-21 07:10:12,wargonzo,34963,https://t.me/wargonzo/34963,False,none,none,neu,,41011,50
2026-06-21 07:10:12,wargonzo,34962,https://t.me/wargonzo/34962,False,none,none,neu,,40440,51
2026-06-21 07:10:12,wargonzo,34961,https://t.me/wargonzo/34961,False,none,none,neu,,46839,50
2026-06-21 07:10:12,wargonzo,34964,https://t.me/wargonzo/34964,True,frontline,hulyaipole,neu,"Russian forces advance in Zaporizhzhia sector on Kamenske, Hulyaipole, and northern Donetsk front directions.",42089,51
2026-06-21 07:29:57,dva_majors,94892,https://t.me/dva_majors/94892,True,ukraine_strikes_on_russia,other,pos,"Ukrainian ports handled 40 million tons cargo this year despite 1,500 Russian drone attacks on infrastructure.",109129,158
2026-06-21 07:31:57,dva_majors,94893,https://t.me/dva_majors/94893,True,ukraine_strikes_on_russia,other,neg,Crimean power company announces blackouts in multiple regions due to damage to electrical networks.,112421,320
2026-06-21 07:34:21,rybar,81228,https://t.me/rybar/81228,True,west_nato,other,neg,EU threatens to require Turkey to abandon Russian gas in trade agreements; Turkey seeks alternative American LNG supplies.,194455,86
2026-06-21 07:37:14,dva_majors,94894,https://t.me/dva_majors/94894,False,none,none,neu,,118230,427
2026-06-21 07:44:55,rybar,81229,https://t.me/rybar/81229,True,ukraine_strikes_on_russia,crimea_energy,neg,"Ukrainian drone strike on Crimea hit Kerch transport hub, ferry crossing; 4 dead, 28 injured.",289049,987
2026-06-21 08:11:09,wargonzo,34970,https://t.me/wargonzo/34970,True,ukraine_strikes_on_russia,crimea_energy,neg,Crimea halts fuel sales; blackouts reported after Ukrainian strikes on energy infrastructure.,37354,253
2026-06-21 08:12:00,rybar,81230,https://t.me/rybar/81230,True,west_nato,military_aid,neg,Britain tested 480km-range missiles; plans to deliver samples to Ukraine within a year.,201238,406
2026-06-21 09:01:01,rusich_army,30041,https://t.me/rusich_army/30041,True,ukraine_strikes_on_russia,crimea_energy,neg,"Ukrainian strike on Crimea ferry crossing and oil facilities kills 4, wounds 28; Starlink usage increasing.",93924,204
2026-06-21 09:02:01,wargonzo,34971,https://t.me/wargonzo/34971,False,none,none,neu,,39356,20
2026-06-21 09:39:53,Sladkov_plus,15677,https://t.me/Sladkov_plus/15677,False,none,none,neu,,105782,47
2026-06-21 09:42:30,dva_majors,94895,https://t.me/dva_majors/94895,True,ukraine_strikes_on_russia,crimea_energy,neg,"Ukrainian massive strike on Crimea targets Kerch hub; 4 killed, 28 wounded; bridge closed seven hours.",93016,372
2026-06-21 09:49:56,dva_majors,94896,https://t.me/dva_majors/94896,False,none,none,neu,,94606,14
2026-06-21 09:56:30,rybar,81231,https://t.me/rybar/81231,True,criticism,government,neg,Critiques Russian narrative about US peace intentions; warns Starlink enablement shows continued US support for Ukraine.,216515,388
2026-06-21 10:00:47,dva_majors,94900,https://t.me/dva_majors/94900,False,none,none,neu,,94079,75
2026-06-21 10:00:47,dva_majors,94899,https://t.me/dva_majors/94899,False,none,none,neu,,100311,74
2026-06-21 10:00:47,dva_majors,94898,https://t.me/dva_majors/94898,False,none,none,neu,,101917,76
2026-06-21 10:00:47,dva_majors,94897,https://t.me/dva_majors/94897,False,none,none,neu,,88238,75
2026-06-21 10:11:01,wargonzo,34974,https://t.me/wargonzo/34974,False,none,none,neu,,43352,46
2026-06-21 10:11:01,wargonzo,34973,https://t.me/wargonzo/34973,False,none,none,neu,,44745,45
2026-06-21 10:11:01,wargonzo,34972,https://t.me/wargonzo/34972,True,frontline,other,pos,Russian forces advance in Konstantinovka and Red Liman; systematic progress clearing Ukrainian positions.,35746,45
2026-06-21 10:27:05,rybar,81232,https://t.me/rybar/81232,True,ukraine_strikes_on_russia,crimea_energy,neg,"After Crimea strikes, cargo diverted to alternative routes; ferry suspended; logistics bottleneck worsens.",221144,344
2026-06-21 10:33:15,dva_majors,94910,https://t.me/dva_majors/94910,False,none,none,neu,,96979,86
2026-06-21 10:33:15,dva_majors,94909,https://t.me/dva_majors/94909,False,none,none,neu,,111097,84
2026-06-21 10:33:15,dva_majors,94908,https://t.me/dva_majors/94908,False,none,none,neu,,122154,84
2026-06-21 10:33:15,dva_majors,94907,https://t.me/dva_majors/94907,False,none,none,neu,,101444,98
2026-06-21 10:33:15,dva_majors,94906,https://t.me/dva_majors/94906,False,none,none,neu,,104649,83
2026-06-21 10:33:15,dva_majors,94905,https://t.me/dva_majors/94905,False,none,none,neu,,113124,83
2026-06-21 10:33:15,dva_majors,94904,https://t.me/dva_majors/94904,False,none,none,neu,,94343,83
2026-06-21 10:33:15,dva_majors,94903,https://t.me/dva_majors/94903,False,none,none,neu,,101640,87
2026-06-21 10:33:15,dva_majors,94902,https://t.me/dva_majors/94902,False,none,none,neu,,96321,87
2026-06-21 10:33:15,dva_majors,94901,https://t.me/dva_majors/94901,False,none,none,neu,,91914,83
2026-06-21 10:34:18,dva_majors,94911,https://t.me/dva_majors/94911,True,frontline,hulyaipole,pos,Russian UAV operator eliminates enemy positions near Orekh; drone work enables assault group advancement.,107385,14
2026-06-21 10:37:51,dva_majors,94912,https://t.me/dva_majors/94912,True,ukraine_strikes_on_russia,drones_on_regions,neu,Sevastopol air defense shoots down 4 drones; UAV falls on apartment building; no casualties.,111280,54
2026-06-21 10:41:01,dva_majors,94913,https://t.me/dva_majors/94913,True,russia_internal,elite_politics,pos,"Ushakov: Russia pursues victory, not peace agreements; Western nations should recognize Russian frontline advances.",110412,106
2026-06-21 10:44:59,dva_majors,94914,https://t.me/dva_majors/94914,True,ukraine_strikes_on_russia,crimea_energy,neg,Crimea loses electricity after infrastructure damage; water supply disrupted across regions.,119342,358
2026-06-21 10:46:40,dva_majors,94915,https://t.me/dva_majors/94915,True,strikes_on_ukraine,other,pos,"Russian forces strike Ukrainian airports, refineries, fuel storage, logistics centers in 147 locations.",126060,59
2026-06-21 10:53:12,sashakots,62482,https://t.me/sashakots/62482,True,frontline,other,pos,Spetsnaz Vega drone unit destroyed 16 Ukrainian aircraft including 10 Hornet drones in one operation.,92759,72
2026-06-21 11:01:56,rusich_army,30043,https://t.me/rusich_army/30043,False,none,none,neu,,67705,9
2026-06-21 11:01:56,rusich_army,30042,https://t.me/rusich_army/30042,False,none,none,neu,,119878,10
2026-06-21 11:07:23,rusich_army,30044,https://t.me/rusich_army/30044,False,none,none,neu,,80335,4
2026-06-21 11:12:03,epoddubny,27857,https://t.me/epoddubny/27857,True,frontline,other,pos,Spetsnaz Vega drone unit destroyed 16 Ukrainian aircraft including 10 Hornet drones in single operation.,48545,25
2026-06-21 11:21:01,dva_majors,94916,https://t.me/dva_majors/94916,True,criticism,government,neg,Critiques insufficient centralized defense of Crimean airspace; alleges delayed response to Ukrainian threats.,203434,923
2026-06-21 11:23:01,rybar,81233,https://t.me/rybar/81233,True,ukraine_strikes_on_russia,crimea_energy,neg,"Ukraine methodically blocked Crimea via sea strikes on ports, fuel terminals, increasing freight costs significantly.",220423,683
2026-06-21 11:25:12,epoddubny,27858,https://t.me/epoddubny/27858,True,frontline,other,pos,Russian forces clear 53 buildings and capture 12 enemy positions in Red Liman; Su-34 supports operations.,90363,90
2026-06-21 11:35:44,vysokygovorit,23166,https://t.me/vysokygovorit/23166,True,west_nato,negotiations,neg,US violated Anchorage Spirit agreement by continuing Starlink supplies to Ukraine while blocking Russia's access.,126374,337
2026-06-21 11:37:01,wargonzo,34975,https://t.me/wargonzo/34975,True,frontline,other,pos,Arbat unit develops compact Baba-Yaga-mini drones capable of delivering 4kg cargo up to 7km.,41588,20
2026-06-21 11:44:19,sashakots,62483,https://t.me/sashakots/62483,True,frontline,other,pos,Russian forces captured 12 enemy positions and cleared 53 buildings in Red Liman with air support.,39303,21
2026-06-21 11:47:38,sashakots,62484,https://t.me/sashakots/62484,True,ukraine_strikes_on_russia,crimea_energy,neg,"Ukraine strikes Crimea infrastructure; Kerch hit with 4 killed, 28 wounded; fuel terminal catches fire.",76110,988
2026-06-21 11:52:12,rybar,81236,https://t.me/rybar/81236,False,none,none,neu,,222462,110
2026-06-21 11:52:12,rybar,81235,https://t.me/rybar/81235,False,none,none,neu,,223515,110
2026-06-21 11:52:12,rybar,81234,https://t.me/rybar/81234,False,none,none,neu,,202427,110
2026-06-21 11:57:05,vysokygovorit,23167,https://t.me/vysokygovorit/23167,True,strikes_on_ukraine,deep_strikes,pos,"Russia could inflict Crimea-level damage on Kharkiv, Zaporizhzhia, and Kyiv with massive FAB and drone strikes.",141646,929
2026-06-21 12:30:54,rybar,81237,https://t.me/rybar/81237,True,ukraine_strikes_on_russia,other,neg,Ukraine intensifies strikes on Crimean Bridge using drones with high payload or thermobaric charges.,215845,871
2026-06-21 12:37:51,dva_majors,94917,https://t.me/dva_majors/94917,False,none,none,neu,,127565,305
2026-06-21 12:50:31,ngp_razvedka,25641,https://t.me/ngp_razvedka/25641,False,none,none,neu,,16025,26
2026-06-21 13:01:42,rusich_army,30045,https://t.me/rusich_army/30045,True,west_nato,military_aid,neg,Britain tests three low-cost cruise missile alternatives to Storm Shadow for Ukraine.,105618,123
2026-06-21 13:03:01,sashakots,62485,https://t.me/sashakots/62485,True,strikes_on_ukraine,other,pos,Russian forces struck 147 Ukrainian locations across multiple regions damaging logistics and infrastructure.,49566,113
2026-06-21 13:13:01,wargonzo,34976,https://t.me/wargonzo/34976,True,frontline,other,pos,Beards unit from Nemets group clears Ukrainian fortifications in Zaporizhzhia with effective drone strikes.,40278,24
2026-06-21 13:28:42,rybar,81238,https://t.me/rybar/81238,True,ukraine_strikes_on_russia,other,neg,Ukrainian citizens flee en masse using unconventional methods; manpower shortage affects drone operations.,212563,142
2026-06-21 13:38:58,dva_majors,94918,https://t.me/dva_majors/94918,True,frontline,other,pos,Russian naval drone operators destroyed Ukrainian attack drones before reaching targets in Konstantinovsky direction.,128050,31
2026-06-21 13:43:04,dva_majors,94919,https://t.me/dva_majors/94919,True,ukraine_strikes_on_russia,crimea_energy,neg,Demands accountability for Ukrainian attack on Sevastopol.,125099,40
2026-06-21 13:44:58,dva_majors,94920,https://t.me/dva_majors/94920,True,west_nato,military_aid,neg,Germany's Rheinmetall develops containerized drone launcher system capable of launching 18 barrage munitions 100km.,143305,570
2026-06-21 13:47:01,wargonzo,34977,https://t.me/wargonzo/34977,True,frontline,other,pos,Destroyed Ukrainian armor and logistics form iron cemetery; Russian drone operators control sky and ground.,35430,16
2026-06-21 13:50:50,ngp_razvedka,25642,https://t.me/ngp_razvedka/25642,False,none,none,neu,,15919,3
2026-06-21 14:18:01,wargonzo,34978,https://t.me/wargonzo/34978,True,frontline,other,pos,"Female staff officer Yulay coordinates UAV, artillery, and assault operations requiring precision and constant communication.",38100,32
2026-06-21 14:28:13,dva_majors,94921,https://t.me/dva_majors/94921,True,russia_internal,mobilisation,neg,Request to allow soldiers returning from leave to purchase fuel canisters for travel to front-line regions.,139786,204
2026-06-21 14:31:24,rybar,81239,https://t.me/rybar/81239,True,strikes_on_ukraine,other,pos,Russia should respond symmetrically to Ukrainian blockade by targeting Ukrainian shipping and trade in Black Sea.,362252,752
2026-06-21 14:32:19,ngp_razvedka,25644,https://t.me/ngp_razvedka/25644,False,none,none,neu,,15696,2
2026-06-21 14:40:10,dva_majors,94922,https://t.me/dva_majors/94922,False,none,none,neu,,134347,113
2026-06-21 14:53:53,sashakots,62486,https://t.me/sashakots/62486,True,ukraine_strikes_on_russia,crimea_energy,neg,"Zelenskyy holds Crimea hostage with water, energy blockades and drone attacks as sole Ukrainian combat asset.",46383,249
2026-06-21 15:03:28,rusich_army,30046,https://t.me/rusich_army/30046,True,frontline,other,pos,Russian forces tracked and destroyed Ukrainian transport vehicle.,126573,11
2026-06-21 15:03:29,ngp_razvedka,25645,https://t.me/ngp_razvedka/25645,False,none,none,neu,,20198,36
2026-06-21 15:21:30,sashakots,62487,https://t.me/sashakots/62487,True,strikes_on_ukraine,fuel_infrastructure,pos,"Russian drones struck fuel hub near Hubnykhy, destroying storage infrastructure and causing fires.",60191,73
2026-06-21 15:34:01,wargonzo,34979,https://t.me/wargonzo/34979,True,west_nato,military_aid,neg,Trump demands Europe repay $350 billion in aid given to Ukraine under Biden administration.,38607,31
2026-06-21 15:40:08,rybar,81240,https://t.me/rybar/81240,True,russia_internal,economy,neg,"Finance Ministry opposes tax cuts for drone manufacturers, citing budget constraints from sanctions.",211873,272
2026-06-21 15:40:37,epoddubny,27859,https://t.me/epoddubny/27859,True,west_nato,military_aid,neu,"South Korea became second-largest weapons supplier to NATO, with major defense company revenues projected to reach $37 billion by 2026.",57031,76
2026-06-21 16:25:45,dva_majors,94923,https://t.me/dva_majors/94923,True,strikes_on_ukraine,fuel_infrastructure,pos,Systematic strikes on Ukrainian gas stations using Shahed drones targeting logistics infrastructure.,130432,95
2026-06-21 16:30:27,rybar,81241,https://t.me/rybar/81241,False,none,none,neu,,206389,101
2026-06-21 16:32:01,wargonzo,34982,https://t.me/wargonzo/34982,False,none,none,neu,,41423,4
2026-06-21 16:32:01,wargonzo,34981,https://t.me/wargonzo/34981,False,none,none,neu,,41594,4
2026-06-21 16:32:01,wargonzo,34980,https://t.me/wargonzo/34980,True,west_nato,negotiations,neu,US and Iran delegations meet in Switzerland to negotiate ceasefire in Lebanon amid regional tensions.,33940,6
2026-06-21 16:35:14,ngp_razvedka,25646,https://t.me/ngp_razvedka/25646,False,none,none,neu,,24761,205
2026-06-21 16:45:39,dva_majors,94924,https://t.me/dva_majors/94924,False,none,none,neu,,143960,110
2026-06-21 16:45:43,dva_majors,94925,https://t.me/dva_majors/94925,False,none,none,neu,,0,0
2026-06-21 16:47:01,dva_majors,94926,https://t.me/dva_majors/94926,False,none,none,neu,,139708,21
2026-06-21 17:02:01,rusich_army,30047,https://t.me/rusich_army/30047,True,ukraine_strikes_on_russia,drones_on_regions,neg,Ukrainian Hornet AI drones self-improve through continuous learning and mapping of flight routes and targets.,168985,643
2026-06-21 17:16:28,vysokygovorit,23168,https://t.me/vysokygovorit/23168,False,none,none,neu,,152252,39
2026-06-21 17:16:41,dva_majors,94927,https://t.me/dva_majors/94927,True,strikes_on_ukraine,deep_strikes,neg,Sevastopol implements emergency measures including fuel rationing and reduced transport after Ukrainian strikes.,159054,762
2026-06-21 17:25:09,sashakots,62490,https://t.me/sashakots/62490,False,none,none,neu,,48572,62
2026-06-21 17:25:09,sashakots,62489,https://t.me/sashakots/62489,False,none,none,neu,,48971,62
2026-06-21 17:25:09,sashakots,62488,https://t.me/sashakots/62488,True,frontline,other,neg,Medic Mikhail Torgashev posthumously awarded Hero of Russia for shielding wounded soldiers from FPV drone strike.,45570,63
2026-06-21 17:38:20,wargonzo,34983,https://t.me/wargonzo/34983,True,frontline,other,neu,Arbat reconnaissance unit from 8th brigade operates on Kramatorsk direction developing compact drones called Baba-Yaga-mini.,45475,18
2026-06-21 17:48:27,dva_majors,94928,https://t.me/dva_majors/94928,True,ukraine_strikes_on_russia,drones_on_regions,neu,Russian air defense intercepts and destroys 168 Ukrainian drones over multiple Russian regions between 7:00 and 20:00 MSK.,160035,49
2026-06-21 17:48:41,sashakots,62491,https://t.me/sashakots/62491,False,none,none,neu,,45939,39
2026-06-21 18:06:18,rusich_army,30048,https://t.me/rusich_army/30048,True,criticism,army_command,neg,"Russian military should systematically strike Ukrainian fuel depots, ports, and energy infrastructure in response to Crimea attacks.",215021,582
2026-06-21 18:14:32,rybar,81243,https://t.me/rybar/81243,False,none,none,neu,,207822,50
2026-06-21 18:14:32,rybar,81242,https://t.me/rybar/81242,True,west_nato,negotiations,neu,Four-way talks begin in Switzerland between US and Iran mediated by Qatar and Pakistan over Lebanon ceasefire.,202593,50
2026-06-21 18:14:33,rybar,81245,https://t.me/rybar/81245,False,none,none,neu,,216403,50
2026-06-21 18:14:33,rybar,81244,https://t.me/rybar/81244,False,none,none,neu,,221017,50
2026-06-21 18:14:57,ngp_razvedka,25647,https://t.me/ngp_razvedka/25647,False,none,none,neu,,19151,9
2026-06-21 18:31:56,dva_majors,94930,https://t.me/dva_majors/94930,False,none,none,neu,,162340,132
2026-06-21 18:31:56,dva_majors,94929,https://t.me/dva_majors/94929,True,strikes_on_ukraine,deep_strikes,pos,Missile strike hit Odesa port with significant fire damage.,167543,132
2026-06-21 18:34:46,dva_majors,94931,https://t.me/dva_majors/94931,True,west_nato,alliance_politics,neg,Zelenskyy threatens to strike Belarusian retransmitters for Russian drones if Lukashenko doesn't remove them within week.,169067,423
2026-06-21 18:38:53,vysokygovorit,23169,https://t.me/vysokygovorit/23169,True,criticism,army_command,neg,"Russia should systematically strike Ukrainian fuel bases, ports and energy infrastructure instead of reactive responses.",111924,331
2026-06-21 19:19:55,dva_majors,94932,https://t.me/dva_majors/94932,True,west_nato,alliance_politics,neu,Belarusian Defense Minister reaffirms strategy of non-involvement in conflict while ensuring citizen security.,296160,786
2026-06-21 19:57:59,rybar,81246,https://t.me/rybar/81246,False,none,none,neu,,204115,18
2026-06-21 20:07:49,vysokygovorit,23170,https://t.me/vysokygovorit/23170,True,west_nato,negotiations,neg,"Trump adopts Zelenskyy's diplomatic tactics, fails to intimidate Iran with threats.",110438,116
2026-06-21 20:14:52,rybar,81249,https://t.me/rybar/81249,False,none,none,neu,,220302,85
2026-06-21 20:14:52,rybar,81248,https://t.me/rybar/81248,False,none,none,neu,,221678,83
2026-06-21 20:14:52,rybar,81247,https://t.me/rybar/81247,True,strikes_on_ukraine,deep_strikes,pos,Russian forces strike Ukrainian infrastructure across multiple western regions and Crimea.,197262,86
2026-06-21 20:15:41,ngp_razvedka,25648,https://t.me/ngp_razvedka/25648,True,criticism,government,neg,Ukrainian-funded experts allegedly propose ceasefire due to Ukrainian drone strength.,21901,95
2026-06-21 20:20:01,rybar,81250,https://t.me/rybar/81250,True,ukraine_strikes_on_russia,crimea_energy,neg,Ukraine conducts massive attacks on Crimea logistics; Britain develops 480km missiles for Kyiv.,217921,39
2026-06-21 20:26:20,ngp_razvedka,25649,https://t.me/ngp_razvedka/25649,False,none,none,neu,,23311,44
2026-06-21 20:40:02,Sladkov_plus,15678,https://t.me/Sladkov_plus/15678,True,frontline,other,pos,Russian forces assault eastern Konstantinovka with artillery superiority; Ukrainian forces plan retreat.,108118,67
2026-06-21 21:48:03,ngp_razvedka,25650,https://t.me/ngp_razvedka/25650,False,none,none,neu,,21858,2
2026-06-22 00:31:29,dva_majors,94933,https://t.me/dva_majors/94933,False,none,none,neu,,156031,27
2026-06-22 00:32:25,dva_majors,94934,https://t.me/dva_majors/94934,False,none,none,neu,,0,0
2026-06-22 00:53:40,ngp_razvedka,25651,https://t.me/ngp_razvedka/25651,True,ukraine_strikes_on_russia,drones_on_regions,neg,Ukraine attempted drone attacks on Moscow on June 22 morning.,20447,46
2026-06-22 01:02:29,dva_majors,94935,https://t.me/dva_majors/94935,False,none,none,neu,,141336,168
2026-06-22 03:06:16,dva_majors,94936,https://t.me/dva_majors/94936,True,ukraine_strikes_on_russia,drones_on_regions,neg,Crimea official confirms attack aftermath; measures being taken.,134153,231
2026-06-22 03:41:01,dva_majors,94937,https://t.me/dva_majors/94937,True,strikes_on_ukraine,other,pos,Russia struck Ukrainian infrastructure; 59 drones intercepted near Moscow overnight.,407181,485
2026-06-22 04:35:52,dva_majors,94938,https://t.me/dva_majors/94938,True,strikes_on_ukraine,deep_strikes,pos,Russian drone strike hit agricultural facility in Odesa region causing major fire.,121160,103
2026-06-22 04:40:01,dva_majors,94939,https://t.me/dva_majors/94939,True,strikes_on_ukraine,other,pos,Russian drone hit Turkish-flagged cargo ship VICTRESS near Odesa corridor.,120230,185
2026-06-22 04:54:06,dva_majors,94940,https://t.me/dva_majors/94940,True,ukraine_strikes_on_russia,drones_on_regions,pos,Russia destroyed 301 Ukrainian drones over multiple regions during night.,120931,81
2026-06-22 04:59:52,rybar,81251,https://t.me/rybar/81251,True,frontline,kupyansk,pos,Russian forces expand control through small group operations in Sumy-Kharkiv border area.,214325,97
2026-06-22 05:02:40,rusich_army,30049,https://t.me/rusich_army/30049,False,none,none,neu,,90596,17
2026-06-22 05:08:02,wargonzo,34986,https://t.me/wargonzo/34986,False,none,none,neu,,43950,60
2026-06-22 05:08:02,wargonzo,34985,https://t.me/wargonzo/34985,True,frontline,hulyaipole,pos,Russian forces advance on Zaporizhzhia front; gains in multiple directions reported.,48797,59
2026-06-22 05:08:03,wargonzo,34991,https://t.me/wargonzo/34991,False,none,none,neu,,48985,63
2026-06-22 05:08:03,wargonzo,34990,https://t.me/wargonzo/34990,False,none,none,neu,,52271,59
2026-06-22 05:08:03,wargonzo,34989,https://t.me/wargonzo/34989,False,none,none,neu,,49699,59
2026-06-22 05:08:03,wargonzo,34988,https://t.me/wargonzo/34988,False,none,none,neu,,46258,59
2026-06-22 05:08:03,wargonzo,34987,https://t.me/wargonzo/34987,False,none,none,neu,,46203,59
2026-06-22 05:35:06,rybar,81252,https://t.me/rybar/81252,True,strikes_on_ukraine,other,pos,Russia struck Ukrainian targets; 59 drones intercepted near Moscow overnight.,188313,84
2026-06-22 05:38:38,vysokygovorit,23171,https://t.me/vysokygovorit/23171,False,none,none,neu,,154134,61
2026-06-22 05:43:12,sashakots,62492,https://t.me/sashakots/62492,True,west_nato,alliance_politics,neu,Reports of potential UK PM Starmer resignation and Trump threats circulate.,43361,19
2026-06-22 05:52:06,dva_majors,94941,https://t.me/dva_majors/94941,True,ukraine_strikes_on_russia,drones_on_regions,neg,Moscow air defense shot down two drones targeting capital; continuous Ukrainian attacks.,117969,102
2026-06-22 05:55:02,sashakots,62493,https://t.me/sashakots/62493,True,frontline,other,pos,Russian Rubicon electronic warfare unit disrupts Ukrainian drone operations.,101941,379
2026-06-22 05:56:03,dva_majors,94942,https://t.me/dva_majors/94942,True,ukraine_strikes_on_russia,drones_on_regions,pos,Moscow air defense destroyed two more Ukrainian drones.,109354,18
2026-06-22 05:59:58,dva_majors,94943,https://t.me/dva_majors/94943,True,criticism,government,neg,Russian blogger criticizes weak response; advocates symmetric strikes on Ukrainian shipping.,92413,114
2026-06-22 06:01:08,dva_majors,94944,https://t.me/dva_majors/94944,True,ukraine_strikes_on_russia,drones_on_regions,pos,Moscow air defense destroyed four more Ukrainian drones.,105196,14
2026-06-22 06:09:58,dva_majors,94946,https://t.me/dva_majors/94946,False,none,none,neu,,107024,25
2026-06-22 06:09:58,dva_majors,94945,https://t.me/dva_majors/94945,False,none,none,neu,,113585,25
2026-06-22 06:31:35,rusich_army,30051,https://t.me/rusich_army/30051,False,none,none,neu,,121567,32
2026-06-22 06:45:15,rusich_army,30052,https://t.me/rusich_army/30052,False,none,none,neu,,115254,15
2026-06-22 06:57:55,sashakots,62494,https://t.me/sashakots/62494,False,none,none,neu,,32171,17
2026-06-22 06:59:58,dva_majors,94947,https://t.me/dva_majors/94947,False,none,none,neu,,104393,11
2026-06-22 07:00:00,vysokygovorit,23172,https://t.me/vysokygovorit/23172,False,none,none,neu,,103606,54
2026-06-22 07:03:31,rusich_army,30053,https://t.me/rusich_army/30053,True,ukraine_strikes_on_russia,drones_on_regions,neg,Ukraine launched 301+ drones at Russia; 469 total intercepted in 24 hours.,185107,120
2026-06-22 07:12:01,wargonzo,34992,https://t.me/wargonzo/34992,True,strikes_on_ukraine,deep_strikes,pos,Russian Geran drones destroyed Novapost logistics center storing Ukrainian weapons near Kharkiv.,54595,33
2026-06-22 07:34:00,dva_majors,94948,https://t.me/dva_majors/94948,True,criticism,other,neg,"Russian bloggers spread misinformation about Ukrainian military marketplace, prioritizing speed over factchecking.",105485,291
2026-06-22 07:45:18,sashakots,62495,https://t.me/sashakots/62495,True,frontline,other,pos,"Russian forces advance in Konstantinovka from multiple directions, controlling key city areas and chemical plant.",37063,45
2026-06-22 07:52:19,epoddubny,27860,https://t.me/epoddubny/27860,True,frontline,other,pos,"Russian assault groups advance in Red Liman, controlling 53 buildings daily through coordinated small-unit tactics.",165279,83
2026-06-22 08:03:29,dva_majors,94949,https://t.me/dva_majors/94949,False,none,none,neu,,103280,33
2026-06-22 08:04:21,rybar,81253,https://t.me/rybar/81253,True,ukraine_strikes_on_russia,other,neg,Ukraine maintains fuel supply through imports and decentralized mini-refineries despite Russian strikes on infrastructure.,215310,331
2026-06-22 08:26:48,dva_majors,94950,https://t.me/dva_majors/94950,True,russia_internal,security_cases,neu,Sevastopol restricts motorcycles at night and during air alerts for resident safety and civil service operations.,107043,93
2026-06-22 08:28:03,Sladkov_plus,15679,https://t.me/Sladkov_plus/15679,True,russia_internal,ideology_society,neg,Russian commentator proposes organizing uncontrolled youth motorcyclists into military service with honest approach.,92125,127
2026-06-22 08:29:40,dva_majors,94951,https://t.me/dva_majors/94951,True,russia_internal,security_cases,neu,Crimea suspends children's resort bookings until September 2026 for public safety during military situation.,109834,525
2026-06-22 08:30:26,sashakots,62496,https://t.me/sashakots/62496,True,frontline,other,pos,"Russian forces advance in Red Liman, capturing 53 buildings daily through coordinated assault tactics.",28151,10
2026-06-22 08:35:42,wargonzo,34993,https://t.me/wargonzo/34993,False,none,none,neu,,39154,6
2026-06-22 08:36:21,dva_majors,94952,https://t.me/dva_majors/94952,True,criticism,regional,neg,Critic defends Crimea children's resort closure decision as necessary wartime safety measure against critics.,109419,208
2026-06-22 08:39:49,dva_majors,94953,https://t.me/dva_majors/94953,True,russia_internal,security_cases,neu,Commentator supports Crimea vacation restrictions due to Ukrainian drone attack on Belarus bus in Bryansk.,100022,287
2026-06-22 08:46:07,sashakots,62497,https://t.me/sashakots/62497,False,none,none,neu,,37626,7
2026-06-22 08:46:25,dva_majors,94954,https://t.me/dva_majors/94954,True,west_nato,military_aid,neg,Ukraine resumes fertilizer exports by sea; commentator warns Western military aid enables terrorist attacks on Russia.,221349,377
2026-06-22 09:01:01,rusich_army,30054,https://t.me/rusich_army/30054,True,ukraine_strikes_on_russia,other,pos,"Russia increases strikes on merchant ships in western Black Sea, targeting Ukraine's port revenue and insurance costs.",99978,54
2026-06-22 09:09:11,dva_majors,94955,https://t.me/dva_majors/94955,True,strikes_on_ukraine,other,neu,Reports of rocket strikes on Voronezh; awaiting official comments from authorities.,125745,273
2026-06-22 09:15:58,wargonzo,34994,https://t.me/wargonzo/34994,True,west_nato,alliance_politics,neg,British PM Keir Starmer resigns after political crisis; maintained hardline Russia policy and Ukraine military support.,41224,20
2026-06-22 09:17:23,epoddubny,27861,https://t.me/epoddubny/27861,True,russia_internal,ideology_society,pos,Commentary on June 22 WWII anniversary connecting Soviet legacy to modern Russian military's defense mission.,62169,21
2026-06-22 09:20:12,dva_majors,94956,https://t.me/dva_majors/94956,True,west_nato,military_aid,neg,British PM Starmer resigns after approving £2.26B weapons package for Ukraine; replacements will continue military aid.,127374,121
2026-06-22 09:27:01,rybar,81254,https://t.me/rybar/81254,True,west_nato,rearmament,neg,Nordic-Baltic research alliance RTO4DEF formed to accelerate dual-use technology development for total defense.,212495,94
2026-06-22 09:33:03,sashakots,62499,https://t.me/sashakots/62499,True,west_nato,alliance_politics,neg,Fourth British PM since 2022 resigns; all had met Zelensky; pattern suggests handshake curse on British leaders.,34332,77
2026-06-22 09:42:54,dva_majors,94957,https://t.me/dva_majors/94957,True,strikes_on_ukraine,other,neu,"Ukrainian missiles strike Voronezh; three wounded, industrial facility and residential buildings damaged.",124028,300
2026-06-22 09:46:45,dva_majors,94958,https://t.me/dva_majors/94958,True,criticism,government,neg,"Critic questions governor's account of casualties, suggests air defense caused damage rather than admitted Ukrainian strikes.",129809,403
2026-06-22 09:48:38,wargonzo,34995,https://t.me/wargonzo/34995,True,strikes_on_ukraine,other,neu,"Ukraine attacks Voronezh with Storm Shadow missiles; industrial and residential damage reported, three casualties.",44198,140
2026-06-22 09:48:39,wargonzo,34996,https://t.me/wargonzo/34996,False,none,none,neu,,42510,128
2026-06-22 09:53:35,dva_majors,94959,https://t.me/dva_majors/94959,True,criticism,government,neg,"Ministry claims 734 drones shot down daily, but governors report actual damage from unstopped missile strikes.",128806,348
2026-06-22 10:04:11,epoddubny,27862,https://t.me/epoddubny/27862,True,frontline,other,pos,Russian Rubicon unit eliminates Ukrainian drones and disables enemy air capabilities.,36151,45
2026-06-22 10:11:20,vysokygovorit,23173,https://t.me/vysokygovorit/23173,True,frontline,other,pos,"Russian 25th Army continues urban assault in Red Liman, capturing 53 buildings daily.",89032,30
2026-06-22 10:12:16,epoddubny,27863,https://t.me/epoddubny/27863,True,strikes_on_ukraine,deep_strikes,pos,Russian forces strike Pavlohrad military-industrial complex producing ammunition for Ukraine.,41459,64
2026-06-22 10:30:23,sashakots,62501,https://t.me/sashakots/62501,False,none,none,neu,,34219,32
2026-06-22 10:30:23,sashakots,62500,https://t.me/sashakots/62500,True,frontline,other,pos,Russian forces disrupt Ukrainian logistics in Konstantynivka using drone reconnaissance and FPV strikes.,33580,32
2026-06-22 10:34:58,wargonzo,34997,https://t.me/wargonzo/34997,False,none,none,neu,,42802,20
2026-06-22 10:57:01,epoddubny,27864,https://t.me/epoddubny/27864,True,strikes_on_ukraine,fuel_infrastructure,pos,Russian forces destroy fuel storage facility at Kantseroyka base used by Ukraine.,72487,122
2026-06-22 11:03:42,rusich_army,30055,https://t.me/rusich_army/30055,False,none,none,neu,,229139,383
2026-06-22 11:09:49,rybar,81255,https://t.me/rybar/81255,True,russia_internal,economy,neg,Analysis warns against clandestine mini-refineries; warns large-scale refineries necessary for quality control and economics.,212290,95
2026-06-22 11:15:50,sashakots,62502,https://t.me/sashakots/62502,True,strikes_on_ukraine,deep_strikes,pos,"Russian drones damage General Chereshnya drone factory in Zaporizhzhia, disrupting FPV production.",58391,134
2026-06-22 11:30:42,sashakots,62503,https://t.me/sashakots/62503,False,none,none,neu,,34199,16
2026-06-22 11:33:13,dva_majors,94960,https://t.me/dva_majors/94960,False,none,none,neu,,125893,24
2026-06-22 11:37:01,epoddubny,27873,https://t.me/epoddubny/27873,False,none,none,neu,,41013,11
2026-06-22 11:37:01,epoddubny,27872,https://t.me/epoddubny/27872,False,none,none,neu,,48022,11
2026-06-22 11:37:01,epoddubny,27871,https://t.me/epoddubny/27871,False,none,none,neu,,50056,11
2026-06-22 11:37:01,epoddubny,27870,https://t.me/epoddubny/27870,False,none,none,neu,,38766,11
2026-06-22 11:37:01,epoddubny,27869,https://t.me/epoddubny/27869,False,none,none,neu,,44629,11
2026-06-22 11:37:01,epoddubny,27868,https://t.me/epoddubny/27868,False,none,none,neu,,42474,11
2026-06-22 11:37:01,epoddubny,27867,https://t.me/epoddubny/27867,False,none,none,neu,,43096,11
2026-06-22 11:37:01,epoddubny,27866,https://t.me/epoddubny/27866,False,none,none,neu,,39112,11
2026-06-22 11:37:01,epoddubny,27865,https://t.me/epoddubny/27865,False,none,none,neu,,37293,11
2026-06-22 11:40:20,Sladkov_plus,15680,https://t.me/Sladkov_plus/15680,False,none,none,neu,,82338,30
2026-06-22 11:43:18,dva_majors,94961,https://t.me/dva_majors/94961,True,ukraine_strikes_on_russia,drones_on_regions,neg,"Ukrainian drones attack Voronezh industrial facility, causing casualties and damage.",122482,245
2026-06-22 12:01:04,dva_majors,94962,https://t.me/dva_majors/94962,True,ukraine_strikes_on_russia,drones_on_regions,neu,Ukrainian drones attack Dubna space communications center; operations reportedly uninterrupted.,124559,852
2026-06-22 12:05:30,sashakots,62504,https://t.me/sashakots/62504,True,frontline,other,pos,Rubicon FPV drone operators intercept Ukrainian threats; young IT specialists serve in technical units.,34224,56
2026-06-22 12:10:15,dva_majors,94963,https://t.me/dva_majors/94963,False,none,none,neu,,113159,223
2026-06-22 12:11:01,epoddubny,27875,https://t.me/epoddubny/27875,False,none,none,neu,,48746,28
2026-06-22 12:11:01,epoddubny,27874,https://t.me/epoddubny/27874,True,frontline,other,pos,"Russian 3rd Army Corps captures 103 buildings in Konstantynivka using coordinated drone, artillery support.",45421,28
2026-06-22 12:20:09,Sladkov_plus,15681,https://t.me/Sladkov_plus/15681,False,none,none,neu,,91919,91
2026-06-22 12:30:21,rusich_army,30057,https://t.me/rusich_army/30057,True,russia_internal,other,pos,"Civilians from Konstantynivka escape via dangerous route to Russia, risking drone and mortar attacks.",1104484,1869
2026-06-22 12:31:01,wargonzo,34998,https://t.me/wargonzo/34998,True,strikes_on_ukraine,deep_strikes,pos,"Russian forces strike General Chereshnya factory producing 50,000 drones monthly for Ukraine.",43848,89
2026-06-22 12:34:02,dva_majors,94964,https://t.me/dva_majors/94964,False,none,none,neu,,115520,15
2026-06-22 12:46:10,sashakots,62505,https://t.me/sashakots/62505,True,ukraine_strikes_on_russia,drones_on_regions,neu,Ukrainian drones attack Dubna space communications center near Moscow; no casualties reported.,57591,601
2026-06-22 12:57:00,rybar,81256,https://t.me/rybar/81256,True,russia_internal,other,neu,"Earthquake strikes Crimea with magnitude 4.4; reportedly natural seismic activity, not weapons-related.",218710,175
2026-06-22 13:04:56,dva_majors,94965,https://t.me/dva_majors/94965,True,strikes_on_ukraine,deep_strikes,pos,"Russian FAB bomb directly hits Ukrainian fortified position in Orekhoye, destroying defensive structure.",114413,59
2026-06-22 13:05:07,wargonzo,34999,https://t.me/wargonzo/34999,False,none,none,neu,,40488,18
2026-06-22 13:09:49,ngp_razvedka,25652,https://t.me/ngp_razvedka/25652,True,ukraine_strikes_on_russia,other,neg,Russia vulnerable to Western strikes due to critical infrastructure near western borders relocated decades ago.,19292,69
2026-06-22 13:16:36,dva_majors,94966,https://t.me/dva_majors/94966,True,strikes_on_ukraine,fuel_infrastructure,pos,Russian Geran drones hit fuel storage at Kantsеrovka oil base used by Ukrainian forces.,108809,108
2026-06-22 13:30:27,vysokygovorit,23174,https://t.me/vysokygovorit/23174,True,russia_internal,other,pos,Family from Konstantinovka evacuates through dangerous route to Russia risking mines and shelling.,82361,101
2026-06-22 13:30:53,sashakots,62511,https://t.me/sashakots/62511,False,none,none,neu,,31931,16
2026-06-22 13:30:53,sashakots,62510,https://t.me/sashakots/62510,False,none,none,neu,,35706,16
2026-06-22 13:30:53,sashakots,62509,https://t.me/sashakots/62509,False,none,none,neu,,35057,16
2026-06-22 13:30:53,sashakots,62508,https://t.me/sashakots/62508,False,none,none,neu,,32613,16
2026-06-22 13:30:53,sashakots,62507,https://t.me/sashakots/62507,False,none,none,neu,,31620,16
2026-06-22 13:30:53,sashakots,62506,https://t.me/sashakots/62506,False,none,none,neu,,31460,16
2026-06-22 13:30:54,sashakots,62514,https://t.me/sashakots/62514,False,none,none,neu,,32680,16
2026-06-22 13:30:54,sashakots,62513,https://t.me/sashakots/62513,False,none,none,neu,,36645,16
2026-06-22 13:30:54,sashakots,62512,https://t.me/sashakots/62512,False,none,none,neu,,38589,16
2026-06-22 13:34:02,dva_majors,94967,https://t.me/dva_majors/94967,True,frontline,other,pos,Russian 33rd Guard motorized rifle regiment drone operators intercept and destroy armed enemy UAV.,111880,28
2026-06-22 13:46:49,epoddubny,27876,https://t.me/epoddubny/27876,False,none,none,neu,,46844,3
2026-06-22 14:01:50,sashakots,62516,https://t.me/sashakots/62516,False,none,none,neu,,33106,28
2026-06-22 14:01:50,sashakots,62515,https://t.me/sashakots/62515,True,frontline,other,pos,"Russian forces capture 103 buildings in Konstantinovka, killing 85 enemy troops and destroying vehicles.",32119,28
2026-06-22 14:02:21,rybar,81257,https://t.me/rybar/81257,True,russia_internal,other,pos,Family from Konstantinovka evacuates through dangerous route to Russia risking mines and shelling.,192145,140
2026-06-22 14:05:40,dva_majors,94968,https://t.me/dva_majors/94968,False,none,none,neu,,105336,106
2026-06-22 14:05:55,dva_majors,94971,https://t.me/dva_majors/94971,False,none,none,neu,,106876,49
2026-06-22 14:05:55,dva_majors,94970,https://t.me/dva_majors/94970,False,none,none,neu,,112721,51
2026-06-22 14:05:55,dva_majors,94969,https://t.me/dva_majors/94969,False,none,none,neu,,103900,50
2026-06-22 14:06:46,wargonzo,35004,https://t.me/wargonzo/35004,False,none,none,neu,,47246,411
2026-06-22 14:06:46,wargonzo,35003,https://t.me/wargonzo/35003,False,none,none,neu,,49433,411
2026-06-22 14:06:46,wargonzo,35002,https://t.me/wargonzo/35002,False,none,none,neu,,45769,412
2026-06-22 14:06:46,wargonzo,35001,https://t.me/wargonzo/35001,False,none,none,neu,,45877,411
2026-06-22 14:06:46,wargonzo,35000,https://t.me/wargonzo/35000,True,ukraine_strikes_on_russia,drones_on_regions,neg,"Heavy quadcopters drop NATO-type ammunition in Donetsk; one downed, two found on rooftop.",43425,414
2026-06-22 14:10:59,ngp_razvedka,25653,https://t.me/ngp_razvedka/25653,False,none,none,neu,,18665,23
2026-06-22 14:15:26,rusich_army,30058,https://t.me/rusich_army/30058,True,west_nato,rearmament,neg,"Taiwan establishing drone battalion using American Anduril systems 45km from island, near China.",101464,29
2026-06-22 15:00:43,dva_majors,94972,https://t.me/dva_majors/94972,False,none,none,neu,,109291,332
2026-06-22 15:10:43,rybar,81258,https://t.me/rybar/81258,True,frontline,other,pos,"Russian forces advance in Konstantinovka, capturing hospital complex and Gruzkaya balka area.",213994,128
2026-06-22 15:15:03,epoddubny,27877,https://t.me/epoddubny/27877,True,frontline,other,pos,Russian forces destroy Ukrainian Hornet drone targeting truck convoy near Chongar in Crimea.,52962,190
2026-06-22 15:15:27,wargonzo,35005,https://t.me/wargonzo/35005,False,none,none,neu,,39075,6
2026-06-22 15:30:31,sashakots,62526,https://t.me/sashakots/62526,False,none,none,neu,,34815,14
2026-06-22 15:34:46,dva_majors,94980,https://t.me/dva_majors/94980,False,none,none,neu,,104502,78
2026-06-22 15:34:46,dva_majors,94979,https://t.me/dva_majors/94979,False,none,none,neu,,112937,77
2026-06-22 15:34:46,dva_majors,94978,https://t.me/dva_majors/94978,False,none,none,neu,,115848,75
2026-06-22 15:34:46,dva_majors,94977,https://t.me/dva_majors/94977,False,none,none,neu,,104511,77
2026-06-22 15:34:46,dva_majors,94976,https://t.me/dva_majors/94976,False,none,none,neu,,109792,76
2026-06-22 15:34:46,dva_majors,94975,https://t.me/dva_majors/94975,False,none,none,neu,,101496,80
2026-06-22 15:34:46,dva_majors,94974,https://t.me/dva_majors/94974,False,none,none,neu,,104556,86
2026-06-22 15:34:46,dva_majors,94973,https://t.me/dva_majors/94973,False,none,none,neu,,101524,80
2026-06-22 15:35:12,dva_majors,94981,https://t.me/dva_majors/94981,False,none,none,neu,,108382,16
2026-06-22 15:45:10,rusich_army,30059,https://t.me/rusich_army/30059,True,west_nato,military_aid,neg,"Ukraine resumes fertilizer exports by sea, earning currency for government budgets used to harm Russia.",92961,107
2026-06-22 15:59:01,epoddubny,27878,https://t.me/epoddubny/27878,True,strikes_on_ukraine,deep_strikes,pos,Russian FAB strikes destroy Ukrainian BPLA control point near Annovka and position near Donetsk.,53794,47
2026-06-22 15:59:59,sashakots,62527,https://t.me/sashakots/62527,False,none,none,neu,,32569,1
2026-06-22 16:01:01,wargonzo,35006,https://t.me/wargonzo/35006,False,none,none,neu,,37686,29
2026-06-22 16:02:45,dva_majors,94982,https://t.me/dva_majors/94982,False,none,none,neu,,170113,56
2026-06-22 16:05:27,rusich_army,30060,https://t.me/rusich_army/30060,False,none,none,neu,,98801,9
2026-06-22 16:20:51,sashakots,62528,https://t.me/sashakots/62528,False,none,none,neu,,34531,9
2026-06-22 16:25:08,dva_majors,94983,https://t.me/dva_majors/94983,True,ukraine_strikes_on_russia,drones_on_regions,neg,"Drone strike on Voronezh kills five, damages industrial plant and residential buildings.",121821,441
2026-06-22 16:25:18,rybar,81259,https://t.me/rybar/81259,True,russia_internal,security_cases,neg,"Russian blogger warns citizens against filming drone strikes, saying Ukraine uses footage as intelligence.",256835,411
2026-06-22 16:25:23,dva_majors,94984,https://t.me/dva_majors/94984,False,none,none,neu,,0,0
2026-06-22 16:26:37,ngp_razvedka,25654,https://t.me/ngp_razvedka/25654,False,none,none,neu,,18738,8
2026-06-22 16:35:12,dva_majors,94985,https://t.me/dva_majors/94985,True,frontline,other,pos,26th Motor Rifle Regiment destroys Ukrainian drone control point via aerial reconnaissance.,113369,53
2026-06-22 16:59:01,sashakots,62533,https://t.me/sashakots/62533,False,none,none,neu,,41321,66
2026-06-22 16:59:01,sashakots,62532,https://t.me/sashakots/62532,False,none,none,neu,,44003,66
2026-06-22 16:59:01,sashakots,62531,https://t.me/sashakots/62531,False,none,none,neu,,39036,66
2026-06-22 16:59:01,sashakots,62530,https://t.me/sashakots/62530,False,none,none,neu,,37968,66
2026-06-22 16:59:01,sashakots,62529,https://t.me/sashakots/62529,False,none,none,neu,,33198,67
2026-06-22 16:59:02,dva_majors,94986,https://t.me/dva_majors/94986,True,frontline,other,pos,RVSN drone operators film results of FAB strikes on Ukrainian fortified positions.,115466,58
2026-06-22 17:01:01,wargonzo,35007,https://t.me/wargonzo/35007,False,none,none,neu,,43322,40
2026-06-22 17:27:42,dva_majors,94987,https://t.me/dva_majors/94987,True,west_nato,negotiations,neg,"EU rejects mediation role, supports Ukraine; Russia should destroy Ukraine's economic infrastructure.",122205,130
2026-06-22 17:31:20,sashakots,62534,https://t.me/sashakots/62534,False,none,none,neu,,41862,48
2026-06-22 17:33:12,rusich_army,30062,https://t.me/rusich_army/30062,True,strikes_on_ukraine,other,pos,Russian aviation bombs Firstmaysky Island and attacks three cargo ships and oil depots.,190557,288
2026-06-22 17:41:01,rybar,81260,https://t.me/rybar/81260,True,west_nato,alliance_politics,neg,Polish president revokes Zelensky's highest state award over UPA naming dispute.,206764,47
2026-06-22 17:48:59,sashakots,62535,https://t.me/sashakots/62535,False,none,none,neu,,44502,2
2026-06-22 17:59:02,dva_majors,94991,https://t.me/dva_majors/94991,False,none,none,neu,,131886,138
2026-06-22 17:59:02,dva_majors,94990,https://t.me/dva_majors/94990,False,none,none,neu,,135616,136
2026-06-22 17:59:02,dva_majors,94989,https://t.me/dva_majors/94989,False,none,none,neu,,128350,136
2026-06-22 17:59:02,dva_majors,94988,https://t.me/dva_majors/94988,True,west_nato,rearmament,neg,"Turkey delivers HISAR-class corvette to Romania, strengthening NATO naval presence in Black Sea.",115501,140
2026-06-22 18:22:57,dva_majors,94992,https://t.me/dva_majors/94992,True,russia_internal,economy,neg,Irkutsk region introduced manual fuel management with rationing across 50+ Russian regions.,159227,890
2026-06-22 18:25:59,Sladkov_plus,15684,https://t.me/Sladkov_plus/15684,False,none,none,neu,,80349,35
2026-06-22 18:25:59,Sladkov_plus,15683,https://t.me/Sladkov_plus/15683,False,none,none,neu,,81869,39
2026-06-22 18:25:59,Sladkov_plus,15682,https://t.me/Sladkov_plus/15682,False,none,none,neu,,86177,36
2026-06-22 18:25:59,Sladkov_plus,15685,https://t.me/Sladkov_plus/15685,True,frontline,kupyansk,neu,Kharkov direction situation: Ukrainian drone production continues despite frequency jamming counter-measures.,89505,96
2026-06-22 18:55:24,ngp_razvedka,25655,https://t.me/ngp_razvedka/25655,True,russia_internal,economy,neu,"Voronezh region fuel sales limited to 30/60 liters in cities, 60/200 on highways.",19130,60
2026-06-22 18:57:52,vysokygovorit,23175,https://t.me/vysokygovorit/23175,False,none,none,neu,,97735,25
2026-06-22 19:01:01,sashakots,62536,https://t.me/sashakots/62536,True,strikes_on_ukraine,other,pos,Russian aviation strikes Kara-Dag brigade command post and personnel positions in DNR.,50927,66
2026-06-22 19:27:08,dva_majors,94993,https://t.me/dva_majors/94993,True,west_nato,negotiations,neg,"Former US VP Pence criticizes Trump-Iran deal as appeasement, lacking real results.",145979,82
2026-06-22 19:31:05,vysokygovorit,23176,https://t.me/vysokygovorit/23176,True,criticism,government,neg,Blogger criticizes Russian government for avoiding escalation response despite Western provocations.,112351,460
2026-06-22 19:51:55,rybar,81263,https://t.me/rybar/81263,False,none,none,neu,,225392,110
2026-06-22 19:51:55,rybar,81262,https://t.me/rybar/81262,False,none,none,neu,,226374,110
2026-06-22 19:51:55,rybar,81261,https://t.me/rybar/81261,True,frontline,other,neu,"Daily chronicle: Russian strikes on Ukraine infrastructure; Ukrainian drones hit Crimea, Dubna, Voronezh.",204322,108
2026-06-22 20:05:01,rybar,81264,https://t.me/rybar/81264,True,west_nato,alliance_politics,neu,UK seventh PM change in decade; Europe militarizes; Poland-Ukraine diplomatic tensions over awards.,209112,33
2026-06-22 20:52:23,Sladkov_plus,15686,https://t.me/Sladkov_plus/15686,True,frontline,pokrovsk,pos,Battle for Raya-Aleksandrovka and Yurkovka towards Slavyansk; Ukrainian defenses collapsing.,88955,48
2026-06-22 20:59:01,rybar,81265,https://t.me/rybar/81265,True,strikes_on_ukraine,fuel_infrastructure,neu,"Digest summarizes lack of fuel crisis in Ukraine, Russian targeting gaps, and frontline developments.",306845,33
2026-06-22 21:22:56,vysokygovorit,23177,https://t.me/vysokygovorit/23177,True,frontline,other,pos,Russian forces consolidate positions north of Konstantinovka using reusable FPV drones for supply delivery.,96085,98
2026-06-22 23:38:14,ngp_razvedka,25657,https://t.me/ngp_razvedka/25657,True,criticism,government,neg,"Critic frustrated by civilians misunderstanding that enemy fuel strikes target military supplies, not civilian economy.",21834,56
2026-06-23 01:39:52,ngp_razvedka,25658,https://t.me/ngp_razvedka/25658,True,criticism,army_command,neg,Blogger predicts harsh Russian military actions will occur but warns of severe unintended consequences.,76690,79
2026-06-23 03:39:57,dva_majors,94994,https://t.me/dva_majors/94994,False,none,none,neu,,134179,67
2026-06-23 03:40:34,dva_majors,94995,https://t.me/dva_majors/94995,True,ukraine_strikes_on_russia,drones_on_regions,neg,Ukraine drones attacked Russian regions; 141 enemy drones intercepted; 5 killed in Voronezh.,378732,488
2026-06-23 05:03:04,rusich_army,30063,https://t.me/rusich_army/30063,False,none,none,neu,,112457,26
2026-06-23 05:08:01,wargonzo,35014,https://t.me/wargonzo/35014,False,none,none,neu,,45964,61
2026-06-23 05:08:01,wargonzo,35013,https://t.me/wargonzo/35013,False,none,none,neu,,47782,56
2026-06-23 05:08:01,wargonzo,35012,https://t.me/wargonzo/35012,False,none,none,neu,,44856,56
2026-06-23 05:08:01,wargonzo,35011,https://t.me/wargonzo/35011,False,none,none,neu,,41219,56
2026-06-23 05:08:01,wargonzo,35010,https://t.me/wargonzo/35010,False,none,none,neu,,42607,56
2026-06-23 05:08:01,wargonzo,35009,https://t.me/wargonzo/35009,False,none,none,neu,,41522,58
2026-06-23 05:08:01,wargonzo,35008,https://t.me/wargonzo/35008,True,frontline,hulyaipole,pos,Russian forces advancing in Zaporizhzhia and Donets regions; battles ongoing in multiple locations.,45471,57
2026-06-23 05:16:33,sashakots,62539,https://t.me/sashakots/62539,False,none,none,neu,,91928,118
2026-06-23 05:16:33,sashakots,62538,https://t.me/sashakots/62538,False,none,none,neu,,93334,118
2026-06-23 05:16:33,sashakots,62537,https://t.me/sashakots/62537,True,ukraine_strikes_on_russia,drones_on_regions,neg,Ukrainian drone and troops attack civilian family in village; grandmother shelters children until Russian army arrival.,80795,120
2026-06-23 05:41:45,rybar,81266,https://t.me/rybar/81266,True,west_nato,other,pos,Trump's Cuba threats are bluster; insufficient US military forces in region for serious intervention.,195781,47
2026-06-23 05:57:24,rybar,81268,https://t.me/rybar/81268,True,ukraine_strikes_on_russia,drones_on_regions,neg,Ukraine drones attacked Russian regions; 141 drones intercepted; 5 killed in Voronezh; children activities suspended.,171244,80
2026-06-23 06:05:01,dva_majors,94996,https://t.me/dva_majors/94996,False,none,none,neu,,102101,1
2026-06-23 06:30:56,dva_majors,94997,https://t.me/dva_majors/94997,True,russia_internal,other,neg,Warning against video recording military positions; civilian footage directly aids enemy intelligence operations.,128749,206
2026-06-23 06:31:11,rusich_army,30065,https://t.me/rusich_army/30065,False,none,none,neu,,98794,16
2026-06-23 06:54:12,dva_majors,94998,https://t.me/dva_majors/94998,True,russia_internal,security_cases,pos,Two Russian women prevented from delivering bombs to security buildings on Ukrainian intelligence orders.,105631,186
2026-06-23 06:59:58,dva_majors,94999,https://t.me/dva_majors/94999,False,none,none,neu,,108136,3
2026-06-23 07:04:21,rusich_army,30066,https://t.me/rusich_army/30066,True,ukraine_strikes_on_russia,crimea_energy,neg,Ukrainian drones attacked Crimean oil refineries and Russian energy infrastructure; Russia needs more interceptor drones.,99359,65
2026-06-23 07:04:34,sashakots,62540,https://t.me/sashakots/62540,True,west_nato,negotiations,neu,Trump's Iran deal angered Israel; Netanyahu overestimated strategic leverage and squandered opportunities.,54224,20
2026-06-23 07:04:44,rybar,81271,https://t.me/rybar/81271,False,none,none,neu,,211124,293
2026-06-23 07:04:44,rybar,81270,https://t.me/rybar/81270,False,none,none,neu,,212935,294
2026-06-23 07:04:44,rybar,81269,https://t.me/rybar/81269,True,strikes_on_ukraine,other,neu,Russian forces repeatedly attacked Zatonka bridge since 2022; structure remains standing despite multiple strikes.,196318,294
2026-06-23 07:09:51,epoddubny,27879,https://t.me/epoddubny/27879,True,russia_internal,other,neu,Russia and Ukraine planning imminent prisoner exchange; 185 Russian soldiers returned June 5.,48655,39
2026-06-23 07:15:08,wargonzo,35015,https://t.me/wargonzo/35015,False,none,none,neu,,34617,7
2026-06-23 07:34:27,dva_majors,95000,https://t.me/dva_majors/95000,False,none,none,neu,,111761,436
2026-06-23 08:03:00,rybar,81272,https://t.me/rybar/81272,True,west_nato,other,neu,Trump ordered US transition to post-quantum cryptography by 2030-2031 and quantum computer development.,203548,392
2026-06-23 08:03:33,dva_majors,95001,https://t.me/dva_majors/95001,True,ukraine_strikes_on_russia,drones_on_regions,neg,Ukrainian drones wounded five civilians including child in Kherson region; infrastructure damaged across settlements.,122404,33
2026-06-23 08:13:32,dva_majors,95002,https://t.me/dva_majors/95002,True,west_nato,other,neg,"Politico refused to publish Lavrov's article on Ukrainian crisis and European security, Russian MFA claims censorship.",114459,103
2026-06-23 08:26:47,dva_majors,95003,https://t.me/dva_majors/95003,True,west_nato,alliance_politics,neg,Lavrov warns West attempting to draw Belarus into Ukraine conflict; Russia will activate security measures if needed.,109726,156
2026-06-23 08:28:01,rybar,81273,https://t.me/rybar/81273,True,west_nato,rearmament,neu,French Thales Corporation partners with Armenian defense firm Bootech; part of broader Western integration of Armenia.,190774,47
2026-06-23 08:28:14,vysokygovorit,23178,https://t.me/vysokygovorit/23178,True,criticism,government,neg,Blogger criticizes Politico's censorship of Lavrov; condemns Western war support and calls for military response.,120388,266
2026-06-23 08:31:40,wargonzo,35016,https://t.me/wargonzo/35016,True,ukraine_strikes_on_russia,drones_on_regions,neg,"Ukrainian drone struck bus with Belarusian children in Bryansk; woman killed, eight children wounded; officials identified.",33531,54
2026-06-23 09:08:45,rusich_army,30067,https://t.me/rusich_army/30067,True,frontline,other,neg,Enemy drone activity over Crimea and Kinburn threatens Russian logistics and indicates realistic amphibious landing scenario.,216729,544
2026-06-23 09:19:20,dva_majors,95004,https://t.me/dva_majors/95004,True,ukraine_strikes_on_russia,drones_on_regions,neg,Ukrainian strikes kill civilian in Energodar and injure child and elderly person across Zaporizhzhia region.,111140,64
2026-06-23 09:24:38,Sladkov_plus,15687,https://t.me/Sladkov_plus/15687,True,criticism,army_command,neg,Military psychologist criticizes rigid hierarchical command structure preventing soldiers from thinking independently and adapting.,85254,66
2026-06-23 09:27:20,dva_majors,95005,https://t.me/dva_majors/95005,True,west_nato,negotiations,neg,Lavrov claims Europe undermines Trump administration peace efforts and threatens global security.,104679,186
2026-06-23 09:30:20,epoddubny,27882,https://t.me/epoddubny/27882,False,none,none,neu,,41898,30
2026-06-23 09:30:20,epoddubny,27881,https://t.me/epoddubny/27881,False,none,none,neu,,42317,30
2026-06-23 09:30:20,epoddubny,27880,https://t.me/epoddubny/27880,True,ukraine_strikes_on_russia,drones_on_regions,neg,"Journalist describes Ukrainian drone strikes and shooting killing civilians in occupied village, forcing families to flee.",35418,31
2026-06-23 09:30:33,dva_majors,95006,https://t.me/dva_majors/95006,True,west_nato,negotiations,neg,"EU rejects dialogue with Russia while Russia expresses readiness for talks, showing lack of coordination.",110428,444
2026-06-23 09:32:54,wargonzo,35017,https://t.me/wargonzo/35017,False,none,none,neu,,31433,8
2026-06-23 09:32:59,dva_majors,95007,https://t.me/dva_majors/95007,True,west_nato,negotiations,neu,Lavrov states Russia ready to resume Ukraine talks from previous stopping point.,104428,349
2026-06-23 09:35:13,epoddubny,27883,https://t.me/epoddubny/27883,True,west_nato,negotiations,neu,"Lavrov reiterates Russia's willingness to negotiate and demands Ukrainian neutrality, denuclearization and recognition of territorial changes.",69164,109
2026-06-23 09:41:57,vysokygovorit,23179,https://t.me/vysokygovorit/23179,True,frontline,other,neg,Enemy drone activity over Crimea and Kinburn threatens Russian logistics and indicates realistic amphibious landing scenario.,90232,190
2026-06-23 09:56:28,sashakots,62541,https://t.me/sashakots/62541,True,ukraine_strikes_on_russia,drones_on_regions,pos,Russian air defense shoots down five British Storm Shadow cruise missiles targeting multiple Russian regions.,35753,191
2026-06-23 09:56:54,dva_majors,95008,https://t.me/dva_majors/95008,True,russia_internal,other,neg,Crimea suspends all youth sports training and competitions until September due to security threats.,105886,250
2026-06-23 09:58:01,epoddubny,27884,https://t.me/epoddubny/27884,True,frontline,other,pos,"Russian artillery and drone units provide fire support in Konstantinovka, destroying Ukrainian forces hiding in civilian buildings.",41614,30
2026-06-23 10:02:01,rybar,81274,https://t.me/rybar/81274,True,west_nato,military_aid,neg,Ukraine doubles 2026 military budget to 100 billion dollars funded by EU loans for weapons and ammunition production.,197154,498
2026-06-23 10:03:05,dva_majors,95009,https://t.me/dva_majors/95009,False,none,none,neu,,103598,16
2026-06-23 10:10:09,wargonzo,35019,https://t.me/wargonzo/35019,False,none,none,neu,,28272,5
2026-06-23 10:10:09,wargonzo,35018,https://t.me/wargonzo/35018,False,none,none,neu,,29431,5
2026-06-23 10:30:30,dva_majors,95019,https://t.me/dva_majors/95019,False,none,none,neu,,105797,97
2026-06-23 10:30:30,dva_majors,95018,https://t.me/dva_majors/95018,False,none,none,neu,,119227,99
2026-06-23 10:30:30,dva_majors,95017,https://t.me/dva_majors/95017,False,none,none,neu,,117606,97
2026-06-23 10:30:30,dva_majors,95016,https://t.me/dva_majors/95016,False,none,none,neu,,111885,100
2026-06-23 10:30:30,dva_majors,95015,https://t.me/dva_majors/95015,False,none,none,neu,,110924,90
2026-06-23 10:30:30,dva_majors,95014,https://t.me/dva_majors/95014,False,none,none,neu,,110356,96
2026-06-23 10:30:30,dva_majors,95013,https://t.me/dva_majors/95013,False,none,none,neu,,108060,99
2026-06-23 10:30:30,dva_majors,95012,https://t.me/dva_majors/95012,False,none,none,neu,,107452,98
2026-06-23 10:30:30,dva_majors,95011,https://t.me/dva_majors/95011,False,none,none,neu,,102873,101
2026-06-23 10:30:30,dva_majors,95010,https://t.me/dva_majors/95010,False,none,none,neu,,101834,97
2026-06-23 10:31:04,dva_majors,95020,https://t.me/dva_majors/95020,True,russia_internal,economy,neu,Crimea plans to increase fuel transport allowance across bridge to 200 liters per vehicle starting June 23.,118375,400
2026-06-23 10:31:32,wargonzo,35020,https://t.me/wargonzo/35020,False,none,none,neu,,30866,8
2026-06-23 10:34:27,sashakots,62542,https://t.me/sashakots/62542,True,russia_internal,security_cases,pos,Two minors sentenced for attempted assassination of military officer using poison directed by Ukrainian intelligence services.,34478,88
2026-06-23 10:35:17,epoddubny,27885,https://t.me/epoddubny/27885,False,none,none,neu,,40211,6
2026-06-23 10:37:58,rybar,81275,https://t.me/rybar/81275,True,west_nato,alliance_politics,pos,"New U.S. intelligence director orders purge of 300 officials from counterterrorism center, alarming Democratic lawmakers.",195387,58
2026-06-23 10:59:02,dva_majors,95021,https://t.me/dva_majors/95021,True,criticism,government,neg,Lavrov sarcastically criticizes Western deception regarding Alaska negotiations and Ukrainian rearmament delays.,130243,617
2026-06-23 11:02:34,rusich_army,30068,https://t.me/rusich_army/30068,True,frontline,other,pos,Russian drone operators successfully destroy Ukrainian drone operator positions using coordinated aerial attacks.,88586,51
2026-06-23 11:13:20,dva_majors,95022,https://t.me/dva_majors/95022,True,west_nato,alliance_politics,neg,Russian commander claims West falsely uses military threat narrative to justify militarization and form multipolar order.,124750,173
2026-06-23 11:31:01,rybar,81276,https://t.me/rybar/81276,False,none,none,neu,,190054,36
2026-06-23 11:31:02,wargonzo,35021,https://t.me/wargonzo/35021,True,west_nato,rearmament,pos,British armed forces face funding deficit forcing cuts to training and operations.,32457,19
2026-06-23 11:38:57,epoddubny,27886,https://t.me/epoddubny/27886,True,west_nato,negotiations,neu,Putin states NATO countries avoid striking Russia from their territory; discusses preparation for conflict.,43410,58
2026-06-23 11:57:49,sashakots,62543,https://t.me/sashakots/62543,True,frontline,other,pos,"Russian forces advance in Konstantinovka, clearing 128 buildings; Ukrainian troops fragmented and isolated.",43312,85
2026-06-23 12:00:13,vysokygovorit,23180,https://t.me/vysokygovorit/23180,False,none,none,neu,,151847,85
2026-06-23 12:03:02,rusich_army,30069,https://t.me/rusich_army/30069,False,none,none,neu,,88470,14
2026-06-23 12:10:06,dva_majors,95023,https://t.me/dva_majors/95023,False,none,none,neu,,124950,380
2026-06-23 12:19:00,wargonzo,35022,https://t.me/wargonzo/35022,True,russia_internal,elite_politics,pos,South Ossetia president appointed Putin advisor; emphasizes unification goals with North Ossetia.,29792,28
2026-06-23 12:31:12,wargonzo,35023,https://t.me/wargonzo/35023,True,russia_internal,ideology_society,pos,Youth tourism camp develops international friendships and cooperation between Russian regions and partner countries.,30231,6
2026-06-23 12:33:44,rybar,81280,https://t.me/rybar/81280,False,none,none,neu,,187183,110
2026-06-23 12:33:44,rybar,81279,https://t.me/rybar/81279,False,none,none,neu,,199261,110
2026-06-23 12:33:44,rybar,81278,https://t.me/rybar/81278,False,none,none,neu,,196110,110
2026-06-23 12:33:44,rybar,81277,https://t.me/rybar/81277,True,west_nato,other,neg,US chemical infrastructure crisis: aging equipment causes deadly accidents; 131 serious incidents in 2025.,187497,110
2026-06-23 12:37:01,epoddubny,27887,https://t.me/epoddubny/27887,True,frontline,other,pos,Russian battalion commander describes approach to Konstantinovka as difficult; drones crucial; Ukrainian retreat tactical error.,41505,47
2026-06-23 12:57:31,sashakots,62544,https://t.me/sashakots/62544,True,west_nato,negotiations,neu,Russia ready to resume Ukraine talks from previous point; demands neutral status and minority language protections.,26620,37
2026-06-23 13:03:15,rusich_army,30070,https://t.me/rusich_army/30070,False,none,none,neu,,97632,28
2026-06-23 13:12:01,rybar,81281,https://t.me/rybar/81281,True,west_nato,other,neg,Five Eyes intelligence agencies warn advanced AI will dramatically increase offensive cyber capabilities beyond defenses.,197383,288
2026-06-23 13:14:32,dva_majors,95024,https://t.me/dva_majors/95024,True,frontline,other,neu,Analysis of bridge air defense lessons from WWII; discusses zonal defense strategies against drone attacks.,182682,613
2026-06-23 13:15:29,sashakots,62545,https://t.me/sashakots/62545,True,frontline,other,pos,Video report on Russian military evacuating civilians from combat zones; soldier sacrifices himself protecting children.,31626,55
2026-06-23 13:30:49,wargonzo,35024,https://t.me/wargonzo/35024,True,russia_internal,security_cases,pos,Two teenagers convicted for attempted poisoning of Russian soldier hired by Ukrainian intelligence services.,30940,23
2026-06-23 14:03:01,rybar,81282,https://t.me/rybar/81282,True,west_nato,alliance_politics,neg,"Tucker Carlson breaks with Republicans after 35 years, citing corporate interests and Israel prioritized over Americans.",195778,62
2026-06-23 14:09:11,dva_majors,95025,https://t.me/dva_majors/95025,True,frontline,other,neu,"Analysis of Kinburn peninsula logistics and defensive challenges; terrain difficult, enemy resources growing.",182014,395
2026-06-23 14:11:01,epoddubny,27888,https://t.me/epoddubny/27888,True,ukraine_strikes_on_russia,drones_on_regions,neg,Putin orders government measures against Ukrainian drone attacks on Russian infrastructure and energy systems.,43692,65
2026-06-23 14:16:07,sashakots,62546,https://t.me/sashakots/62546,True,frontline,other,pos,"Russian forces advance in Red Liman, clearing 52 buildings; Ukrainian soldiers intimidated by commanders.",137385,148
2026-06-23 14:16:57,vysokygovorit,23181,https://t.me/vysokygovorit/23181,True,frontline,other,pos,"Russian forces advance in Red Liman, clearing 52 buildings; Ukrainian soldiers intimidated by commanders.",104129,88
2026-06-23 14:28:56,sashakots,62549,https://t.me/sashakots/62549,False,none,none,neu,,40367,139
2026-06-23 14:28:56,sashakots,62548,https://t.me/sashakots/62548,False,none,none,neu,,42685,140
2026-06-23 14:28:56,sashakots,62547,https://t.me/sashakots/62547,True,strikes_on_ukraine,other,pos,"Russian strikes on Ukrainian logistics, fuel infrastructure, weapons plants across Dnipropetrovsk and Kharkiv regions.",35052,139
2026-06-23 14:34:41,wargonzo,35025,https://t.me/wargonzo/35025,True,russia_internal,ideology_society,pos,Sports tourism camp 'Our Vector' expands regionally and internationally; promotes youth unity and cooperation.,30839,7
2026-06-23 14:45:58,dva_majors,95026,https://t.me/dva_majors/95026,True,west_nato,negotiations,neu,Russia willing to negotiate based on Istanbul agreements and current ground realities.,119614,499
2026-06-23 14:58:22,epoddubny,27889,https://t.me/epoddubny/27889,True,strikes_on_ukraine,deep_strikes,pos,Russian Iskander strike hits repair plant in Dnipropetrovsk supporting Ukrainian military logistics.,52014,75
2026-06-23 15:03:10,rusich_army,30071,https://t.me/rusich_army/30071,True,ukraine_strikes_on_russia,crimea_energy,neg,Ukrainian strikes target Crimea rail and energy infrastructure; blogger suggests Russia should similarly strike Ukrainian energy during heat wave.,165367,173
2026-06-23 15:05:03,wargonzo,35026,https://t.me/wargonzo/35026,False,none,none,neu,,31765,8
2026-06-23 15:12:45,dva_majors,95027,https://t.me/dva_majors/95027,True,west_nato,negotiations,neu,"Summary of Istanbul negotiations draft (March-April 2022) on Ukraine neutrality, security guarantees, and NATO non-membership.",128638,623
2026-06-23 15:13:07,rybar,81283,https://t.me/rybar/81283,True,west_nato,other,neg,Analysis of Iran-US negotiations; blogger suggests US concessions undermine American position.,189311,78
2026-06-23 15:15:27,dva_majors,95028,https://t.me/dva_majors/95028,True,west_nato,negotiations,neg,Russia demonstrates negotiating positions but peace prospects appear dim given Western unwillingness to negotiate.,118602,136
2026-06-23 15:22:33,rybar,81284,https://t.me/rybar/81284,False,none,none,neu,,192284,2
2026-06-23 15:24:34,rybar,81285,https://t.me/rybar/81285,True,russia_internal,mobilisation,pos,"Putin addresses military academy graduates, highlights weapons development progress and responsibility to country.",197831,90
2026-06-23 15:27:08,sashakots,62550,https://t.me/sashakots/62550,True,russia_internal,mobilisation,pos,"Putin advises young officers on professional development and responsibility, emphasizing officer traditions.",33230,40
2026-06-23 15:29:27,dva_majors,95029,https://t.me/dva_majors/95029,True,ukraine_strikes_on_russia,drones_on_regions,neg,Woman killed in Odesa alarm during incident; witness reports machine gun fire rather than drone shrapnel.,111976,157
2026-06-23 15:39:01,wargonzo,35027,https://t.me/wargonzo/35027,False,none,none,neu,,33759,55
2026-06-23 15:50:36,dva_majors,95030,https://t.me/dva_majors/95030,True,russia_internal,mobilisation,pos,Leningrad region offers recruitment incentives for drone defense personnel.,110131,96
2026-06-23 15:58:37,sashakots,62551,https://t.me/sashakots/62551,False,none,none,neu,,28232,5
2026-06-23 16:19:50,Sladkov_plus,15688,https://t.me/Sladkov_plus/15688,False,none,none,neu,,82629,14
2026-06-23 16:23:31,epoddubny,27890,https://t.me/epoddubny/27890,True,criticism,army_command,neg,Ukrainian POWs fear their own commanders; many conscripts willing to surrender but threatened with punishment.,51325,79
2026-06-23 16:24:47,rybar,81286,https://t.me/rybar/81286,True,strikes_on_ukraine,other,pos,Russia escalates rail strikes targeting trains and locomotives across Ukraine to disrupt military logistics.,200950,150
2026-06-23 16:31:01,dva_majors,95038,https://t.me/dva_majors/95038,False,none,none,neu,,117102,105
2026-06-23 16:31:01,dva_majors,95037,https://t.me/dva_majors/95037,False,none,none,neu,,123325,105
2026-06-23 16:31:01,dva_majors,95036,https://t.me/dva_majors/95036,False,none,none,neu,,115984,105
2026-06-23 16:31:01,dva_majors,95035,https://t.me/dva_majors/95035,False,none,none,neu,,111041,106
2026-06-23 16:31:01,dva_majors,95034,https://t.me/dva_majors/95034,False,none,none,neu,,111039,104
2026-06-23 16:31:01,dva_majors,95033,https://t.me/dva_majors/95033,False,none,none,neu,,112211,104
2026-06-23 16:31:01,dva_majors,95032,https://t.me/dva_majors/95032,False,none,none,neu,,110995,106
2026-06-23 16:31:01,dva_majors,95031,https://t.me/dva_majors/95031,True,west_nato,alliance_politics,neg,Dutch military conducts large NATO exercise simulating defense against Russian invasion scenario.,110337,108
2026-06-23 16:32:57,wargonzo,35028,https://t.me/wargonzo/35028,False,none,none,neu,,36600,16
2026-06-23 16:34:51,dva_majors,95039,https://t.me/dva_majors/95039,False,none,none,neu,,109879,33
2026-06-23 16:58:08,dva_majors,95048,https://t.me/dva_majors/95048,False,none,none,neu,,115830,36
2026-06-23 16:58:08,dva_majors,95047,https://t.me/dva_majors/95047,False,none,none,neu,,129800,36
2026-06-23 16:58:08,dva_majors,95046,https://t.me/dva_majors/95046,False,none,none,neu,,127338,36
2026-06-23 16:58:08,dva_majors,95045,https://t.me/dva_majors/95045,False,none,none,neu,,118324,36
2026-06-23 16:58:08,dva_majors,95044,https://t.me/dva_majors/95044,False,none,none,neu,,117738,36
2026-06-23 16:58:08,dva_majors,95043,https://t.me/dva_majors/95043,False,none,none,neu,,119752,36
2026-06-23 16:58:08,dva_majors,95042,https://t.me/dva_majors/95042,False,none,none,neu,,114776,36
2026-06-23 16:58:08,dva_majors,95041,https://t.me/dva_majors/95041,False,none,none,neu,,113165,36
2026-06-23 16:58:08,dva_majors,95040,https://t.me/dva_majors/95040,False,none,none,neu,,112778,36
2026-06-23 16:59:01,sashakots,62554,https://t.me/sashakots/62554,False,none,none,neu,,39577,119
2026-06-23 16:59:01,sashakots,62553,https://t.me/sashakots/62553,False,none,none,neu,,40362,119
2026-06-23 16:59:01,sashakots,62552,https://t.me/sashakots/62552,True,russia_internal,ideology_society,pos,Historical analysis of Soviet Stavka during WWII and its wartime decision-making effectiveness.,36411,120
2026-06-23 17:03:57,rusich_army,30072,https://t.me/rusich_army/30072,True,frontline,other,neu,Analysis of Ukrainian operational intentions in Crimea and Zaporizhzhia; risk assessment of other frontline sectors.,131582,92
2026-06-23 17:09:18,ngp_razvedka,25659,https://t.me/ngp_razvedka/25659,False,none,none,neu,,22960,11
2026-06-23 17:32:36,sashakots,62555,https://t.me/sashakots/62555,False,none,none,neu,,36227,6
2026-06-23 17:37:02,rybar,81287,https://t.me/rybar/81287,True,west_nato,alliance_politics,neu,Lithuanian government reshuffles coalition; new PM Sinkevicius may alter foreign policy stance.,196646,40
2026-06-23 17:37:38,sashakots,62556,https://t.me/sashakots/62556,False,none,none,neu,,38145,3
2026-06-23 17:55:16,dva_majors,95049,https://t.me/dva_majors/95049,False,none,none,neu,,106426,11
2026-06-23 17:55:26,sashakots,62566,https://t.me/sashakots/62566,False,none,none,neu,,152425,1779
2026-06-23 17:55:26,sashakots,62565,https://t.me/sashakots/62565,False,none,none,neu,,155049,1741
2026-06-23 17:55:26,sashakots,62564,https://t.me/sashakots/62564,False,none,none,neu,,164486,1751
2026-06-23 17:55:26,sashakots,62563,https://t.me/sashakots/62563,False,none,none,neu,,141528,1762
2026-06-23 17:55:26,sashakots,62562,https://t.me/sashakots/62562,False,none,none,neu,,145626,1743
2026-06-23 17:55:26,sashakots,62561,https://t.me/sashakots/62561,False,none,none,neu,,148043,1736
2026-06-23 17:55:26,sashakots,62560,https://t.me/sashakots/62560,False,none,none,neu,,141512,1739
2026-06-23 17:55:26,sashakots,62559,https://t.me/sashakots/62559,False,none,none,neu,,141151,1737
2026-06-23 17:55:26,sashakots,62558,https://t.me/sashakots/62558,False,none,none,neu,,142426,1884
2026-06-23 17:55:26,sashakots,62557,https://t.me/sashakots/62557,False,none,none,neu,,140659,1739
2026-06-23 17:59:01,wargonzo,35029,https://t.me/wargonzo/35029,False,none,none,neu,,40852,4
2026-06-23 17:59:45,dva_majors,95050,https://t.me/dva_majors/95050,True,strikes_on_ukraine,deep_strikes,pos,Strike on Pavlograd in Zaporizhzhia region captured by drone operator.,104391,74
2026-06-23 18:10:17,dva_majors,95051,https://t.me/dva_majors/95051,True,frontline,hulyaipole,neu,Drone interception operators protect airspace over Azov Sea and supply routes.,128728,71
2026-06-23 18:16:21,Sladkov_plus,15689,https://t.me/Sladkov_plus/15689,True,frontline,kupyansk,neg,"Ukrainian forces surrounded near Kupiansk attempting escape, command changes ineffective.",85829,51
2026-06-23 18:24:32,dva_majors,95052,https://t.me/dva_majors/95052,False,none,none,neu,,130934,60
2026-06-23 18:36:03,ngp_razvedka,25660,https://t.me/ngp_razvedka/25660,False,none,none,neu,,27137,334
2026-06-23 18:38:08,dva_majors,95053,https://t.me/dva_majors/95053,False,none,none,neu,,135584,304
2026-06-23 19:25:22,dva_majors,95054,https://t.me/dva_majors/95054,False,none,none,neu,,135698,18
2026-06-23 19:56:26,ngp_razvedka,25661,https://t.me/ngp_razvedka/25661,False,none,none,neu,,20630,64
2026-06-23 20:05:41,vysokygovorit,23182,https://t.me/vysokygovorit/23182,True,west_nato,negotiations,neg,"Conditions proposed for US-Russia talks: halt American weapons, cut intelligence sharing, block Starlink.",132638,124
2026-06-23 20:16:07,rybar,81288,https://t.me/rybar/81288,True,west_nato,alliance_politics,neu,"Trump negotiates Iran deal, unfreezes assets, pressures Israel while pursuing multiple geopolitical strategies.",199829,28
2026-06-23 20:45:10,rybar,81289,https://t.me/rybar/81289,False,none,none,neu,,278591,27
2026-06-23 21:01:24,rybar,81293,https://t.me/rybar/81293,False,none,none,neu,,219871,100
2026-06-23 21:01:24,rybar,81292,https://t.me/rybar/81292,False,none,none,neu,,224924,97
2026-06-23 21:01:24,rybar,81291,https://t.me/rybar/81291,False,none,none,neu,,213366,96
2026-06-23 21:01:24,rybar,81290,https://t.me/rybar/81290,True,frontline,other,neu,Russian forces conduct strikes on Ukrainian infrastructure and cities; positional fighting continues across frontline.,201147,95
2026-06-24 02:09:19,dva_majors,95055,https://t.me/dva_majors/95055,True,ukraine_strikes_on_russia,crimea_energy,neg,"Sevastopol struck by drones, city left without electricity, emergency services responding.",130865,266
2026-06-24 02:18:04,ngp_razvedka,25662,https://t.me/ngp_razvedka/25662,False,none,none,neu,,19779,216
2026-06-24 02:48:28,dva_majors,95056,https://t.me/dva_majors/95056,True,strikes_on_ukraine,other,neu,"Russia strikes Sumy, Kharkiv; frontline updates from multiple directions; Sevastopol without power.",391871,467
2026-06-24 02:56:40,dva_majors,95057,https://t.me/dva_majors/95057,True,ukraine_strikes_on_russia,crimea_energy,neg,Kherson region completely or partially de-energized after Ukrainian strikes.,123681,275
2026-06-24 04:38:50,rybar,81294,https://t.me/rybar/81294,True,strikes_on_ukraine,other,neu,"Russia strikes Sumy, Kharkiv; frontline updates from multiple directions; Sevastopol without power.",185111,77
2026-06-24 05:01:13,dva_majors,95058,https://t.me/dva_majors/95058,False,none,none,neu,,114615,111
2026-06-24 05:01:49,rusich_army,30073,https://t.me/rusich_army/30073,False,none,none,neu,,124325,13
2026-06-24 05:08:01,wargonzo,35037,https://t.me/wargonzo/35037,False,none,none,neu,,46570,59
2026-06-24 05:08:01,wargonzo,35036,https://t.me/wargonzo/35036,False,none,none,neu,,48186,58
2026-06-24 05:08:01,wargonzo,35035,https://t.me/wargonzo/35035,False,none,none,neu,,43074,58
2026-06-24 05:08:01,wargonzo,35034,https://t.me/wargonzo/35034,False,none,none,neu,,41103,58
2026-06-24 05:08:01,wargonzo,35033,https://t.me/wargonzo/35033,False,none,none,neu,,41060,59
2026-06-24 05:08:01,wargonzo,35032,https://t.me/wargonzo/35032,False,none,none,neu,,41018,58
2026-06-24 05:08:01,wargonzo,35030,https://t.me/wargonzo/35030,False,none,none,neu,,45023,58
2026-06-24 05:08:01,wargonzo,35031,https://t.me/wargonzo/35031,True,frontline,other,pos,"Russian forces advance on Zaporizhzhia, Donetsk, and Kharkiv fronts; Lyman liberation ongoing.",39493,60
2026-06-24 05:30:00,dva_majors,95059,https://t.me/dva_majors/95059,False,none,none,neu,,103842,15
2026-06-24 05:49:26,dva_majors,95060,https://t.me/dva_majors/95060,True,strikes_on_ukraine,other,pos,Rita-2 interceptor drones with 340+ km/h speed capable of defeating Ukrainian long-range UAVs.,94610,289
2026-06-24 05:58:00,rybar,81295,https://t.me/rybar/81295,True,west_nato,military_aid,neg,Portuguese firm Tekever establishing military drone production in Japan to export drones to Ukraine.,195315,107
2026-06-24 06:00:00,dva_majors,95061,https://t.me/dva_majors/95061,False,none,none,neu,,81146,13
2026-06-24 06:15:00,dva_majors,95062,https://t.me/dva_majors/95062,False,none,none,neu,,93713,53
2026-06-24 06:25:32,epoddubny,27891,https://t.me/epoddubny/27891,True,frontline,other,pos,Russian forces systematically eliminate Ukrainian fighters attempting to flee Konstantinovka.,48242,63
2026-06-24 06:31:15,dva_majors,95063,https://t.me/dva_majors/95063,True,ukraine_strikes_on_russia,crimea_energy,pos,"Sevastopol repels two Ukrainian attacks, downs 70 drones, minor casualties and damage reported.",93869,82
2026-06-24 06:32:09,dva_majors,95064,https://t.me/dva_majors/95064,True,frontline,kupyansk,pos,Russian Severa group liberates Ivolzhanskoye in Sumy; 250+ Ukrainian soldiers killed.,90950,96
2026-06-24 06:35:08,dva_majors,95065,https://t.me/dva_majors/95065,False,none,none,neu,,94373,33
2026-06-24 06:53:38,wargonzo,35038,https://t.me/wargonzo/35038,True,ukraine_strikes_on_russia,drones_on_regions,neg,Two killed in Nizhny Novgorod region from Ukrainian drone attack; 23 UAVs intercepted.,37431,51
2026-06-24 06:59:58,dva_majors,95066,https://t.me/dva_majors/95066,False,none,none,neu,,98003,13
2026-06-24 07:03:43,rusich_army,30074,https://t.me/rusich_army/30074,True,frontline,other,pos,Russian forces destroy enemy fortifications and conduct ongoing reconnaissance monitoring.,168582,19
2026-06-24 07:15:00,dva_majors,95067,https://t.me/dva_majors/95067,False,none,none,neu,,94066,30
2026-06-24 07:22:07,rybar,81296,https://t.me/rybar/81296,False,none,none,neu,,192869,60
2026-06-24 07:30:00,dva_majors,95068,https://t.me/dva_majors/95068,False,none,none,neu,,97070,22
2026-06-24 08:00:35,dva_majors,95069,https://t.me/dva_majors/95069,True,west_nato,alliance_politics,neg,Moldova and Romania conduct NATO-coordinated exercises simulating military operations on Transnistria.,100282,541
2026-06-24 08:01:16,sashakots,62567,https://t.me/sashakots/62567,False,none,none,neu,,39066,29
2026-06-24 08:03:01,rybar,81297,https://t.me/rybar/81297,False,none,none,neu,,189781,60
2026-06-24 08:03:01,epoddubny,27892,https://t.me/epoddubny/27892,True,frontline,other,pos,Rubicon center destroys Ukrainian reconnaissance drones and loitering munitions across all directions.,74548,72
2026-06-24 08:16:01,sashakots,62570,https://t.me/sashakots/62570,False,none,none,neu,,37079,72
2026-06-24 08:16:01,sashakots,62569,https://t.me/sashakots/62569,False,none,none,neu,,37644,72
2026-06-24 08:16:01,sashakots,62568,https://t.me/sashakots/62568,True,strikes_on_ukraine,fuel_infrastructure,pos,"Geran strikes gas distribution station near Zaporizhzhia, targeting infrastructure supplying defense industries.",30549,73
2026-06-24 08:43:15,dva_majors,95070,https://t.me/dva_majors/95070,True,russia_internal,security_cases,neg,Ukraine conducting information operation in southern Russia with fake Rosgvard calls to spread panic.,110049,520
2026-06-24 08:57:58,sashakots,62571,https://t.me/sashakots/62571,True,russia_internal,security_cases,neg,Free Udmurtia separatist project attempting to create independent state under NATO sponsorship discovered.,27550,97
2026-06-24 08:58:53,rusich_army,30075,https://t.me/rusich_army/30075,True,ukraine_strikes_on_russia,crimea_energy,neg,"300 Ukrainian drones attacked Russian regions; Sevastopol power plant hit, causing electricity outages.",109369,104
2026-06-24 09:01:45,sashakots,62572,https://t.me/sashakots/62572,True,frontline,kupyansk,pos,New American MAAWLR air defense system destroyed by FPV drones in Kharkiv region.,29788,98
2026-06-24 09:07:48,wargonzo,35039,https://t.me/wargonzo/35039,True,west_nato,military_aid,neg,"NATO and Ukraine announce competition offering 250,000 euros for solutions to destroy Russian airfields.",37391,184
2026-06-24 09:15:12,dva_majors,95071,https://t.me/dva_majors/95071,True,criticism,army_command,neg,Two Majors criticizes illusion that time favors Russia; Ukraine executing three-part operation to force Russian surrender.,117279,302
2026-06-24 09:33:37,dva_majors,95072,https://t.me/dva_majors/95072,True,criticism,government,neg,Blogger warns that time is precious resource; fifth year of war demands analyzing what strategies actually work.,98315,61
2026-06-24 09:37:48,rybar,81298,https://t.me/rybar/81298,True,west_nato,negotiations,neu,USA-Iran memorandum contains six contradictions risking new Middle East escalation over frozen assets.,201326,56
2026-06-24 09:50:10,wargonzo,35041,https://t.me/wargonzo/35041,False,none,none,neu,,32696,60
2026-06-24 09:50:10,wargonzo,35040,https://t.me/wargonzo/35040,True,west_nato,other,neu,Wikipedia founder Larry Sanger banned from editing after attempts to diversify sources and viewpoints.,36245,60
2026-06-24 09:56:38,epoddubny,27893,https://t.me/epoddubny/27893,True,frontline,kupyansk,pos,First American BRAWLR air defense system destroyed in Kharkiv region by FPV drones.,39070,89
2026-06-24 10:10:09,sashakots,62573,https://t.me/sashakots/62573,True,frontline,kupyansk,pos,"Russian army captures Ivolzhanskoe in Sumy region, advancing toward major transport routes.",62889,52
2026-06-24 10:16:55,vysokygovorit,23183,https://t.me/vysokygovorit/23183,True,russia_internal,security_cases,pos,Cybercrime dropped 31.2% in Russia; new federal law creates legal basis for cybersecurity prevention.,161885,15
2026-06-24 10:20:06,sashakots,62574,https://t.me/sashakots/62574,True,strikes_on_ukraine,deep_strikes,pos,"Geran missiles strike Lozova railway hub in Kharkiv region, destroying locomotives and infrastructure.",30702,62
2026-06-24 10:30:00,wargonzo,35042,https://t.me/wargonzo/35042,False,none,none,neu,,34082,9
2026-06-24 10:32:34,dva_majors,95082,https://t.me/dva_majors/95082,False,none,none,neu,,108019,78
2026-06-24 10:32:34,dva_majors,95081,https://t.me/dva_majors/95081,False,none,none,neu,,117031,77
2026-06-24 10:32:34,dva_majors,95080,https://t.me/dva_majors/95080,False,none,none,neu,,101138,82
2026-06-24 10:32:34,dva_majors,95079,https://t.me/dva_majors/95079,False,none,none,neu,,96258,76
2026-06-24 10:32:34,dva_majors,95078,https://t.me/dva_majors/95078,False,none,none,neu,,101152,80
2026-06-24 10:32:34,dva_majors,95077,https://t.me/dva_majors/95077,False,none,none,neu,,97977,76
2026-06-24 10:32:34,dva_majors,95076,https://t.me/dva_majors/95076,False,none,none,neu,,98432,78
2026-06-24 10:32:34,dva_majors,95075,https://t.me/dva_majors/95075,False,none,none,neu,,96095,79
2026-06-24 10:32:34,dva_majors,95074,https://t.me/dva_majors/95074,False,none,none,neu,,93236,77
2026-06-24 10:32:34,dva_majors,95073,https://t.me/dva_majors/95073,False,none,none,neu,,90282,79
2026-06-24 10:36:12,dva_majors,95083,https://t.me/dva_majors/95083,True,west_nato,military_aid,neg,USA creating two test ranges simulating Ukraine combat conditions; gearing civilian industry for weapons production.,97112,213
2026-06-24 10:39:02,rybar,81299,https://t.me/rybar/81299,True,west_nato,military_aid,neu,US establishing specialized training ranges to master drone and electronic warfare tactics used in Ukraine.,197690,121
2026-06-24 10:41:11,sashakots,62576,https://t.me/sashakots/62576,False,none,none,neu,,894184,670
2026-06-24 10:41:11,sashakots,62575,https://t.me/sashakots/62575,True,frontline,other,pos,"Russian forces advance in Konstantinovka, destroying Ukrainian drone relay infrastructure and reconnaissance capability.",865518,672
2026-06-24 10:55:00,dva_majors,95086,https://t.me/dva_majors/95086,False,none,none,neu,,93205,0
2026-06-24 10:55:00,dva_majors,95085,https://t.me/dva_majors/95085,False,none,none,neu,,99720,0
2026-06-24 10:55:00,dva_majors,95084,https://t.me/dva_majors/95084,False,none,none,neu,,96434,0
2026-06-24 10:55:11,epoddubny,27896,https://t.me/epoddubny/27896,False,none,none,neu,,40086,40
2026-06-24 10:55:11,epoddubny,27895,https://t.me/epoddubny/27895,False,none,none,neu,,40573,40
2026-06-24 10:55:11,epoddubny,27894,https://t.me/epoddubny/27894,True,strikes_on_ukraine,fuel_infrastructure,pos,"Geran missiles strike gas preparation facility in Poltan region, destroying key infrastructure.",34663,40
2026-06-24 11:00:00,dva_majors,95087,https://t.me/dva_majors/95087,True,frontline,other,pos,Robotic Courier supply system demonstrates unmanned logistics delivery to frontline positions coordinated with drones.,98379,25
2026-06-24 11:01:06,rusich_army,30076,https://t.me/rusich_army/30076,False,none,none,neu,,95383,28
2026-06-24 11:25:17,epoddubny,27897,https://t.me/epoddubny/27897,True,frontline,kupyansk,pos,"Russian army captures Ivolzhanskoe in Sumy region, advancing 15km south of border.",33502,24
2026-06-24 11:55:11,epoddubny,27898,https://t.me/epoddubny/27898,True,strikes_on_ukraine,other,pos,Russian forces strike railway infrastructure and locomotives in Lozova supplying Ukrainian military.,48645,76
2026-06-24 12:00:00,dva_majors,95088,https://t.me/dva_majors/95088,False,none,none,neu,,100019,21
2026-06-24 12:16:06,dva_majors,95089,https://t.me/dva_majors/95089,False,none,none,neu,,119576,363
2026-06-24 12:30:14,sashakots,62577,https://t.me/sashakots/62577,True,criticism,army_command,neg,Blogger defends drone forces and Defense Minister Belousov against criticism from Western agents.,58302,160
2026-06-24 12:35:10,wargonzo,35043,https://t.me/wargonzo/35043,False,none,none,neu,,51381,5
2026-06-24 12:42:40,rybar,81300,https://t.me/rybar/81300,False,none,none,neu,,194706,15
2026-06-24 12:51:24,epoddubny,27900,https://t.me/epoddubny/27900,False,none,none,neu,,37218,15
2026-06-24 12:54:39,vysokygovorit,23184,https://t.me/vysokygovorit/23184,False,none,none,neu,,111427,45
2026-06-24 13:00:00,dva_majors,95090,https://t.me/dva_majors/95090,True,frontline,other,pos,33rd Guards motorized rifle regiment destroys enemy bunkers and strongpoints using FPV-drones.,103832,30
2026-06-24 13:02:24,rusich_army,30077,https://t.me/rusich_army/30077,True,west_nato,military_aid,neg,US creates specialized training sites replicating Ukrainian conditions to counter Russian drone production capacity.,76902,86
2026-06-24 13:03:38,epoddubny,27901,https://t.me/epoddubny/27901,True,strikes_on_ukraine,deep_strikes,pos,Russian aircraft strike command posts and positions in Donbas with FAB-250 and FAB-1500 bombs.,44869,53
2026-06-24 13:09:19,rybar,81301,https://t.me/rybar/81301,True,frontline,kupyansk,pos,Russian forces liberate Ivolzhanskoe and make tactical progress on Sumy direction against Ukrainian brigades.,213761,111
2026-06-24 13:11:45,sashakots,62578,https://t.me/sashakots/62578,True,frontline,other,pos,Rubikon Center FPV-drones destroy Ukrainian reconnaissance and loitering munitions across all directions.,31360,23
2026-06-24 13:23:02,wargonzo,35046,https://t.me/wargonzo/35046,False,none,none,neu,,56132,74
2026-06-24 13:23:02,wargonzo,35045,https://t.me/wargonzo/35045,False,none,none,neu,,59990,73
2026-06-24 13:23:02,wargonzo,35044,https://t.me/wargonzo/35044,True,ukraine_strikes_on_russia,other,neg,"Ukrainian drone strike on residential building in Horlivka kills three civilians, injures others.",54867,74
2026-06-24 13:33:36,sashakots,62579,https://t.me/sashakots/62579,True,strikes_on_ukraine,deep_strikes,pos,Russian aircraft deliver precise FAB-1500 strikes on Ukrainian command posts and drone units in Donbas.,37309,31
2026-06-24 13:33:44,dva_majors,95091,https://t.me/dva_majors/95091,True,strikes_on_ukraine,deep_strikes,pos,"Post threatens strikes on Kyiv infrastructure, notes foreign military-industrial representatives and heat forecast.",104814,216
2026-06-24 14:03:00,dva_majors,95092,https://t.me/dva_majors/95092,True,frontline,other,pos,26th motorized rifle regiment reports destroying enemy personnel and strongpoints in Kramatorsk-Druzhkivka direction.,102337,32
2026-06-24 14:04:31,rybar,81302,https://t.me/rybar/81302,True,west_nato,military_aid,neg,"US intelligence actively plans and supports Ukrainian strikes on Russian refineries, reports Financial Times.",199285,491
2026-06-24 14:15:00,vysokygovorit,23185,https://t.me/vysokygovorit/23185,False,none,none,neu,,92940,36
2026-06-24 14:21:02,wargonzo,35050,https://t.me/wargonzo/35050,False,none,none,neu,,30418,5
2026-06-24 14:21:02,wargonzo,35049,https://t.me/wargonzo/35049,False,none,none,neu,,32020,5
2026-06-24 14:31:46,dva_majors,95093,https://t.me/dva_majors/95093,False,none,none,neu,,100837,33
2026-06-24 14:41:02,wargonzo,35051,https://t.me/wargonzo/35051,True,west_nato,negotiations,neg,Ukrainian threats against Belarus over alleged relay equipment supporting Russia may trigger military provocations.,35242,33
2026-06-24 14:41:06,rybar,81303,https://t.me/rybar/81303,True,criticism,army_command,neg,"Post criticizes Russian forces for excessive restraint, notes low casualty strike publication rates in Rubikon reports.",310049,484
2026-06-24 14:54:57,sashakots,62580,https://t.me/sashakots/62580,True,criticism,government,neg,Blogger mocks repeated Ukrainian predictions about Crimean Bridge collapse as recurring propaganda without evidence.,37205,107
2026-06-24 15:02:43,rusich_army,30078,https://t.me/rusich_army/30078,False,none,none,neu,,71391,42
2026-06-24 15:09:42,dva_majors,95094,https://t.me/dva_majors/95094,False,none,none,neu,,104305,24
2026-06-24 15:13:42,Sladkov_plus,15696,https://t.me/Sladkov_plus/15696,False,none,none,neu,,97760,134
2026-06-24 15:13:42,Sladkov_plus,15695,https://t.me/Sladkov_plus/15695,False,none,none,neu,,95372,135
2026-06-24 15:13:42,Sladkov_plus,15694,https://t.me/Sladkov_plus/15694,False,none,none,neu,,82982,135
2026-06-24 15:13:42,Sladkov_plus,15693,https://t.me/Sladkov_plus/15693,False,none,none,neu,,80729,135
2026-06-24 15:13:42,Sladkov_plus,15692,https://t.me/Sladkov_plus/15692,False,none,none,neu,,74122,135
2026-06-24 15:13:42,Sladkov_plus,15691,https://t.me/Sladkov_plus/15691,False,none,none,neu,,73642,135
2026-06-24 15:13:42,Sladkov_plus,15690,https://t.me/Sladkov_plus/15690,False,none,none,neu,,69138,138
2026-06-24 15:27:39,epoddubny,27902,https://t.me/epoddubny/27902,False,none,none,neu,,41466,1
2026-06-24 15:33:46,dva_majors,95104,https://t.me/dva_majors/95104,False,none,none,neu,,112201,93
2026-06-24 15:33:46,dva_majors,95103,https://t.me/dva_majors/95103,False,none,none,neu,,119657,94
2026-06-24 15:33:46,dva_majors,95102,https://t.me/dva_majors/95102,False,none,none,neu,,122320,95
2026-06-24 15:33:46,dva_majors,95101,https://t.me/dva_majors/95101,False,none,none,neu,,107526,92
2026-06-24 15:33:46,dva_majors,95100,https://t.me/dva_majors/95100,False,none,none,neu,,115146,91
2026-06-24 15:33:46,dva_majors,95099,https://t.me/dva_majors/95099,False,none,none,neu,,104710,91
2026-06-24 15:33:46,dva_majors,95098,https://t.me/dva_majors/95098,False,none,none,neu,,106305,104
2026-06-24 15:33:46,dva_majors,95097,https://t.me/dva_majors/95097,False,none,none,neu,,100517,92
2026-06-24 15:33:46,dva_majors,95096,https://t.me/dva_majors/95096,False,none,none,neu,,101916,94
2026-06-24 15:33:46,dva_majors,95095,https://t.me/dva_majors/95095,False,none,none,neu,,98670,90
2026-06-24 15:40:17,rybar,81304,https://t.me/rybar/81304,True,russia_internal,security_cases,neu,Russian Muslim religious council member arrested for alleged terrorist organization links.,203506,140
2026-06-24 15:45:00,dva_majors,95105,https://t.me/dva_majors/95105,True,frontline,other,pos,Russian UAV operators destroy Ukrainian drone operator positions on Velikoburluk direction.,120983,41
2026-06-24 15:45:59,sashakots,62581,https://t.me/sashakots/62581,True,russia_internal,economy,pos,"Russia achieves import substitution with domestic aircraft Superjet, IL-114-300, MS-21 despite Western sanctions.",37686,221
2026-06-24 16:03:01,dva_majors,95106,https://t.me/dva_majors/95106,True,russia_internal,other,neu,Russian Transport Ministry restricts IMO access to vessel tracking data to prevent targeting.,137011,253
2026-06-24 16:07:02,wargonzo,35052,https://t.me/wargonzo/35052,True,ukraine_strikes_on_russia,other,neg,"Ukraine outsources military recruitment to private firms, offering foreign mercenaries up to $11,000 monthly.",40189,107
2026-06-24 16:15:01,sashakots,62582,https://t.me/sashakots/62582,True,frontline,other,pos,Russian Tsentr forces destroy Ukrainian supply vehicles with multiple bombs at Dobropoilya.,47484,225
2026-06-24 16:19:01,ngp_razvedka,25663,https://t.me/ngp_razvedka/25663,False,none,none,neu,,17091,26
2026-06-24 16:25:23,vysokygovorit,23186,https://t.me/vysokygovorit/23186,True,criticism,army_command,neg,Russian forces avoid publicizing anti-personnel drone strikes due to international pressure concerns.,89323,170
2026-06-24 16:40:22,Sladkov_plus,15697,https://t.me/Sladkov_plus/15697,True,frontline,other,pos,Russian forces continue advancing using drone warfare to disable Ukrainian infrastructure despite enemy activity.,88079,76
2026-06-24 16:43:09,Sladkov_plus,15698,https://t.me/Sladkov_plus/15698,True,russia_internal,mobilisation,pos,"Russia creates seventy new drone warfare brigades in first half 2026, develops interceptor drone units.",85114,139
2026-06-24 16:59:01,sashakots,62590,https://t.me/sashakots/62590,False,none,none,neu,,39490,26
2026-06-24 16:59:01,sashakots,62589,https://t.me/sashakots/62589,False,none,none,neu,,42088,26
2026-06-24 16:59:01,sashakots,62588,https://t.me/sashakots/62588,False,none,none,neu,,40666,26
2026-06-24 16:59:01,sashakots,62587,https://t.me/sashakots/62587,False,none,none,neu,,34681,26
2026-06-24 16:59:01,sashakots,62586,https://t.me/sashakots/62586,False,none,none,neu,,37311,29
2026-06-24 16:59:01,sashakots,62585,https://t.me/sashakots/62585,False,none,none,neu,,37878,27
2026-06-24 16:59:01,sashakots,62584,https://t.me/sashakots/62584,False,none,none,neu,,37730,25
2026-06-24 16:59:01,sashakots,62583,https://t.me/sashakots/62583,False,none,none,neu,,33388,26
2026-06-24 17:05:38,epoddubny,27903,https://t.me/epoddubny/27903,True,frontline,kupyansk,pos,"Russian forces capture Ivolzhanske village in Sumy region, expanding defensive perimeter.",45340,40
2026-06-24 17:06:31,rusich_army,30079,https://t.me/rusich_army/30079,False,none,none,neu,,141838,88
2026-06-24 17:25:42,rybar,81305,https://t.me/rybar/81305,True,russia_internal,economy,neu,Kazakhstan's fuel export restrictions limit potential petroleum sales to Russia despite supply needs.,197430,108
2026-06-24 17:27:01,wargonzo,35053,https://t.me/wargonzo/35053,False,none,none,neu,,42043,19
2026-06-24 17:32:42,sashakots,62591,https://t.me/sashakots/62591,False,none,none,neu,,35067,5
2026-06-24 17:36:02,sashakots,62592,https://t.me/sashakots/62592,False,none,none,neu,,35713,16
2026-06-24 17:52:31,sashakots,62593,https://t.me/sashakots/62593,False,none,none,neu,,45009,5
2026-06-24 17:57:14,Sladkov_plus,15699,https://t.me/Sladkov_plus/15699,True,frontline,kupyansk,pos,Russian forces exploit fractured Ukrainian defenses in Kharkiv region due to troop shortages.,97797,48
2026-06-24 17:58:51,dva_majors,95107,https://t.me/dva_majors/95107,True,west_nato,other,neg,"Zelensky claims Belarus stopped relaying missile targeting data, Russia questions credibility sarcastically.",123345,257
2026-06-24 18:01:21,dva_majors,95108,https://t.me/dva_majors/95108,True,ukraine_strikes_on_russia,drones_on_regions,neu,Russian air defense shoots down 245 Ukrainian combat drones over multiple regions and Crimea.,137878,53
2026-06-24 18:16:26,ngp_razvedka,25665,https://t.me/ngp_razvedka/25665,False,none,none,neu,,16872,6
2026-06-24 19:23:58,dva_majors,95109,https://t.me/dva_majors/95109,True,frontline,kupyansk,pos,Russian forces advancing near Kazachy Lopan in Kharkiv direction with FAB strikes and drone support.,142958,105
2026-06-24 19:34:33,dva_majors,95110,https://t.me/dva_majors/95110,True,ukraine_strikes_on_russia,crimea_energy,neg,Ukraine threatens Crimea operations; Russian blogger acknowledges damage to logistics and morale despite no frontline changes.,183841,803
2026-06-24 19:51:01,rybar,81306,https://t.me/rybar/81306,True,ukraine_strikes_on_russia,drones_on_regions,neg,CIA-coordinated drone and missile attacks on Crimea and Russian refineries; US building drone training facilities.,212697,46
2026-06-24 21:00:51,rybar,81307,https://t.me/rybar/81307,True,frontline,kupyansk,pos,"Russian forces liberate Ivolzhanskoye on Sumy direction, breaking Ukrainian 71st Brigade resistance.",200228,10
2026-06-24 21:43:46,rybar,81311,https://t.me/rybar/81311,False,none,none,neu,,212632,81
2026-06-24 21:43:46,rybar,81310,https://t.me/rybar/81310,False,none,none,neu,,216358,82
2026-06-24 21:43:46,rybar,81309,https://t.me/rybar/81309,False,none,none,neu,,204290,83
2026-06-24 21:43:46,rybar,81308,https://t.me/rybar/81308,True,frontline,other,neu,Russian forces advance on multiple fronts; Ukrainian drones strike Crimea and central Russia causing infrastructure damage.,196252,83
2026-06-25 03:13:24,ngp_razvedka,25666,https://t.me/ngp_razvedka/25666,False,none,none,neu,,17525,18
2026-06-25 03:38:27,dva_majors,95111,https://t.me/dva_majors/95111,False,none,none,neu,,127731,68
2026-06-25 03:39:35,dva_majors,95112,https://t.me/dva_majors/95112,True,strikes_on_ukraine,fuel_infrastructure,pos,Russian forces strike Ukrainian fuel infrastructure; Sevastopol air defense intercepts drones over Crimea and Black Sea.,388661,366
2026-06-25 03:47:04,dva_majors,95113,https://t.me/dva_majors/95113,True,west_nato,negotiations,neg,Author dismisses peace negotiations claims; argues enemy will only negotiate from defeated position; war will be prolonged.,175115,517
2026-06-25 04:56:33,rusich_army,30080,https://t.me/rusich_army/30080,False,none,none,neu,,126625,7
2026-06-25 05:00:01,rusich_army,30082,https://t.me/rusich_army/30082,False,none,none,neu,,118215,23
2026-06-25 05:01:02,sashakots,62595,https://t.me/sashakots/62595,False,none,none,neu,,357886,3542
2026-06-25 05:01:02,sashakots,62594,https://t.me/sashakots/62594,True,criticism,other,neg,Film about military doctor from Mariupol receives lowest score at festival; judges boycott war-related content with crosses.,350620,3668
2026-06-25 05:08:01,wargonzo,35060,https://t.me/wargonzo/35060,False,none,none,neu,,46698,53
2026-06-25 05:08:01,wargonzo,35059,https://t.me/wargonzo/35059,False,none,none,neu,,47998,53
2026-06-25 05:08:01,wargonzo,35058,https://t.me/wargonzo/35058,False,none,none,neu,,44237,53
2026-06-25 05:08:01,wargonzo,35057,https://t.me/wargonzo/35057,False,none,none,neu,,41511,53
2026-06-25 05:08:01,wargonzo,35056,https://t.me/wargonzo/35056,False,none,none,neu,,40468,53
2026-06-25 05:08:01,wargonzo,35055,https://t.me/wargonzo/35055,False,none,none,neu,,38487,54
2026-06-25 05:08:01,wargonzo,35054,https://t.me/wargonzo/35054,True,frontline,hulyaipole,neu,Russian forces expand control on Zaporizhzhia and Donetsk frontlines; advances in Orkhov direction and Konstantinovka.,45001,53
2026-06-25 05:22:08,rybar,81312,https://t.me/rybar/81312,True,strikes_on_ukraine,fuel_infrastructure,pos,Russian forces strike Ukrainian fuel infrastructure; drones intercepted over Crimea; fuel depot hit in Krasnodar region.,177076,54
2026-06-25 05:36:02,dva_majors,95114,https://t.me/dva_majors/95114,True,ukraine_strikes_on_russia,drones_on_regions,neg,Power grid emergency restrictions implemented in Sevastopol due to network overload from Ukrainian drone attacks.,106314,83
2026-06-25 05:39:20,dva_majors,95115,https://t.me/dva_majors/95115,True,strikes_on_ukraine,fuel_infrastructure,pos,Systematic strikes against Ukrainian gas stations with Geran drones indicate coordinated campaign against enemy logistics.,98996,92
2026-06-25 05:48:06,dva_majors,95116,https://t.me/dva_majors/95116,True,strikes_on_ukraine,fuel_infrastructure,pos,Russian forces strike gas station in Zaporizhzhia with video evidence of impact.,98330,155
2026-06-25 05:49:54,dva_majors,95117,https://t.me/dva_majors/95117,True,ukraine_strikes_on_russia,drones_on_regions,pos,Russian air defense intercepts 269 Ukrainian drones overnight over multiple Russian regions and Black Sea.,98977,42
2026-06-25 05:58:58,dva_majors,95118,https://t.me/dva_majors/95118,True,russia_internal,economy,neu,Analysis of potential fuel imports from Kazakhstan; country faces export restrictions and refinery repairs limiting available supply.,90675,120
2026-06-25 06:00:01,sashakots,62596,https://t.me/sashakots/62596,True,strikes_on_ukraine,deep_strikes,pos,Russian Geran-2 drone strikes 110 kV power substation in Nikolaev region supplying military-industrial complex.,39866,61
2026-06-25 06:09:01,rybar,81313,https://t.me/rybar/81313,True,west_nato,other,pos,ICC prosecutor Khan faces dismissal for sexual misconduct; same prosecutor who issued Putin arrest warrant.,187897,50
2026-06-25 06:32:36,wargonzo,35061,https://t.me/wargonzo/35061,True,ukraine_strikes_on_russia,drones_on_regions,neg,Ukrainian strike kills child and adult in Crimea; two more wounded in Denisovka and Krasnogvardeysk.,34922,45
2026-06-25 06:35:57,dva_majors,95119,https://t.me/dva_majors/95119,True,ukraine_strikes_on_russia,drones_on_regions,neg,Ukrainian attack in Crimea kills child and adult; rail service reduced due to ongoing Ukrainian attacks on peninsula.,103402,305
2026-06-25 06:55:02,sashakots,62597,https://t.me/sashakots/62597,True,frontline,other,pos,Telegraph reports Russian forces penetrate Ukrainian fortress city Konstantinovka; NATO fears Moscow aims at Kramatorsk and Slavyansk.,38659,36
2026-06-25 06:59:58,dva_majors,95120,https://t.me/dva_majors/95120,False,none,none,neu,,100648,14
2026-06-25 07:00:58,rusich_army,30083,https://t.me/rusich_army/30083,True,ukraine_strikes_on_russia,drones_on_regions,neg,Ukrainian forces attack Russian regions; 514 drones shot down in 24 hours; Crimea faces water supply crisis from attacks.,133568,55
2026-06-25 07:02:38,sashakots,62598,https://t.me/sashakots/62598,False,none,none,neu,,34327,48
2026-06-25 07:09:02,dva_majors,95121,https://t.me/dva_majors/95121,True,russia_internal,security_cases,neg,Ukrainian drone groups operating from Russian territory; FSB issues public alert with procedures for reporting enemy drone operations.,94685,1525
2026-06-25 07:18:01,wargonzo,35062,https://t.me/wargonzo/35062,False,none,none,neu,,34507,4
2026-06-25 07:25:34,vysokygovorit,23187,https://t.me/vysokygovorit/23187,True,west_nato,rearmament,neg,USA building drone war test ranges with Ukrainian forces' help to prepare for modern drone combat operations.,105311,74
2026-06-25 07:31:02,wargonzo,35065,https://t.me/wargonzo/35065,False,none,none,neu,,47367,10
2026-06-25 07:31:02,wargonzo,35064,https://t.me/wargonzo/35064,False,none,none,neu,,52238,10
2026-06-25 07:31:02,wargonzo,35063,https://t.me/wargonzo/35063,True,west_nato,other,neu,Oman and IMO develop plan to evacuate ships from Persian Gulf; mine clearance underway in Hormuz Strait.,42778,11
2026-06-25 07:32:01,rybar,81314,https://t.me/rybar/81314,True,strikes_on_ukraine,other,neu,Russian military discusses failed Ukrainian destruction of Antonovsky bridge across Dnipro.,193350,164
2026-06-25 07:32:32,dva_majors,95122,https://t.me/dva_majors/95122,True,west_nato,military_aid,neg,Britain plans to sell seized Russian tanker oil and use proceeds for Ukrainian military aid.,119283,309
2026-06-25 07:35:25,sashakots,62599,https://t.me/sashakots/62599,True,frontline,other,pos,Russian mobile fire groups intercept Ukrainian drones near Donetsk with anti-aircraft fire.,113222,131
2026-06-25 07:41:51,Sladkov_plus,15700,https://t.me/Sladkov_plus/15700,False,none,none,neu,,137788,621
2026-06-25 08:04:22,dva_majors,95123,https://t.me/dva_majors/95123,True,west_nato,rearmament,pos,"Germany cancels F126 frigate project after cost overruns, shifts to cheaper MEKO A-200 alternatives.",118463,114
2026-06-25 08:11:53,rybar,81315,https://t.me/rybar/81315,True,strikes_on_ukraine,deep_strikes,pos,Russian guided drone strikes locomotive at Lozova railway station in Kharkiv region.,215469,76
2026-06-25 08:17:49,epoddubny,27904,https://t.me/epoddubny/27904,True,strikes_on_ukraine,fuel_infrastructure,pos,Russian strikes destroy fuel depot and transport hubs supplying Ukrainian forces across multiple regions.,41569,40
2026-06-25 09:01:47,dva_majors,95124,https://t.me/dva_majors/95124,False,none,none,neu,,99638,63
2026-06-25 09:02:01,wargonzo,35066,https://t.me/wargonzo/35066,True,ukraine_strikes_on_russia,other,pos,Russian security forces arrest Mariupol resident allegedly recruited by Ukraine for courthouse bombing.,36725,29
2026-06-25 09:04:55,rusich_army,30084,https://t.me/rusich_army/30084,False,none,none,neu,,100155,17
2026-06-25 09:17:48,epoddubny,27905,https://t.me/epoddubny/27905,True,frontline,other,pos,Russian mobile fire groups intercept Ukrainian drones near Donetsk with anti-aircraft fire.,30221,22
2026-06-25 09:28:01,rybar,81316,https://t.me/rybar/81316,True,west_nato,military_aid,neg,"Israeli defense broker arranges $230 million military equipment deal with Gabon, linked to Ukrainian connections.",184329,44
2026-06-25 09:31:01,epoddubny,27906,https://t.me/epoddubny/27906,True,strikes_on_ukraine,other,pos,Russian strikes on military transport convoy in Zaporizhzhia disrupt Ukrainian drone supply operations.,38829,46
2026-06-25 10:00:53,dva_majors,95125,https://t.me/dva_majors/95125,False,none,none,neu,,94446,10
2026-06-25 10:30:27,dva_majors,95135,https://t.me/dva_majors/95135,False,none,none,neu,,93635,98
2026-06-25 10:30:27,dva_majors,95134,https://t.me/dva_majors/95134,False,none,none,neu,,107223,98
2026-06-25 10:30:27,dva_majors,95133,https://t.me/dva_majors/95133,False,none,none,neu,,103828,100
2026-06-25 10:30:27,dva_majors,95132,https://t.me/dva_majors/95132,False,none,none,neu,,103045,97
2026-06-25 10:30:27,dva_majors,95131,https://t.me/dva_majors/95131,False,none,none,neu,,104868,99
2026-06-25 10:30:27,dva_majors,95130,https://t.me/dva_majors/95130,False,none,none,neu,,100913,97
2026-06-25 10:30:27,dva_majors,95129,https://t.me/dva_majors/95129,False,none,none,neu,,96695,97
2026-06-25 10:30:27,dva_majors,95128,https://t.me/dva_majors/95128,False,none,none,neu,,96624,100
2026-06-25 10:30:27,dva_majors,95127,https://t.me/dva_majors/95127,False,none,none,neu,,96402,106
2026-06-25 10:30:27,dva_majors,95126,https://t.me/dva_majors/95126,False,none,none,neu,,92638,107
2026-06-25 10:45:11,dva_majors,95136,https://t.me/dva_majors/95136,False,none,none,neu,,96508,397
2026-06-25 10:46:13,epoddubny,27910,https://t.me/epoddubny/27910,False,none,none,neu,,38784,51
2026-06-25 10:46:13,epoddubny,27909,https://t.me/epoddubny/27909,False,none,none,neu,,43656,51
2026-06-25 10:46:13,epoddubny,27908,https://t.me/epoddubny/27908,False,none,none,neu,,37943,51
2026-06-25 10:46:13,epoddubny,27907,https://t.me/epoddubny/27907,True,russia_internal,other,pos,Russian military rescues children orphaned by Ukrainian forces in Dobropol direction.,30226,51
2026-06-25 10:55:18,rybar,81319,https://t.me/rybar/81319,False,none,none,neu,,204330,388
2026-06-25 10:55:18,rybar,81318,https://t.me/rybar/81318,False,none,none,neu,,206094,388
2026-06-25 10:55:18,rybar,81317,https://t.me/rybar/81317,True,strikes_on_ukraine,other,neg,"Russian strike on Preobrazhensky bridge in Zaporizhzhia caused no significant damage, lacked systematic approach.",188080,389
2026-06-25 11:00:26,dva_majors,95139,https://t.me/dva_majors/95139,False,none,none,neu,,113840,145
2026-06-25 11:00:26,dva_majors,95138,https://t.me/dva_majors/95138,False,none,none,neu,,128236,145
2026-06-25 11:00:26,dva_majors,95137,https://t.me/dva_majors/95137,True,west_nato,rearmament,neg,France and Germany develop unmanned H145 helicopter with interceptor drones for air defense.,111621,145
2026-06-25 11:01:02,wargonzo,35068,https://t.me/wargonzo/35068,False,none,none,neu,,34065,108
2026-06-25 11:04:32,rusich_army,30085,https://t.me/rusich_army/30085,False,none,none,neu,,93860,159
2026-06-25 11:19:47,sashakots,62601,https://t.me/sashakots/62601,True,strikes_on_ukraine,fuel_infrastructure,pos,Russian Geranium-2 drone destroys gas distribution station in Dnipropetrovsk region.,33585,53
2026-06-25 11:31:02,wargonzo,35069,https://t.me/wargonzo/35069,True,russia_internal,other,pos,Yak-130M combat trainer aircraft completes successful maiden flight with expanded combat capabilities.,34654,52
2026-06-25 11:32:22,dva_majors,95140,https://t.me/dva_majors/95140,True,criticism,regional,neg,Ex-police officer attacks volunteer office supporting military operation in Sverdlovsk region.,102460,224
2026-06-25 11:45:21,ngp_razvedka,25667,https://t.me/ngp_razvedka/25667,False,none,none,neu,,15873,36
2026-06-25 11:50:35,epoddubny,27912,https://t.me/epoddubny/27912,False,none,none,neu,,37785,36
2026-06-25 11:50:35,epoddubny,27911,https://t.me/epoddubny/27911,True,frontline,other,pos,"Russian Southern group supports assault units in Konstantinovka, destroying Ukrainian positions and intercepting supply drones.",35928,33
2026-06-25 11:51:12,sashakots,62603,https://t.me/sashakots/62603,False,none,none,neu,,32558,42
2026-06-25 11:51:12,sashakots,62602,https://t.me/sashakots/62602,True,frontline,other,pos,"Russian forces advancing in Konstantinovka, destroying Ukrainian drones and cutting enemy supply lines to the garrison.",32369,42
2026-06-25 11:59:01,dva_majors,95141,https://t.me/dva_majors/95141,True,ukraine_strikes_on_russia,other,neg,Ukrainian intelligence developing new tactics to detain and seize Russian shadow fleet tankers carrying oil.,113699,437
2026-06-25 12:20:01,sashakots,62604,https://t.me/sashakots/62604,True,russia_internal,other,pos,"Updated Yak-130M trainer aircraft completes first flight, equipped with systems to intercept Ukrainian drones.",35890,58
2026-06-25 12:27:41,vysokygovorit,23188,https://t.me/vysokygovorit/23188,True,west_nato,negotiations,neg,US Secretary of State Rubio denies any formal agreement with Russia existed regarding Ukraine negotiations in Anchorage.,209156,952
2026-06-25 12:36:28,epoddubny,27913,https://t.me/epoddubny/27913,True,west_nato,negotiations,neg,US Secretary of State Rubio denies any formal agreement with Russia existed regarding Ukraine negotiations in Anchorage.,32916,102
2026-06-25 12:51:24,rybar,81320,https://t.me/rybar/81320,True,russia_internal,economy,neg,Apple removes Russian applications including VK services from AppStore without formal US sanctions justification.,200527,111
2026-06-25 13:03:01,epoddubny,27914,https://t.me/epoddubny/27914,True,frontline,other,pos,"Russian Lancet drone destroys Ukrainian tank, disrupting enemy reserve deployment and offensive plans.",77731,83
2026-06-25 13:05:29,rusich_army,30086,https://t.me/rusich_army/30086,True,west_nato,military_aid,neg,Ukrainian commander Syrsky admits critical shortage of infantry forces and need for new brigades to defend Belarus border.,67536,49
2026-06-25 13:22:53,sashakots,62605,https://t.me/sashakots/62605,True,frontline,other,pos,"Russian forces capture ten Ukrainian positions in Krasnaya Liman with air support, inflicting significant casualties.",34017,37
2026-06-25 13:26:31,dva_majors,95142,https://t.me/dva_majors/95142,True,ukraine_strikes_on_russia,drones_on_regions,neg,"Ukrainian drones attack civilian vehicles and infrastructure in Lugansk region, causing casualties and injuries.",117204,119
2026-06-25 13:38:52,epoddubny,27915,https://t.me/epoddubny/27915,False,none,none,neu,,37399,20
2026-06-25 13:47:54,ngp_razvedka,25668,https://t.me/ngp_razvedka/25668,False,none,none,neu,,15896,57
2026-06-25 13:52:41,sashakots,62606,https://t.me/sashakots/62606,True,russia_internal,security_cases,pos,FSB arrests Mariupol resident recruited by Ukraine to carry out bombing attack on court building.,39230,45
2026-06-25 14:00:23,rusich_army,30087,https://t.me/rusich_army/30087,True,strikes_on_ukraine,other,pos,"Russian drones attack Ukrainian fuel infrastructure and logistics, striking gas stations and truck depots in multiple regions.",95312,68
2026-06-25 14:01:02,wargonzo,35070,https://t.me/wargonzo/35070,True,west_nato,negotiations,pos,"Lukashenko meets Ukrainian representatives, warns Zelensky against attempting to draw Belarus into conflict.",33694,57
2026-06-25 14:05:16,rybar,81321,https://t.me/rybar/81321,True,west_nato,military_aid,neg,"EU disburses €3.2 billion tranch to Ukraine for budget and military expenses, with €28.3 billion reserved for armament.",204660,84
2026-06-25 14:24:56,epoddubny,27916,https://t.me/epoddubny/27916,False,none,none,neu,,43694,42
2026-06-25 14:31:13,sashakots,62607,https://t.me/sashakots/62607,True,west_nato,other,neg,Russian analyst argues Apple's removal of Russian apps constitutes digital infrastructure attack comparable to bombing campaigns.,36854,71
2026-06-25 15:03:33,dva_majors,95143,https://t.me/dva_majors/95143,True,russia_internal,economy,pos,Kalashnikov concern signs contracts to export anti-drone shotguns and ammunition to Indian partners.,107574,547
2026-06-25 15:05:00,rusich_army,30088,https://t.me/rusich_army/30088,True,ukraine_strikes_on_russia,other,neg,"France detains Russian shadow fleet tanker Deliver off Sicily, following British seizure of another Russian oil tanker.",101412,89
2026-06-25 15:08:38,dva_majors,95144,https://t.me/dva_majors/95144,False,none,none,neu,,141390,191
2026-06-25 15:09:47,wargonzo,35072,https://t.me/wargonzo/35072,False,none,none,neu,,32897,110
2026-06-25 15:09:47,wargonzo,35071,https://t.me/wargonzo/35071,True,russia_internal,ideology_society,neg,"Russian film about Mariupol military doctor receives boycott votes at film festival, score of 1.07 lowest among competitors.",32752,115
2026-06-25 15:15:49,dva_majors,95145,https://t.me/dva_majors/95145,True,russia_internal,other,neu,"Crimea governor Aksyonov addresses fuel shortage and energy infrastructure damage from Ukrainian strikes, requests public patience.",101493,148
2026-06-25 15:27:18,dva_majors,95150,https://t.me/dva_majors/95150,False,none,none,neu,,230402,965
2026-06-25 15:27:18,dva_majors,95149,https://t.me/dva_majors/95149,False,none,none,neu,,242918,964
2026-06-25 15:27:18,dva_majors,95148,https://t.me/dva_majors/95148,False,none,none,neu,,239318,963
2026-06-25 15:27:18,dva_majors,95147,https://t.me/dva_majors/95147,False,none,none,neu,,224900,963
2026-06-25 15:27:18,dva_majors,95146,https://t.me/dva_majors/95146,True,strikes_on_ukraine,fuel_infrastructure,pos,"Russian drones strike multiple Ukrainian gas stations during fuel crisis, damaging vehicles and infrastructure.",221016,965
2026-06-25 15:29:01,wargonzo,35073,https://t.me/wargonzo/35073,True,west_nato,military_aid,neg,EU withheld €5.9 billion from Ukraine aid over corruption concerns with drone production funding.,33828,27
2026-06-25 15:29:55,ngp_razvedka,25669,https://t.me/ngp_razvedka/25669,False,none,none,neu,,14819,15
2026-06-25 15:32:01,rybar,81322,https://t.me/rybar/81322,True,strikes_on_ukraine,fuel_infrastructure,pos,Russian forces increasingly targeting Ukrainian gas stations and fuel trucks instead of depleted refineries.,225146,287
2026-06-25 15:42:20,dva_majors,95151,https://t.me/dva_majors/95151,True,ukraine_strikes_on_russia,drones_on_regions,neg,Crimean official reports civilian death from Ukrainian drone strike on village near Dzhankoy.,109804,72
2026-06-25 15:46:56,sashakots,62608,https://t.me/sashakots/62608,True,frontline,other,pos,"Russian forces destroyed Ukrainian tank via Lancet strike, disrupting enemy reserve deployment operations.",29446,12
2026-06-25 15:58:30,epoddubny,27917,https://t.me/epoddubny/27917,True,frontline,other,pos,Su-34 bombers conducting continuous operations with FAB-1500 strikes near Krasnyi Liman and Seversky Donets.,44997,50
2026-06-25 16:21:02,wargonzo,35074,https://t.me/wargonzo/35074,True,frontline,hulyaipole,pos,503rd Regiment drones systematically eliminating Ukrainian infantry positions in Zaporizhzhia direction.,34626,25
2026-06-25 16:29:58,dva_majors,95152,https://t.me/dva_majors/95152,False,none,none,neu,,109016,24
2026-06-25 16:32:23,dva_majors,95153,https://t.me/dva_majors/95153,True,west_nato,other,neg,Russian embassy condemns France's seizure of tanker as international piracy violating maritime law.,111713,76
2026-06-25 16:49:45,rybar,81323,https://t.me/rybar/81323,True,russia_internal,security_cases,neg,"Commentary on reduced sentences for social media extortion case, advocating leniency in information crimes.",182929,31
2026-06-25 16:51:02,wargonzo,35075,https://t.me/wargonzo/35075,True,criticism,army_command,neg,Critique of Russian soldiers evading duty and betraying their country during wartime.,38222,76
2026-06-25 16:59:01,sashakots,62613,https://t.me/sashakots/62613,False,none,none,neu,,35413,87
2026-06-25 16:59:01,sashakots,62611,https://t.me/sashakots/62611,False,none,none,neu,,33059,87
2026-06-25 16:59:01,sashakots,62610,https://t.me/sashakots/62610,False,none,none,neu,,32718,87
2026-06-25 16:59:01,sashakots,62609,https://t.me/sashakots/62609,False,none,none,neu,,31080,88
2026-06-25 16:59:01,sashakots,62612,https://t.me/sashakots/62612,False,none,none,neu,,38346,87
2026-06-25 16:59:27,dva_majors,95154,https://t.me/dva_majors/95154,False,none,none,neu,,0,0
2026-06-25 17:00:13,dva_majors,95155,https://t.me/dva_majors/95155,True,west_nato,negotiations,neg,Zelenskyy demands Belarus halt infrastructure construction near Ukrainian border allegedly for military purposes.,116575,267
2026-06-25 17:04:23,rusich_army,30089,https://t.me/rusich_army/30089,False,none,none,neu,,100247,42
2026-06-25 17:05:03,dva_majors,95158,https://t.me/dva_majors/95158,False,none,none,neu,,115445,39
2026-06-25 17:05:03,dva_majors,95157,https://t.me/dva_majors/95157,False,none,none,neu,,116429,39
2026-06-25 17:05:03,dva_majors,95156,https://t.me/dva_majors/95156,False,none,none,neu,,102221,43
2026-06-25 17:12:39,rybar,81324,https://t.me/rybar/81324,True,ukraine_strikes_on_russia,other,pos,Ukrainian call centers systematically defraud EU citizens using phone scams similar to Russian schemes.,184795,159
2026-06-25 17:26:16,rybar,81325,https://t.me/rybar/81325,True,ukraine_strikes_on_russia,other,pos,Aleph Group businessman Ermolayev connected to Ukrainian fraud operations and money laundering network.,184597,161
2026-06-25 17:30:19,ngp_razvedka,25670,https://t.me/ngp_razvedka/25670,True,criticism,government,neg,Commentary warning of future human rights criticism over Russian military operations against Ukraine.,15957,149
2026-06-25 17:31:01,wargonzo,35076,https://t.me/wargonzo/35076,True,ukraine_strikes_on_russia,crimea_energy,neg,Crimean head Aksyonov addresses fuel shortage and energy infrastructure damage from Ukrainian attacks.,45207,63
2026-06-25 17:35:31,sashakots,62614,https://t.me/sashakots/62614,False,none,none,neu,,35399,15
2026-06-25 17:45:20,rybar,81326,https://t.me/rybar/81326,True,strikes_on_ukraine,deep_strikes,pos,Russian strikes destroyed major Ukrainian call center in Dnipropetrovsk with reported $220 million annual turnover.,187598,173
2026-06-25 17:55:59,sashakots,62615,https://t.me/sashakots/62615,False,none,none,neu,,38167,5
2026-06-25 17:57:42,ngp_razvedka,25671,https://t.me/ngp_razvedka/25671,True,west_nato,other,pos,"Belarus opens border crossings allowing Ukrainian refugees to flee without documents, embarrassing Zelenskyy.",18526,149
2026-06-25 18:03:38,vysokygovorit,23189,https://t.me/vysokygovorit/23189,True,criticism,army_command,neg,Critique of inadequate air defense specialists and outdated passive protection strategies for critical infrastructure.,99938,211
2026-06-25 18:13:23,ngp_razvedka,25672,https://t.me/ngp_razvedka/25672,False,none,none,neu,,17648,68
2026-06-25 18:34:05,rybar,81327,https://t.me/rybar/81327,True,russia_internal,security_cases,neu,Guidelines for civilians reporting suspected sabotage groups and drones to FSB authorities.,183771,183
2026-06-25 18:48:12,dva_majors,95159,https://t.me/dva_majors/95159,False,none,none,neu,,117571,292
2026-06-25 18:58:01,rybar,81328,https://t.me/rybar/81328,False,none,none,neu,,180778,43
2026-06-25 19:00:33,Sladkov_plus,15701,https://t.me/Sladkov_plus/15701,False,none,none,neu,,104858,82
2026-06-25 19:01:15,ngp_razvedka,25673,https://t.me/ngp_razvedka/25673,True,ukraine_strikes_on_russia,other,pos,Claims Ukraine drones were successfully intercepted by Russian air defense.,15347,31
2026-06-25 19:01:16,ngp_razvedka,25675,https://t.me/ngp_razvedka/25675,False,none,none,neu,,15818,32
2026-06-25 19:01:16,ngp_razvedka,25674,https://t.me/ngp_razvedka/25674,False,none,none,neu,,16671,31
2026-06-25 19:15:11,rybar,81329,https://t.me/rybar/81329,True,strikes_on_ukraine,fuel_infrastructure,pos,"Russian forces strike Ukrainian logistics, fuel depots, and transport infrastructure near frontlines.",195542,74
2026-06-25 19:17:53,dva_majors,95160,https://t.me/dva_majors/95160,False,none,none,neu,,125696,120
2026-06-25 19:21:54,dva_majors,95161,https://t.me/dva_majors/95161,False,none,none,neu,,464568,6387
2026-06-25 19:21:55,dva_majors,95166,https://t.me/dva_majors/95166,False,none,none,neu,,483293,6303
2026-06-25 19:21:55,dva_majors,95165,https://t.me/dva_majors/95165,False,none,none,neu,,496218,6270
2026-06-25 19:21:55,dva_majors,95164,https://t.me/dva_majors/95164,False,none,none,neu,,488800,6272
2026-06-25 19:21:55,dva_majors,95163,https://t.me/dva_majors/95163,False,none,none,neu,,470257,6272
2026-06-25 19:21:55,dva_majors,95162,https://t.me/dva_majors/95162,False,none,none,neu,,470099,6268
2026-06-25 19:35:56,dva_majors,95167,https://t.me/dva_majors/95167,True,strikes_on_ukraine,other,pos,Kyiv receiving ballistic missile strikes.,131278,150
2026-06-25 20:00:01,rybar,81330,https://t.me/rybar/81330,True,strikes_on_ukraine,fuel_infrastructure,pos,Russian strikes on Ukrainian fuel infrastructure exceed April-May pace with intensive anti-fuel targeting.,190612,25
2026-06-25 20:27:01,rybar,81331,https://t.me/rybar/81331,False,none,none,neu,,282561,39
2026-06-25 20:40:58,dva_majors,95168,https://t.me/dva_majors/95168,True,criticism,government,neg,Demands private refinery owners lose assets and rights over wartime inadequate defense of facilities.,132649,302
2026-06-25 21:09:48,dva_majors,95170,https://t.me/dva_majors/95170,False,none,none,neu,,125940,2
2026-06-25 21:30:23,dva_majors,95171,https://t.me/dva_majors/95171,True,criticism,government,neg,Criticizes outdated 2014 laws and bureaucratic procedures preventing adequate protection of refineries.,121168,271
2026-06-25 21:46:33,dva_majors,95172,https://t.me/dva_majors/95172,True,russia_internal,economy,neu,May 2024 decree made fire safety standards voluntary allowing alternative solutions for refinery protection.,121569,179
2026-06-25 21:49:10,dva_majors,95173,https://t.me/dva_majors/95173,False,none,none,neu,,120966,16
2026-06-25 22:51:15,ngp_razvedka,25676,https://t.me/ngp_razvedka/25676,True,ukraine_strikes_on_russia,drones_on_regions,neu,Claims Ukrainian drone strikes successfully intercepted based on chemical smell and defensive measures observed.,15098,58
2026-06-26 03:04:51,ngp_razvedka,25677,https://t.me/ngp_razvedka/25677,True,russia_internal,ideology_society,neg,Critique of speculators hoarding fuel while Crimea faces genuine crisis with less panic.,14747,62
2026-06-26 03:28:46,ngp_razvedka,25678,https://t.me/ngp_razvedka/25678,True,criticism,government,neg,Condemns privileged individuals blaming government while harassing ordinary people over fuel shortages.,15047,44
2026-06-26 03:52:34,dva_majors,95174,https://t.me/dva_majors/95174,False,none,none,neu,,111095,73
2026-06-26 03:52:43,dva_majors,95175,https://t.me/dva_majors/95175,True,ukraine_strikes_on_russia,drones_on_regions,neg,"Ukrainian drone attacks on Moscow, Tula region cause civilian casualties and infrastructure damage.",370408,413
2026-06-26 04:10:59,dva_majors,95178,https://t.me/dva_majors/95178,False,none,none,neu,,116208,461
2026-06-26 04:10:59,dva_majors,95177,https://t.me/dva_majors/95177,False,none,none,neu,,119774,462
2026-06-26 04:10:59,dva_majors,95176,https://t.me/dva_majors/95176,True,criticism,government,neg,"Industrial sector alleges Rostechnadzor delays refinery security upgrades, enabling repeat Ukrainian strikes.",112747,462
2026-06-26 04:21:52,dva_majors,95179,https://t.me/dva_majors/95179,True,ukraine_strikes_on_russia,drones_on_regions,neu,"Tula region governor reports 84 Ukrainian drones destroyed, airspace threat remains.",111866,101
2026-06-26 04:28:01,ngp_razvedka,25679,https://t.me/ngp_razvedka/25679,True,russia_internal,ideology_society,neg,Discusses societal atomization and lack of civic solidarity threatening Russia during wartime.,16585,27
2026-06-26 05:04:41,rusich_army,30090,https://t.me/rusich_army/30090,False,none,none,neu,,118813,14
2026-06-26 05:08:01,wargonzo,35083,https://t.me/wargonzo/35083,False,none,none,neu,,45000,57
2026-06-26 05:08:01,wargonzo,35082,https://t.me/wargonzo/35082,False,none,none,neu,,46054,56
2026-06-26 05:08:01,wargonzo,35081,https://t.me/wargonzo/35081,False,none,none,neu,,44193,57
2026-06-26 05:08:01,wargonzo,35080,https://t.me/wargonzo/35080,False,none,none,neu,,41097,56
2026-06-26 05:08:01,wargonzo,35079,https://t.me/wargonzo/35079,False,none,none,neu,,41643,57
2026-06-26 05:08:01,wargonzo,35078,https://t.me/wargonzo/35078,False,none,none,neu,,39534,56
2026-06-26 05:08:01,wargonzo,35077,https://t.me/wargonzo/35077,True,frontline,other,neu,"Frontline summary: Russian forces advance in Zaporizhzhia, Donets'k, and Kharkiv directions.",36311,56
2026-06-26 05:59:58,dva_majors,95180,https://t.me/dva_majors/95180,False,none,none,neu,,88259,2
2026-06-26 06:31:42,rybar,81332,https://t.me/rybar/81332,True,ukraine_strikes_on_russia,drones_on_regions,neg,Ukrainian drone attacks on Moscow and Russian regions cause infrastructure damage and casualties.,163730,62
2026-06-26 06:34:33,dva_majors,95181,https://t.me/dva_majors/95181,False,none,none,neu,,80550,104
2026-06-26 06:35:08,sashakots,62616,https://t.me/sashakots/62616,True,west_nato,other,neu,Unknown weapon strikes vessel in Hormuz Strait amid US-Iran tensions and Zelenskyy escalation.,46995,25
2026-06-26 06:40:17,rybar,81333,https://t.me/rybar/81333,True,russia_internal,ideology_society,pos,Celebrates African Corps volunteer's frontline music reflecting combat operations in Sahel region.,180968,64
2026-06-26 06:48:43,epoddubny,27919,https://t.me/epoddubny/27919,False,none,none,neu,,65319,39
2026-06-26 06:48:43,epoddubny,27918,https://t.me/epoddubny/27918,True,ukraine_strikes_on_russia,other,pos,"Russian FPV drones target Ukrainian command communications, transport, and military logistics.",66452,36
2026-06-26 07:00:30,vysokygovorit,23190,https://t.me/vysokygovorit/23190,False,none,none,neu,,92656,14
2026-06-26 07:01:34,dva_majors,95182,https://t.me/dva_majors/95182,False,none,none,neu,,92859,12
2026-06-26 07:14:35,dva_majors,95183,https://t.me/dva_majors/95183,False,none,none,neu,,102573,827
2026-06-26 07:15:28,rusich_army,30091,https://t.me/rusich_army/30091,True,frontline,other,pos,Russian drones monitor Ukrainian command meetings and eliminate personnel during discussions.,99082,61
2026-06-26 07:18:24,dva_majors,95184,https://t.me/dva_majors/95184,True,ukraine_strikes_on_russia,drones_on_regions,neg,Ukrainian drone attack on Sevastopol damages power grids; electricity restoration delayed to evening.,97383,95
2026-06-26 07:18:54,wargonzo,35086,https://t.me/wargonzo/35086,False,none,none,neu,,48998,19
2026-06-26 07:18:54,wargonzo,35085,https://t.me/wargonzo/35085,False,none,none,neu,,52159,18
2026-06-26 07:18:54,wargonzo,35084,https://t.me/wargonzo/35084,True,west_nato,other,neu,IMO halts Persian Gulf evacuation plan after Iranian attack on container ship in Hormuz Strait.,45669,20
2026-06-26 07:22:26,dva_majors,95185,https://t.me/dva_majors/95185,True,strikes_on_ukraine,other,pos,Rostec's automated Citadel air defense system with programmable munitions shoots down dozens of drones.,95422,540
2026-06-26 07:34:03,dva_majors,95186,https://t.me/dva_majors/95186,False,none,none,neu,,105773,743
2026-06-26 07:37:02,rybar,81334,https://t.me/rybar/81334,True,west_nato,alliance_politics,neu,EU Commission and European Investment Bank sign infrastructure development memorandum with Armenia.,180366,42
2026-06-26 07:51:40,Sladkov_plus,15702,https://t.me/Sladkov_plus/15702,True,russia_internal,ideology_society,neg,Sladkov recounts Georgia-Ossetia conflict: peaceful coexistence collapsed when Western influence arrived.,96685,65
2026-06-26 07:53:43,sashakots,62625,https://t.me/sashakots/62625,False,none,none,neu,,25203,7
2026-06-26 07:53:43,sashakots,62624,https://t.me/sashakots/62624,True,strikes_on_ukraine,other,pos,"Russian strike drones target Ukrainian rear bases, communications systems, and logistics.",25754,6
2026-06-26 08:02:02,wargonzo,35087,https://t.me/wargonzo/35087,False,none,none,neu,,35939,41
2026-06-26 08:03:31,dva_majors,95187,https://t.me/dva_majors/95187,True,west_nato,military_aid,neu,Spain tests AI-guided interceptor drone system for naval air defense.,101732,154
2026-06-26 08:11:58,sashakots,62626,https://t.me/sashakots/62626,True,strikes_on_ukraine,other,pos,Russian Su-34 bombers strike Ukrainian military positions and drone control centers.,33303,33
2026-06-26 08:23:27,epoddubny,27920,https://t.me/epoddubny/27920,True,strikes_on_ukraine,other,pos,Russian FAB-500 bombs hit Ukrainian rear bases and drone command centers.,37052,35
2026-06-26 08:28:41,dva_majors,95188,https://t.me/dva_majors/95188,False,none,none,neu,,101840,55
2026-06-26 08:32:18,rybar,81335,https://t.me/rybar/81335,True,russia_internal,security_cases,neg,FSB arrests 17-year-old SBU agent recruiting minors for terror attacks in Russia.,191960,270
2026-06-26 08:53:36,dva_majors,95189,https://t.me/dva_majors/95189,False,none,none,neu,,110544,52
2026-06-26 08:54:19,sashakots,62629,https://t.me/sashakots/62629,False,none,none,neu,,69153,149
2026-06-26 08:54:19,sashakots,62628,https://t.me/sashakots/62628,False,none,none,neu,,74384,149
2026-06-26 08:54:19,sashakots,62627,https://t.me/sashakots/62627,True,strikes_on_ukraine,deep_strikes,pos,"Russian missiles and drones strike Kyiv, Poltava, and Kremenchug infrastructure.",63617,160
2026-06-26 09:02:42,rusich_army,30092,https://t.me/rusich_army/30092,True,ukraine_strikes_on_russia,drones_on_regions,neg,"Ukrainian drone attacks hit Crimea and Russian regions, causing casualties and damage.",81247,96
2026-06-26 09:05:09,wargonzo,35088,https://t.me/wargonzo/35088,True,criticism,government,neg,Expert claims US and Ukraine knew children were in targeted dormitory building.,34302,55
2026-06-26 09:11:35,epoddubny,27923,https://t.me/epoddubny/27923,False,none,none,neu,,32526,47
2026-06-26 09:11:35,epoddubny,27922,https://t.me/epoddubny/27922,False,none,none,neu,,33548,47
2026-06-26 09:11:35,epoddubny,27921,https://t.me/epoddubny/27921,True,strikes_on_ukraine,deep_strikes,pos,"Russian missiles and drones strike Kyiv, Poltava, and Kremenchug infrastructure.",30126,47
2026-06-26 09:33:43,dva_majors,95190,https://t.me/dva_majors/95190,True,strikes_on_ukraine,other,pos,"Russian air defense destroyed 89 bombs, 5 Storm Shadow rockets, and 4,562 drones weekly.",102876,98
2026-06-26 09:34:00,dva_majors,95193,https://t.me/dva_majors/95193,False,none,none,neu,,88191,92
2026-06-26 09:34:00,dva_majors,95192,https://t.me/dva_majors/95192,False,none,none,neu,,89309,91
2026-06-26 09:34:00,dva_majors,95191,https://t.me/dva_majors/95191,True,strikes_on_ukraine,deep_strikes,pos,Combined Russian missile and drone strikes hit Kremenchug refinery and Kyiv.,88432,92
2026-06-26 09:40:51,dva_majors,95194,https://t.me/dva_majors/95194,True,criticism,government,neg,Post advocates eliminating Ukrainian leadership in response to Crimea attacks.,102376,344
2026-06-26 09:43:59,rybar,81336,https://t.me/rybar/81336,True,west_nato,military_aid,neg,Japan adopts Palantir AI systems for military exercises targeting China.,181336,62
2026-06-26 09:47:53,dva_majors,95195,https://t.me/dva_majors/95195,True,west_nato,negotiations,neu,Russian FM clarifies discrepancies about US-Russia negotiations on Ukraine.,107593,337
2026-06-26 09:53:01,epoddubny,27924,https://t.me/epoddubny/27924,True,frontline,other,pos,Russian forces destroy Ukrainian Bohdana self-propelled gun in Sumy region.,37406,46
2026-06-26 10:30:42,rybar,81337,https://t.me/rybar/81337,True,ukraine_strikes_on_russia,drones_on_regions,neg,"Record Ukrainian drone attack targets Crimea, Tula, and other Russian regions.",185526,94
2026-06-26 10:31:02,dva_majors,95197,https://t.me/dva_majors/95197,True,russia_internal,other,neu,Crimea introduces emergency regime to accelerate budget allocations and federal aid.,112976,214
2026-06-26 10:31:21,dva_majors,95199,https://t.me/dva_majors/95199,False,none,none,neu,,120993,301
2026-06-26 10:31:21,dva_majors,95198,https://t.me/dva_majors/95198,True,russia_internal,other,neu,Emergency regime established in Crimea to improve economic stability.,117998,311
2026-06-26 10:36:30,wargonzo,35092,https://t.me/wargonzo/35092,True,west_nato,rearmament,pos,German F126 frigate program faces delays and cost overruns over 10 billion euros.,34898,30
2026-06-26 10:54:47,sashakots,62636,https://t.me/sashakots/62636,False,none,none,neu,,33594,103
2026-06-26 10:54:47,sashakots,62635,https://t.me/sashakots/62635,False,none,none,neu,,34411,103
2026-06-26 10:54:47,sashakots,62634,https://t.me/sashakots/62634,False,none,none,neu,,30778,105
2026-06-26 10:54:47,sashakots,62633,https://t.me/sashakots/62633,True,russia_internal,security_cases,neg,FSB arrests SBU agent who recruited minors for school terror attacks.,27126,106
2026-06-26 10:56:43,vysokygovorit,23191,https://t.me/vysokygovorit/23191,False,none,none,neu,,80290,10
2026-06-26 11:05:42,wargonzo,35094,https://t.me/wargonzo/35094,True,west_nato,negotiations,neg,US media ignores 2014 history and Ukraine's role in Donbas conflict buildup.,37407,39
2026-06-26 11:18:39,dva_majors,95200,https://t.me/dva_majors/95200,True,russia_internal,other,neu,"Long queues at Crimea Bridge checkpoints with 2,450 vehicles waiting over five hours.",125678,373
2026-06-26 11:28:50,sashakots,62637,https://t.me/sashakots/62637,True,frontline,other,pos,"Russian forces clearing Konstantinovka buildings; 763 structures freed, 560+ Ukrainian soldiers eliminated.",35927,69
2026-06-26 11:34:12,rybar,81338,https://t.me/rybar/81338,True,strikes_on_ukraine,fuel_infrastructure,neg,Russian media exaggerates fuel infrastructure strikes based on false Ukrainian claims about 150 fuel stations.,191011,158
2026-06-26 11:38:56,epoddubny,27925,https://t.me/epoddubny/27925,True,russia_internal,other,pos,Russia exchanged 160 military prisoners with Ukraine in latest swap operation.,35360,21
2026-06-26 11:58:43,sashakots,62638,https://t.me/sashakots/62638,True,russia_internal,other,pos,160 Russian soldiers returned from captivity in prisoner exchange; medical support provided.,34981,23
2026-06-26 12:03:04,rybar,81339,https://t.me/rybar/81339,True,russia_internal,other,neg,Crimea and Sevastopol declare emergency regime due to security situation.,190924,190
2026-06-26 12:09:59,epoddubny,27926,https://t.me/epoddubny/27926,True,frontline,other,pos,Russian units advance in Red Liman using drone and artillery support for building-to-building clearance.,38795,33
2026-06-26 12:27:08,sashakots,62639,https://t.me/sashakots/62639,True,russia_internal,other,pos,Released Russian soldiers return from captivity after prisoner exchange.,46899,68
2026-06-26 12:59:44,dva_majors,95201,https://t.me/dva_majors/95201,True,russia_internal,other,neg,Analysis of why refineries burn: federal defense responsibility versus private sector protection gaps.,157572,537
2026-06-26 13:01:28,rusich_army,30095,https://t.me/rusich_army/30095,False,none,none,neu,,61214,33
2026-06-26 13:02:01,rybar,81340,https://t.me/rybar/81340,True,strikes_on_ukraine,deep_strikes,pos,Russian forces strike Kyiv and Kremenchuk refinery; secondary detonations indicate successful hits.,188712,69
2026-06-26 13:21:40,rybar,81342,https://t.me/rybar/81342,False,none,none,neu,,190229,56
2026-06-26 13:21:40,rybar,81341,https://t.me/rybar/81341,True,russia_internal,other,pos,"Russia exchanges 160 prisoners with Ukraine; over 1,500 returned since 2025.",193642,56
2026-06-26 13:36:36,wargonzo,35095,https://t.me/wargonzo/35095,True,russia_internal,other,pos,160 Russian soldiers returned in prisoner exchange; rehabilitation and medical support provided.,37509,10
2026-06-26 13:43:15,sashakots,62640,https://t.me/sashakots/62640,True,frontline,other,pos,Russian FAB-1500 strikes destroy 81st Ukrainian air assault brigade positions at Slavyansk power plant.,30709,85
2026-06-26 13:50:36,wargonzo,35096,https://t.me/wargonzo/35096,False,none,none,neu,,34602,14
2026-06-26 14:09:26,epoddubny,27931,https://t.me/epoddubny/27931,False,none,none,neu,,39383,7
2026-06-26 14:09:26,epoddubny,27930,https://t.me/epoddubny/27930,False,none,none,neu,,41074,7
2026-06-26 14:09:26,epoddubny,27929,https://t.me/epoddubny/27929,False,none,none,neu,,36663,7
2026-06-26 14:09:26,epoddubny,27928,https://t.me/epoddubny/27928,False,none,none,neu,,35678,7
2026-06-26 14:09:26,epoddubny,27927,https://t.me/epoddubny/27927,False,none,none,neu,,34221,7
2026-06-26 14:09:27,epoddubny,27935,https://t.me/epoddubny/27935,False,none,none,neu,,43970,7
2026-06-26 14:09:27,epoddubny,27934,https://t.me/epoddubny/27934,False,none,none,neu,,51205,7
2026-06-26 14:09:27,epoddubny,27933,https://t.me/epoddubny/27933,False,none,none,neu,,47501,7
2026-06-26 14:09:27,epoddubny,27932,https://t.me/epoddubny/27932,False,none,none,neu,,42795,7
2026-06-26 14:16:22,sashakots,62641,https://t.me/sashakots/62641,True,russia_internal,other,pos,"Russia blocks 60,000 migrants using biometric control at borders since year start.",30078,69
2026-06-26 14:36:01,rybar,81343,https://t.me/rybar/81343,True,russia_internal,other,pos,"Biometric system at Russian borders prevents 60,000 foreign citizens from entering; crime drops 40%.",186268,92
2026-06-26 14:39:01,epoddubny,27936,https://t.me/epoddubny/27936,True,frontline,other,pos,Russian forces attack 81st Ukrainian brigade near Slavyansk power plant with FAB-1500 munitions.,48283,47
2026-06-26 14:39:17,wargonzo,35097,https://t.me/wargonzo/35097,False,none,none,neu,,34077,28
2026-06-26 14:51:10,sashakots,62642,https://t.me/sashakots/62642,False,none,none,neu,,35015,106
2026-06-26 15:01:01,rusich_army,30098,https://t.me/rusich_army/30098,False,none,none,neu,,65913,98
2026-06-26 15:01:01,rusich_army,30097,https://t.me/rusich_army/30097,False,none,none,neu,,64986,98
2026-06-26 15:01:01,rusich_army,30096,https://t.me/rusich_army/30096,True,west_nato,military_aid,neg,European companies expand Ukraine drone and defense technology production in Poland conference.,86009,99
2026-06-26 15:02:12,rybar,81344,https://t.me/rybar/81344,True,frontline,other,neg,"Ukrainian forces advance near Kamenske-Zaporizhzhia, occupying Primorske and pressuring Plavni.",199171,401
2026-06-26 15:21:00,sashakots,62644,https://t.me/sashakots/62644,True,strikes_on_ukraine,other,pos,Russian Geran-2 drones destroy five locomotives on Ukrainian rail network.,138459,284
2026-06-26 15:30:25,dva_majors,95211,https://t.me/dva_majors/95211,False,none,none,neu,,112147,93
2026-06-26 15:30:25,dva_majors,95210,https://t.me/dva_majors/95210,False,none,none,neu,,118866,105
2026-06-26 15:30:25,dva_majors,95209,https://t.me/dva_majors/95209,False,none,none,neu,,124394,93
2026-06-26 15:30:25,dva_majors,95208,https://t.me/dva_majors/95208,False,none,none,neu,,110359,91
2026-06-26 15:30:25,dva_majors,95207,https://t.me/dva_majors/95207,False,none,none,neu,,117204,91
2026-06-26 15:30:25,dva_majors,95206,https://t.me/dva_majors/95206,False,none,none,neu,,112536,90
2026-06-26 15:30:25,dva_majors,95205,https://t.me/dva_majors/95205,False,none,none,neu,,112635,89
2026-06-26 15:30:25,dva_majors,95204,https://t.me/dva_majors/95204,False,none,none,neu,,109028,91
2026-06-26 15:30:25,dva_majors,95203,https://t.me/dva_majors/95203,False,none,none,neu,,108315,88
2026-06-26 15:30:25,dva_majors,95202,https://t.me/dva_majors/95202,False,none,none,neu,,108521,90
2026-06-26 15:33:56,ngp_razvedka,25680,https://t.me/ngp_razvedka/25680,False,none,none,neu,,16749,5
2026-06-26 15:45:10,dva_majors,95212,https://t.me/dva_majors/95212,True,west_nato,other,neg,"Moldova bans Russian artists and media under Western pressure, limiting cultural exchange.",109845,102
2026-06-26 15:47:31,epoddubny,27937,https://t.me/epoddubny/27937,True,strikes_on_ukraine,other,pos,Five enemy locomotives destroyed by Geran-2 drones on supply routes in Zaporizhzhia and Kharkiv.,47560,80
2026-06-26 15:52:06,wargonzo,35098,https://t.me/wargonzo/35098,False,none,none,neu,,36037,32
2026-06-26 16:18:18,dva_majors,95213,https://t.me/dva_majors/95213,True,west_nato,military_aid,neg,"US develops 1850km air-to-air missile AFLRW, revolutionary range exceeding current systems tenfold.",119631,196
2026-06-26 16:20:35,rybar,81345,https://t.me/rybar/81345,True,russia_internal,elite_politics,neu,Putin appoints new officials to restructure Rossotrudnichestvo's soft power apparatus.,221323,161
2026-06-26 16:31:38,Sladkov_plus,15703,https://t.me/Sladkov_plus/15703,False,none,none,neu,,88237,160
2026-06-26 17:00:12,dva_majors,95214,https://t.me/dva_majors/95214,True,frontline,hulyaipole,pos,14th Special Forces Brigade engages enemy manpower and equipment in Zaporizhzhia direction.,119807,30
2026-06-26 17:08:01,rybar,81346,https://t.me/rybar/81346,True,strikes_on_ukraine,other,pos,US MAAWLR mobile air defense system destroyed by FPV drones in Kharkiv region.,193674,106
2026-06-26 17:15:40,sashakots,62646,https://t.me/sashakots/62646,False,none,none,neu,,36690,31
2026-06-26 17:15:40,sashakots,62645,https://t.me/sashakots/62645,False,none,none,neu,,34592,32
2026-06-26 17:32:28,sashakots,62647,https://t.me/sashakots/62647,False,none,none,neu,,36611,11
2026-06-26 17:43:51,dva_majors,95215,https://t.me/dva_majors/95215,False,none,none,neu,,125867,253
2026-06-26 17:48:27,sashakots,62648,https://t.me/sashakots/62648,False,none,none,neu,,38793,7
2026-06-26 18:04:01,rybar,81347,https://t.me/rybar/81347,True,strikes_on_ukraine,other,pos,Five trains destroyed by Geran drones on Malynivka-Lozova railway hub in Kharkiv-Zaporizhzhia.,292566,262
2026-06-26 18:08:13,wargonzo,35099,https://t.me/wargonzo/35099,True,west_nato,negotiations,pos,"Former US intelligence officer Scott Ritter visits Donbas, criticizes Western narratives on SVO.",32409,45
2026-06-26 18:10:42,dva_majors,95216,https://t.me/dva_majors/95216,True,ukraine_strikes_on_russia,drones_on_regions,neg,"Ukraine damages space communications center in Gus-Khrustalny, Vladimir region.",127743,601
2026-06-26 18:29:19,dva_majors,95217,https://t.me/dva_majors/95217,False,none,none,neu,,135941,47
2026-06-26 18:29:25,dva_majors,95218,https://t.me/dva_majors/95218,False,none,none,neu,,0,0
2026-06-26 18:39:39,ngp_razvedka,25681,https://t.me/ngp_razvedka/25681,False,none,none,neu,,15612,0
2026-06-26 18:45:00,dva_majors,95219,https://t.me/dva_majors/95219,True,frontline,pokrovsk,pos,Russian forces conduct bombing raids on Druzhkovka area behind Konstantinovka front.,130771,96
2026-06-26 18:48:27,ngp_razvedka,25682,https://t.me/ngp_razvedka/25682,False,none,none,neu,,15186,4
2026-06-26 18:53:32,vysokygovorit,23192,https://t.me/vysokygovorit/23192,True,strikes_on_ukraine,other,pos,Five trains destroyed by Geran drones on Malynivka-Lozova railway hub in Kharkiv-Zaporizhzhia.,77685,89
2026-06-26 18:54:40,ngp_razvedka,25683,https://t.me/ngp_razvedka/25683,True,strikes_on_ukraine,fuel_infrastructure,pos,Ukraine suffers fuel shortages from drone attacks on tankers and fuel depots.,17499,90
2026-06-26 19:20:09,wargonzo,35100,https://t.me/wargonzo/35100,True,frontline,kupyansk,pos,Drone strike destroys enemy vehicle and personnel during attempted repositioning in Sumy direction.,30958,8
2026-06-26 19:26:04,Sladkov_plus,15704,https://t.me/Sladkov_plus/15704,False,none,none,neu,,96055,138
2026-06-26 19:35:09,wargonzo,35105,https://t.me/wargonzo/35105,False,none,none,neu,,42667,32
2026-06-26 19:35:09,wargonzo,35104,https://t.me/wargonzo/35104,False,none,none,neu,,41362,33
2026-06-26 19:35:09,wargonzo,35103,https://t.me/wargonzo/35103,False,none,none,neu,,34973,33
2026-06-26 19:35:09,wargonzo,35102,https://t.me/wargonzo/35102,False,none,none,neu,,33466,34
2026-06-26 19:35:09,wargonzo,35101,https://t.me/wargonzo/35101,True,west_nato,military_aid,neu,North Korea modernizes 240mm MLRS and 155mm artillery with extended range and AI targeting.,31718,36
2026-06-26 19:35:12,rybar,81349,https://t.me/rybar/81349,False,none,none,neu,,201380,87
2026-06-26 19:35:12,rybar,81348,https://t.me/rybar/81348,True,frontline,hulyaipole,neg,Russian forces report unfavorable dynamics on Zaporizhzhia front as Ukrainian forces advance southward.,206306,88
2026-06-26 19:40:10,dva_majors,95220,https://t.me/dva_majors/95220,True,frontline,other,pos,Russian drone operator destroys Ukrainian positions and mortar crew in Velikoburluk area.,128446,38
2026-06-26 20:00:01,rybar,81350,https://t.me/rybar/81350,True,west_nato,other,neu,Civilian ship damaged near Oman; IMO suspends escort operation in Hormuz Strait amid tensions.,199032,27
2026-06-26 20:00:22,ngp_razvedka,25684,https://t.me/ngp_razvedka/25684,True,strikes_on_ukraine,other,pos,Zaporizhzhia under intensive Russian strikes for third consecutive week.,15935,49
2026-06-26 20:49:01,rybar,81351,https://t.me/rybar/81351,True,strikes_on_ukraine,other,pos,Russian forces actively destroying Ukrainian railway locomotives with increasing video confirmation.,284878,30
2026-06-26 21:29:08,vysokygovorit,23193,https://t.me/vysokygovorit/23193,True,strikes_on_ukraine,other,pos,Geran-2 Siker drones destroy five Ukrainian locomotives in railway infrastructure strikes.,84435,171
2026-06-26 21:31:39,wargonzo,35106,https://t.me/wargonzo/35106,False,none,none,neu,,39738,12
2026-06-26 22:07:23,ngp_razvedka,25685,https://t.me/ngp_razvedka/25685,True,russia_internal,ideology_society,neu,Analysis of why repeated strikes on Ukrainian infrastructure require sustained campaign not single attacks.,25648,240
2026-06-27 03:40:40,dva_majors,95221,https://t.me/dva_majors/95221,False,none,none,neu,,116135,201
2026-06-27 03:41:05,dva_majors,95222,https://t.me/dva_majors/95222,True,ukraine_strikes_on_russia,drones_on_regions,neu,Russia reports 175 drones destroyed; strike hits Volgograd factory; logistics campaign continues.,376864,414
2026-06-27 05:02:29,rusich_army,30101,https://t.me/rusich_army/30101,False,none,none,neu,,111868,11
2026-06-27 05:38:33,Sladkov_plus,15705,https://t.me/Sladkov_plus/15705,True,frontline,other,pos,Russian forces advancing toward Konstantinovka as Ukrainian military evacuates repair facilities.,91472,105
2026-06-27 05:41:13,rybar,81352,https://t.me/rybar/81352,True,ukraine_strikes_on_russia,drones_on_regions,neu,Russia reports 175 drones destroyed; strike hits Volgograd factory; logistics campaign continues.,176304,57
2026-06-27 05:58:58,dva_majors,95223,https://t.me/dva_majors/95223,False,none,none,neu,,88675,10
2026-06-27 06:25:16,rybar,81353,https://t.me/rybar/81353,False,none,none,neu,,189990,126
2026-06-27 06:29:37,vysokygovorit,23194,https://t.me/vysokygovorit/23194,False,none,none,neu,,109406,35
2026-06-27 06:34:19,dva_majors,95224,https://t.me/dva_majors/95224,True,frontline,other,pos,Russian drone operator detects and destroys Ukrainian howitzer in Zaporizhzhia direction.,101699,50
2026-06-27 06:51:36,sashakots,62649,https://t.me/sashakots/62649,True,strikes_on_ukraine,fuel_infrastructure,pos,"Russian strike destroys 330kV substation in Konotop, disrupting Ukrainian logistics hub.",77053,238
2026-06-27 06:59:29,epoddubny,27938,https://t.me/epoddubny/27938,True,frontline,other,pos,Russian FPV drone destroys German Leopard tank near Konstantinovka.,201944,255
2026-06-27 07:00:35,dva_majors,95225,https://t.me/dva_majors/95225,False,none,none,neu,,92784,2
2026-06-27 07:01:01,rusich_army,30102,https://t.me/rusich_army/30102,True,ukraine_strikes_on_russia,other,neg,Ukrainian strike hits Russian Titan-Barricades factory producing missile systems.,113116,96
2026-06-27 07:03:01,rybar,81354,https://t.me/rybar/81354,True,strikes_on_ukraine,fuel_infrastructure,pos,Analysis: targeting 22 oil depots in Odesa region could cripple Ukrainian logistics.,274484,423
2026-06-27 07:09:44,wargonzo,35113,https://t.me/wargonzo/35113,False,none,none,neu,,43514,50
2026-06-27 07:09:44,wargonzo,35112,https://t.me/wargonzo/35112,False,none,none,neu,,47315,50
2026-06-27 07:09:44,wargonzo,35111,https://t.me/wargonzo/35111,False,none,none,neu,,43768,50
2026-06-27 07:09:44,wargonzo,35110,https://t.me/wargonzo/35110,False,none,none,neu,,39304,50
2026-06-27 07:09:44,wargonzo,35109,https://t.me/wargonzo/35109,False,none,none,neu,,40775,50
2026-06-27 07:09:44,wargonzo,35108,https://t.me/wargonzo/35108,False,none,none,neu,,38828,51
2026-06-27 07:09:44,wargonzo,35107,https://t.me/wargonzo/35107,True,frontline,other,pos,"Russian forces advance on multiple fronts: Zaporizhzhia, Donetsk, and Kharkiv sectors.",47065,52
2026-06-27 07:13:29,dva_majors,95226,https://t.me/dva_majors/95226,True,frontline,other,pos,Russian drone destroys another Ukrainian locomotive in Kherson direction.,107774,189
2026-06-27 07:34:39,dva_majors,95227,https://t.me/dva_majors/95227,False,none,none,neu,,95489,75
2026-06-27 07:43:41,epoddubny,27939,https://t.me/epoddubny/27939,True,strikes_on_ukraine,fuel_infrastructure,pos,"Russian strike destroys 330kV substation in Konotop, disrupting Ukrainian logistics hub.",38969,81
2026-06-27 07:52:10,epoddubny,27940,https://t.me/epoddubny/27940,True,strikes_on_ukraine,deep_strikes,pos,Russian airstrikes target Slavyansk thermal power station used by Ukrainian forces.,43750,50
2026-06-27 07:56:25,dva_majors,95229,https://t.me/dva_majors/95229,False,none,none,neu,,90098,659
2026-06-27 07:59:16,sashakots,62650,https://t.me/sashakots/62650,False,none,none,neu,,35688,15
2026-06-27 08:00:01,rusich_army,30103,https://t.me/rusich_army/30103,True,frontline,other,pos,Russian unit uses thermite mixture to expel Ukrainian forces from positions.,67032,130
2026-06-27 08:01:02,wargonzo,35114,https://t.me/wargonzo/35114,True,west_nato,other,neu,US conducts airstrikes on Iranian targets; Iran retaliates after ship attack.,33331,16
2026-06-27 08:04:26,dva_majors,95230,https://t.me/dva_majors/95230,False,none,none,neu,,84242,88
2026-06-27 08:33:47,dva_majors,95231,https://t.me/dva_majors/95231,False,none,none,neu,,103593,218
2026-06-27 08:45:17,rusich_army,30104,https://t.me/rusich_army/30104,False,none,none,neu,,71706,36
2026-06-27 08:49:58,dva_majors,95232,https://t.me/dva_majors/95232,True,frontline,pokrovsk,pos,"Russian forces liberate Novoskelvatoe settlement, establish bridgehead west of Gaichiur river.",96826,61
2026-06-27 08:56:48,Sladkov_plus,15706,https://t.me/Sladkov_plus/15706,False,none,none,neu,,95990,30
2026-06-27 08:59:53,vysokygovorit,23195,https://t.me/vysokygovorit/23195,False,none,none,neu,,72030,12
2026-06-27 09:01:01,rusich_army,30105,https://t.me/rusich_army/30105,True,criticism,government,neg,Authorities wrongly instruct citizens that Ukrainian drones are launched from Russian territory.,55028,74
2026-06-27 09:12:46,rybar,81355,https://t.me/rybar/81355,True,strikes_on_ukraine,fuel_infrastructure,neu,Russian strikes on Ukrainian rail and fuel infrastructure affect logistics chain and frontline supply.,198575,125
2026-06-27 09:28:42,ngp_razvedka,25686,https://t.me/ngp_razvedka/25686,True,strikes_on_ukraine,deep_strikes,pos,"Russian drones operate close to Kramatorsk and Slavyansk, expanding strike zone.",15789,64
2026-06-27 09:36:28,epoddubny,27941,https://t.me/epoddubny/27941,True,frontline,other,pos,"Russian kamikaze drone operators deployed to Kherson direction, destroying Ukrainian drones.",46967,54
2026-06-27 09:40:59,dva_majors,95240,https://t.me/dva_majors/95240,False,none,none,neu,,117126,84
2026-06-27 09:40:59,dva_majors,95239,https://t.me/dva_majors/95239,False,none,none,neu,,108192,83
2026-06-27 09:40:59,dva_majors,95238,https://t.me/dva_majors/95238,False,none,none,neu,,103874,82
2026-06-27 09:40:59,dva_majors,95237,https://t.me/dva_majors/95237,False,none,none,neu,,100777,83
2026-06-27 09:40:59,dva_majors,95236,https://t.me/dva_majors/95236,False,none,none,neu,,99010,83
2026-06-27 09:40:59,dva_majors,95235,https://t.me/dva_majors/95235,False,none,none,neu,,96584,82
2026-06-27 09:40:59,dva_majors,95234,https://t.me/dva_majors/95234,False,none,none,neu,,96765,84
2026-06-27 09:40:59,dva_majors,95233,https://t.me/dva_majors/95233,False,none,none,neu,,96044,82
2026-06-27 09:41:00,dva_majors,95242,https://t.me/dva_majors/95242,False,none,none,neu,,100241,85
2026-06-27 09:41:00,dva_majors,95241,https://t.me/dva_majors/95241,False,none,none,neu,,124067,83
2026-06-27 09:46:01,dva_majors,95243,https://t.me/dva_majors/95243,True,west_nato,negotiations,neg,Ukraine's deputy PM presents infrastructure privatization projects to foreign investors.,102462,284
2026-06-27 10:02:02,wargonzo,35117,https://t.me/wargonzo/35117,False,none,none,neu,,36772,61
2026-06-27 10:02:02,wargonzo,35116,https://t.me/wargonzo/35116,False,none,none,neu,,37132,61
2026-06-27 10:02:02,wargonzo,35115,https://t.me/wargonzo/35115,True,strikes_on_ukraine,fuel_infrastructure,neu,Ukraine faces fuel crisis from Russian strikes on refineries and logistics; Russia experiences similar supply disruptions.,30307,61
2026-06-27 10:37:43,rybar,81356,https://t.me/rybar/81356,True,strikes_on_ukraine,fuel_infrastructure,neg,Russian strikes insufficient to destroy Ukrainian fuel infrastructure in southern regions.,222161,355
2026-06-27 11:03:09,dva_majors,95244,https://t.me/dva_majors/95244,True,russia_internal,other,pos,Five Kursk residents released from Ukrainian captivity; Ukraine concealed their location.,99429,99
2026-06-27 11:03:51,rusich_army,30106,https://t.me/rusich_army/30106,True,frontline,other,pos,Ukrainian vehicle detected masked under tree but destroyed by Russian forces.,53488,22
2026-06-27 11:05:25,sashakots,62652,https://t.me/sashakots/62652,False,none,none,neu,,36764,40
2026-06-27 11:05:25,sashakots,62651,https://t.me/sashakots/62651,True,frontline,pokrovsk,pos,"Russian Vostok grouping liberates Novoskelvatoe, creates bridgehead for Pokrovsk advance.",36877,42
2026-06-27 11:31:15,Sladkov_plus,15707,https://t.me/Sladkov_plus/15707,True,criticism,government,neg,"Ukrainian drone attacks on museums publicized for funding purposes, criticized as counterproductive.",101373,152
2026-06-27 11:35:14,wargonzo,35118,https://t.me/wargonzo/35118,True,ukraine_strikes_on_russia,drones_on_regions,neg,Ukrainian strike on Sambekskie Heights military museum during festival injures twelve people.,35758,121
2026-06-27 11:44:46,sashakots,62653,https://t.me/sashakots/62653,True,frontline,other,pos,Russian FPV drones destroy German Leopard tank near Konstantinovka through coordinated attacks.,28326,48
2026-06-27 11:55:43,dva_majors,95245,https://t.me/dva_majors/95245,False,none,none,neu,,93079,21
2026-06-27 12:00:28,rybar,81357,https://t.me/rybar/81357,True,strikes_on_ukraine,fuel_infrastructure,neg,Russian strikes on Ukrainian fuel bases in Dnipropetrovsk region insufficient and poorly coordinated.,286137,601
2026-06-27 12:00:59,rusich_army,30110,https://t.me/rusich_army/30110,False,none,none,neu,,168785,101
2026-06-27 12:00:59,rusich_army,30109,https://t.me/rusich_army/30109,False,none,none,neu,,181636,100
2026-06-27 12:00:59,rusich_army,30108,https://t.me/rusich_army/30108,False,none,none,neu,,174797,102
2026-06-27 12:00:59,rusich_army,30107,https://t.me/rusich_army/30107,False,none,none,neu,,167134,102
2026-06-27 12:02:07,epoddubny,27942,https://t.me/epoddubny/27942,True,strikes_on_ukraine,deep_strikes,pos,Russian forces destroy two MiG-29 fighters and support equipment at Voznesensk airfield.,52043,97
2026-06-27 12:03:28,dva_majors,95246,https://t.me/dva_majors/95246,True,west_nato,rearmament,neg,"Sweden equips coast guard with machine guns on patrol ships, plans fleet-wide militarization by 2030.",203531,167
2026-06-27 12:22:34,vysokygovorit,23199,https://t.me/vysokygovorit/23199,False,none,none,neu,,80754,9
2026-06-27 12:22:34,vysokygovorit,23198,https://t.me/vysokygovorit/23198,False,none,none,neu,,85440,10
2026-06-27 12:22:34,vysokygovorit,23197,https://t.me/vysokygovorit/23197,False,none,none,neu,,83318,11
2026-06-27 12:22:34,vysokygovorit,23196,https://t.me/vysokygovorit/23196,False,none,none,neu,,79328,10
2026-06-27 13:01:52,rusich_army,30111,https://t.me/rusich_army/30111,True,frontline,other,pos,Russian forces maintain readiness on Kinburn Peninsula; Special Operations prepare for possible amphibious operation.,260394,510
2026-06-27 13:05:15,rybar,81358,https://t.me/rybar/81358,True,strikes_on_ukraine,fuel_infrastructure,pos,"Russian strikes on Ukrainian fuel infrastructure continue, destroying gas stations across controlled territories.",215933,175
2026-06-27 13:09:48,dva_majors,95247,https://t.me/dva_majors/95247,True,frontline,other,neu,Russian forces maintain combat readiness at Kinburn Peninsula despite Ukrainian activity and possible amphibious operation preparations.,93714,166
2026-06-27 13:31:01,wargonzo,35119,https://t.me/wargonzo/35119,True,frontline,hulyaipole,pos,Russian drone operators destroyed a Ukrainian fortification near Orekhovoe using incendiary munitions in Zaporizhzhia direction.,36985,26
2026-06-27 13:32:29,dva_majors,95248,https://t.me/dva_majors/95248,True,ukraine_strikes_on_russia,drones_on_regions,neg,"Ukrainian drones attacked military museum at Sambekskiye Heights in Rostov region, damaging WW2 memorial complex, injuring twelve.",124783,224
2026-06-27 13:38:58,rybar,81359,https://t.me/rybar/81359,True,strikes_on_ukraine,deep_strikes,pos,Russian forces destroyed two MiG-29 fighters at Voznesensk airfield in Mykolaiv using Shahed-4 loitering munitions.,200592,273
2026-06-27 14:01:02,wargonzo,35120,https://t.me/wargonzo/35120,True,strikes_on_ukraine,deep_strikes,pos,"Russian Geran-4 drones destroyed two Ukrainian MiG-29 fighters at Voznesensk airbase, hitting fuel trucks and personnel.",37998,36
2026-06-27 14:26:01,vysokygovorit,23200,https://t.me/vysokygovorit/23200,True,frontline,hulyaipole,pos,FPV drones from Russian forces destroyed a German Leopard tank near Konstantinovka in camouflaged position through coordinated strikes.,80966,85
2026-06-27 14:30:55,dva_majors,95250,https://t.me/dva_majors/95250,False,none,none,neu,,93967,231
2026-06-27 14:30:55,dva_majors,95249,https://t.me/dva_majors/95249,True,west_nato,military_aid,neg,Ukrainian Fire Point weapons company announced plans to produce ballistic missiles targeting Moscow and St. Petersburg.,92851,230
2026-06-27 14:45:48,rusich_army,30112,https://t.me/rusich_army/30112,True,west_nato,rearmament,neg,"Sweden's coast guard equips patrol ships with machine guns amid NATO militarization, completing program by 2030.",45913,38
2026-06-27 14:59:02,rybar,81360,https://t.me/rybar/81360,True,russia_internal,ideology_society,neg,Russian tour operators continue promoting programs accredited by British Council despite it being designated undesirable organization.,191055,46
2026-06-27 15:02:02,wargonzo,35121,https://t.me/wargonzo/35121,True,ukraine_strikes_on_russia,drones_on_regions,neg,"Ukrainian drone attacked civilian vehicle in Bryansk region, killing driver and injuring female passenger.",35073,34
2026-06-27 15:03:40,dva_majors,95254,https://t.me/dva_majors/95254,False,none,none,neu,,105419,60
2026-06-27 15:03:40,dva_majors,95253,https://t.me/dva_majors/95253,False,none,none,neu,,106605,60
2026-06-27 15:03:40,dva_majors,95252,https://t.me/dva_majors/95252,False,none,none,neu,,105636,61
2026-06-27 15:03:40,dva_majors,95251,https://t.me/dva_majors/95251,True,russia_internal,other,neu,D. Skiff body armor Pekhotinetsi-M passed complex field tests maintaining functionality in water and combat conditions.,96450,61
2026-06-27 15:11:20,ngp_razvedka,25687,https://t.me/ngp_razvedka/25687,False,none,none,neu,,15481,12
2026-06-27 15:27:22,dva_majors,95255,https://t.me/dva_majors/95255,True,west_nato,negotiations,neu,"Putin and Lukashenko conduct closed negotiations with no details released or media coverage, unusual for Belarus-Russia meetings.",90589,229
2026-06-27 15:31:23,ngp_razvedka,25688,https://t.me/ngp_razvedka/25688,False,none,none,neu,,14441,2
2026-06-27 15:32:37,dva_majors,95265,https://t.me/dva_majors/95265,False,none,none,neu,,109850,88
2026-06-27 15:32:37,dva_majors,95264,https://t.me/dva_majors/95264,False,none,none,neu,,124702,89
2026-06-27 15:32:37,dva_majors,95263,https://t.me/dva_majors/95263,False,none,none,neu,,129398,86
2026-06-27 15:32:37,dva_majors,95262,https://t.me/dva_majors/95262,False,none,none,neu,,109396,84
2026-06-27 15:32:37,dva_majors,95261,https://t.me/dva_majors/95261,False,none,none,neu,,116217,85
2026-06-27 15:32:37,dva_majors,95260,https://t.me/dva_majors/95260,False,none,none,neu,,112626,88
2026-06-27 15:32:37,dva_majors,95259,https://t.me/dva_majors/95259,False,none,none,neu,,110785,88
2026-06-27 15:32:37,dva_majors,95258,https://t.me/dva_majors/95258,False,none,none,neu,,105664,84
2026-06-27 15:32:37,dva_majors,95257,https://t.me/dva_majors/95257,False,none,none,neu,,104693,84
2026-06-27 15:32:37,dva_majors,95256,https://t.me/dva_majors/95256,False,none,none,neu,,104860,86
2026-06-27 15:59:02,rybar,81361,https://t.me/rybar/81361,True,russia_internal,other,neu,"Myanmar military switches tactical focus from Rakhine state to Chin and Sagaing regions, risking territorial loss to insurgents.",186402,39
2026-06-27 15:59:58,dva_majors,95266,https://t.me/dva_majors/95266,False,none,none,neu,,120979,31
2026-06-27 16:12:36,ngp_razvedka,25689,https://t.me/ngp_razvedka/25689,False,none,none,neu,,15111,1
2026-06-27 16:30:40,dva_majors,95267,https://t.me/dva_majors/95267,False,none,none,neu,,118266,355
2026-06-27 16:42:01,wargonzo,35122,https://t.me/wargonzo/35122,False,none,none,neu,,37667,9
2026-06-27 16:59:01,sashakots,62660,https://t.me/sashakots/62660,False,none,none,neu,,43496,98
2026-06-27 16:59:01,sashakots,62659,https://t.me/sashakots/62659,False,none,none,neu,,43831,98
2026-06-27 16:59:01,sashakots,62658,https://t.me/sashakots/62658,False,none,none,neu,,35506,98
2026-06-27 16:59:01,sashakots,62657,https://t.me/sashakots/62657,False,none,none,neu,,34649,98
2026-06-27 16:59:01,sashakots,62656,https://t.me/sashakots/62656,False,none,none,neu,,34761,99
2026-06-27 16:59:01,sashakots,62655,https://t.me/sashakots/62655,False,none,none,neu,,33135,99
2026-06-27 17:01:26,rusich_army,30115,https://t.me/rusich_army/30115,True,frontline,other,pos,"Russian drone attacked Ukrainian infantry during unloading operation, destroying personnel and equipment.",111892,36
2026-06-27 17:04:11,dva_majors,95268,https://t.me/dva_majors/95268,True,russia_internal,ideology_society,neu,War affects entire Russia regardless of location or wealth; national survival depends on collective contribution.,132223,106
2026-06-27 17:13:06,ngp_razvedka,25690,https://t.me/ngp_razvedka/25690,False,none,none,neu,,16018,1
2026-06-27 17:19:23,epoddubny,27943,https://t.me/epoddubny/27943,True,frontline,other,pos,Russian artillery division successfully eliminates Ukrainian equipment and personnel around Konstantinovka using various weapons systems.,49934,38
2026-06-27 17:33:49,rybar,81362,https://t.me/rybar/81362,True,frontline,pokrovsk,pos,"Russian Vostok forces advance near Novoskelevate, seize Gaichur river crossing, and disrupt Ukrainian positions in Dnipropetrovsk direction.",202796,117
2026-06-27 17:34:30,sashakots,62661,https://t.me/sashakots/62661,False,none,none,neu,,36629,11
2026-06-27 17:48:01,ngp_razvedka,25691,https://t.me/ngp_razvedka/25691,False,none,none,neu,,16774,36
2026-06-27 17:54:05,sashakots,62662,https://t.me/sashakots/62662,False,none,none,neu,,37801,17
2026-06-27 18:07:40,dva_majors,95269,https://t.me/dva_majors/95269,False,none,none,neu,,135174,140
2026-06-27 18:09:00,dva_majors,95270,https://t.me/dva_majors/95270,False,none,none,neu,,134817,91
2026-06-27 18:12:49,ngp_razvedka,25692,https://t.me/ngp_razvedka/25692,True,ukraine_strikes_on_russia,drones_on_regions,pos,"Russian forces establish drone control over Druzhkovka-Kramatorsk highway, restricting Ukrainian movement and planning expansion.",18112,52
2026-06-27 18:28:58,rybar,81363,https://t.me/rybar/81363,True,frontline,other,pos,"Russian Yuzhnaya forces continue clearing Konstantinovka, expanding control and eliminating Ukrainian pockets of resistance.",199211,109
2026-06-27 19:30:35,wargonzo,35123,https://t.me/wargonzo/35123,False,none,none,neu,,36878,66
2026-06-27 19:47:57,rybar,81366,https://t.me/rybar/81366,False,none,none,neu,,201181,79
2026-06-27 19:47:57,rybar,81365,https://t.me/rybar/81365,False,none,none,neu,,203479,79
2026-06-27 19:47:57,rybar,81364,https://t.me/rybar/81364,True,strikes_on_ukraine,other,neu,"Russian forces conduct strikes on Ukrainian infrastructure; Ukraine attacks Russian regions including Crimea, Volgograd, and Rostov region.",190645,79
2026-06-27 19:56:13,rybar,81367,https://t.me/rybar/81367,False,none,none,neu,,196245,21
2026-06-27 19:56:56,wargonzo,35124,https://t.me/wargonzo/35124,False,none,none,neu,,39525,18
2026-06-27 20:08:11,ngp_razvedka,25693,https://t.me/ngp_razvedka/25693,False,none,none,neu,,15855,40
2026-06-27 20:29:53,ngp_razvedka,25694,https://t.me/ngp_razvedka/25694,False,none,none,neu,,17222,67
2026-06-27 20:33:42,rybar,81368,https://t.me/rybar/81368,False,none,none,neu,,286746,37
2026-06-27 20:48:59,ngp_razvedka,25695,https://t.me/ngp_razvedka/25695,True,ukraine_strikes_on_russia,drones_on_regions,neg,Warning to Krasnodar region of Ukrainian drone attack threat; exhorts air defense and gun crews to counter the strikes.,16440,55
2026-06-27 20:58:07,ngp_razvedka,25696,https://t.me/ngp_razvedka/25696,False,none,none,neu,,16542,16
2026-06-28 03:37:26,dva_majors,95271,https://t.me/dva_majors/95271,True,ukraine_strikes_on_russia,drones_on_regions,neg,"Ukrainian drones attacked Krasnodar region, killing one person and damaging infrastructure including oil refinery.",127668,219
2026-06-28 04:03:06,dva_majors,95272,https://t.me/dva_majors/95272,True,ukraine_strikes_on_russia,drones_on_regions,neg,"Ukraine conducted planned drone strikes on Russian refineries, creating fuel shortages and affecting millions of Russian citizens.",371061,760
2026-06-28 05:02:39,sashakots,62663,https://t.me/sashakots/62663,False,none,none,neu,,38297,21
2026-06-28 05:06:51,rusich_army,30116,https://t.me/rusich_army/30116,False,none,none,neu,,120971,34
2026-06-28 05:26:24,wargonzo,35126,https://t.me/wargonzo/35126,False,none,none,neu,,38809,21
2026-06-28 05:26:24,wargonzo,35125,https://t.me/wargonzo/35125,True,west_nato,other,neu,US conducted strikes on Iranian military infrastructure; Iran retaliated with drones and ballistic missiles against US bases.,38773,22
2026-06-28 06:27:02,rybar,81369,https://t.me/rybar/81369,True,ukraine_strikes_on_russia,drones_on_regions,neg,Ukraine executed coordinated drone campaign against Russian refineries causing fuel production losses and regional shortages.,170535,131
2026-06-28 06:30:37,sashakots,62664,https://t.me/sashakots/62664,True,strikes_on_ukraine,fuel_infrastructure,pos,"Russian forces struck Ukrainian fuel complex near Zaporizhzhia, confirming massive fire with loitering munitions.",29277,38
2026-06-28 06:30:40,dva_majors,95273,https://t.me/dva_majors/95273,False,none,none,neu,,90387,11
2026-06-28 06:40:42,sashakots,62665,https://t.me/sashakots/62665,False,none,none,neu,,28868,46
2026-06-28 06:42:14,rybar,81370,https://t.me/rybar/81370,True,west_nato,military_aid,neg,Pentagon expanded AI role in military targeting decisions to cope with war tempo and adversary capabilities.,184098,179
2026-06-28 06:46:05,dva_majors,95274,https://t.me/dva_majors/95274,True,ukraine_strikes_on_russia,drones_on_regions,neu,Russian air defense shot down 213 Ukrainian drones over western and southern Russian regions overnight.,100449,51
2026-06-28 06:57:57,sashakots,62669,https://t.me/sashakots/62669,False,none,none,neu,,32385,59
2026-06-28 06:57:57,sashakots,62668,https://t.me/sashakots/62668,False,none,none,neu,,38061,60
2026-06-28 06:57:57,sashakots,62667,https://t.me/sashakots/62667,False,none,none,neu,,37220,60
2026-06-28 06:57:57,sashakots,62666,https://t.me/sashakots/62666,True,west_nato,other,neu,US-Iran mutual strikes escalate; Iran targeted US bases after US struck Iranian military infrastructure south.,33865,62
2026-06-28 07:02:32,dva_majors,95275,https://t.me/dva_majors/95275,False,none,none,neu,,102713,14
2026-06-28 07:04:22,rusich_army,30117,https://t.me/rusich_army/30117,True,ukraine_strikes_on_russia,drones_on_regions,neg,Ukrainian drones attacked southern Russian regions including Slavyansk refinery; 213+ drones reported intercepted.,115914,79
2026-06-28 07:06:02,wargonzo,35127,https://t.me/wargonzo/35127,True,frontline,other,neu,Donetsk endured massive Ukrainian drone attack; air defense engaged targets throughout morning with no casualty reports.,34630,50
2026-06-28 07:31:01,wargonzo,35135,https://t.me/wargonzo/35135,False,none,none,neu,,37574,54
2026-06-28 07:31:01,wargonzo,35134,https://t.me/wargonzo/35134,False,none,none,neu,,40277,54
2026-06-28 07:31:01,wargonzo,35133,https://t.me/wargonzo/35133,False,none,none,neu,,39512,53
2026-06-28 07:31:01,wargonzo,35131,https://t.me/wargonzo/35131,False,none,none,neu,,36669,54
2026-06-28 07:31:01,wargonzo,35130,https://t.me/wargonzo/35130,False,none,none,neu,,36762,54
2026-06-28 07:31:01,wargonzo,35129,https://t.me/wargonzo/35129,False,none,none,neu,,34534,53
2026-06-28 07:31:01,wargonzo,35128,https://t.me/wargonzo/35128,False,none,none,neu,,36363,53
2026-06-28 07:31:01,wargonzo,35132,https://t.me/wargonzo/35132,True,frontline,other,pos,Russian forces advance in Zaporizhzhia and Donetsk sectors; liberated Novoskelevate and made progress near Konstantinovka.,36427,53
2026-06-28 08:04:30,dva_majors,95276,https://t.me/dva_majors/95276,True,strikes_on_ukraine,fuel_infrastructure,neg,Slavyansk refinery repeatedly attacked by Ukrainian drones since 2024; latest strike caused fire and damage.,102308,427
2026-06-28 08:05:15,rybar,81371,https://t.me/rybar/81371,True,ukraine_strikes_on_russia,other,neg,Ukraine depends on imported LNG from US via European ports; US supplies 70-80% of Ukraine's gas needs.,186826,131
2026-06-28 08:07:42,wargonzo,35137,https://t.me/wargonzo/35137,False,none,none,neu,,37355,113
2026-06-28 08:07:42,wargonzo,35136,https://t.me/wargonzo/35136,True,ukraine_strikes_on_russia,drones_on_regions,neg,"Ukrainian drone attack on Krasnodar killed one civilian, damaged Slavyansk refinery causing fire.",39479,113
2026-06-28 08:14:44,epoddubny,27944,https://t.me/epoddubny/27944,True,frontline,other,pos,"Russian drone operators in Konstantinovka destroyed Ukrainian drone command centers and logistics, suppressing enemy operations.",70525,53
2026-06-28 08:33:29,dva_majors,95277,https://t.me/dva_majors/95277,True,frontline,other,pos,Russian forces liberated Pisantsy in Dnipropetrovsk; destroyed Ukrainian military equipment and personnel.,97397,74
2026-06-28 08:42:50,dva_majors,95279,https://t.me/dva_majors/95279,False,none,none,neu,,150519,1031
2026-06-28 08:42:50,dva_majors,95278,https://t.me/dva_majors/95278,True,russia_internal,other,pos,Russia presented new Citadel air defense system to protect critical infrastructure from drone attacks.,199881,1035
2026-06-28 09:01:34,rusich_army,30118,https://t.me/rusich_army/30118,False,none,none,neu,,99582,11
2026-06-28 09:01:49,rusich_army,30119,https://t.me/rusich_army/30119,False,none,none,neu,,103255,7
2026-06-28 09:20:19,dva_majors,95280,https://t.me/dva_majors/95280,True,ukraine_strikes_on_russia,drones_on_regions,neg,Ukrainian drones destroyed civilian bus fleet in Kherson region including 14 school buses.,101168,212
2026-06-28 09:21:49,sashakots,62670,https://t.me/sashakots/62670,True,strikes_on_ukraine,other,pos,Russian Geranium drones struck Ukrainian special operations training base in Nikolaev region.,32750,116
2026-06-28 09:32:01,rybar,81372,https://t.me/rybar/81372,True,criticism,government,neg,"Russian federal media downplays war casualties and problems, creating cognitive dissonance with reality.",196234,264
2026-06-28 09:38:54,sashakots,62676,https://t.me/sashakots/62676,False,none,none,neu,,29846,82
2026-06-28 09:38:54,sashakots,62675,https://t.me/sashakots/62675,False,none,none,neu,,34921,82
2026-06-28 09:38:54,sashakots,62674,https://t.me/sashakots/62674,False,none,none,neu,,32075,82
2026-06-28 09:38:54,sashakots,62673,https://t.me/sashakots/62673,False,none,none,neu,,28545,82
2026-06-28 09:38:54,sashakots,62672,https://t.me/sashakots/62672,False,none,none,neu,,28234,82
2026-06-28 09:38:54,sashakots,62671,https://t.me/sashakots/62671,True,strikes_on_ukraine,deep_strikes,pos,Russian forces conducted strikes on Ukrainian industrial facilities and fuel infrastructure across multiple regions.,25861,84
2026-06-28 09:42:55,vysokygovorit,23202,https://t.me/vysokygovorit/23202,False,none,none,neu,,74184,306
2026-06-28 09:42:55,vysokygovorit,23201,https://t.me/vysokygovorit/23201,True,russia_internal,other,pos,Russian Citadel air defense system successfully intercepts enemy drones with programmable ammunition.,73900,305
2026-06-28 09:50:11,dva_majors,95281,https://t.me/dva_majors/95281,True,frontline,hulyaipole,pos,"Russian 38th brigade liberated Novoseloka settlement in Zaporizhzhia region, destroyed Ukrainian personnel and equipment.",102792,71
2026-06-28 10:02:01,wargonzo,35138,https://t.me/wargonzo/35138,True,west_nato,negotiations,neu,Belarus-Ukraine tensions escalate as Zelensky threatens military action over alleged Russian support.,36138,36
2026-06-28 10:15:14,sashakots,62677,https://t.me/sashakots/62677,True,frontline,hulyaipole,pos,"Russian 36th brigade liberated Pisantsy settlement in Dnipropetrovsk region, advancing strategic positions.",27625,48
2026-06-28 10:33:45,dva_majors,95291,https://t.me/dva_majors/95291,False,none,none,neu,,105655,87
2026-06-28 10:33:45,dva_majors,95290,https://t.me/dva_majors/95290,False,none,none,neu,,135640,87
2026-06-28 10:33:45,dva_majors,95289,https://t.me/dva_majors/95289,False,none,none,neu,,115980,108
2026-06-28 10:33:45,dva_majors,95288,https://t.me/dva_majors/95288,False,none,none,neu,,131067,85
2026-06-28 10:33:45,dva_majors,95287,https://t.me/dva_majors/95287,False,none,none,neu,,114451,85
2026-06-28 10:33:45,dva_majors,95286,https://t.me/dva_majors/95286,False,none,none,neu,,126532,86
2026-06-28 10:33:45,dva_majors,95285,https://t.me/dva_majors/95285,False,none,none,neu,,109470,90
2026-06-28 10:33:45,dva_majors,95284,https://t.me/dva_majors/95284,False,none,none,neu,,108701,94
2026-06-28 10:33:45,dva_majors,95283,https://t.me/dva_majors/95283,False,none,none,neu,,108039,86
2026-06-28 10:33:45,dva_majors,95282,https://t.me/dva_majors/95282,False,none,none,neu,,103339,97
2026-06-28 10:45:00,dva_majors,95292,https://t.me/dva_majors/95292,True,strikes_on_ukraine,fuel_infrastructure,pos,Russian analyst justifies strikes on Ukrainian gas stations as effective military strategy to disrupt supplies.,113704,248
2026-06-28 11:01:01,sashakots,62678,https://t.me/sashakots/62678,True,frontline,hulyaipole,pos,"Russian 38th brigade captures Novoseloka, continuing westward advance toward Orekhovsk in Zaporizhzhia.",33443,36
2026-06-28 11:02:01,rusich_army,30120,https://t.me/rusich_army/30120,True,frontline,other,neu,Ukrainian special forces reportedly preparing amphibious operation on Kinburn Peninsula against Russian positions.,279545,1004
2026-06-28 11:05:13,rybar,81374,https://t.me/rybar/81374,False,none,none,neu,,190544,157
2026-06-28 11:05:13,rybar,81373,https://t.me/rybar/81373,True,ukraine_strikes_on_russia,other,neg,"Ukrainian energy infrastructure survives strikes, plans to monetize gas storage facilities for Europe.",191647,159
2026-06-28 11:26:01,wargonzo,35139,https://t.me/wargonzo/35139,False,none,none,neu,,37136,13
2026-06-28 11:31:04,sashakots,62681,https://t.me/sashakots/62681,False,none,none,neu,,69370,63
2026-06-28 11:55:50,Sladkov_plus,15708,https://t.me/Sladkov_plus/15708,True,criticism,army_command,neg,Russian military critic warns of persistent lack of dispersal discipline and poor ammunition storage practices.,95671,289
2026-06-28 11:56:52,dva_majors,95293,https://t.me/dva_majors/95293,True,frontline,other,neu,Ukrainian special forces reportedly preparing amphibious operation on Kinburn Peninsula against Russian positions.,105858,380
2026-06-28 12:19:48,epoddubny,27945,https://t.me/epoddubny/27945,False,none,none,neu,,39807,25
2026-06-28 12:23:01,rybar,81375,https://t.me/rybar/81375,True,criticism,government,neg,Russian federal media inadequate coverage of war problems enables civilian indifference and poor security awareness.,190916,176
2026-06-28 12:45:26,rusich_army,30121,https://t.me/rusich_army/30121,True,russia_internal,other,pos,Russia presents Citadel short-range air defense system for protecting critical infrastructure from drone attacks.,96519,222
2026-06-28 12:45:27,rusich_army,30122,https://t.me/rusich_army/30122,False,none,none,neu,,44782,223
2026-06-28 13:01:00,ngp_razvedka,25697,https://t.me/ngp_razvedka/25697,True,west_nato,other,neg,Russian commentary mocks Kyiv's planned Mazepa monument as glorifying Ukrainian treachery and collaboration.,15731,34
2026-06-28 13:01:03,rusich_army,30123,https://t.me/rusich_army/30123,True,west_nato,other,neg,"Middle East conflict escalates between Iran and US with drone and missile strikes, Trump threatens escalation.",101440,31
2026-06-28 13:02:01,wargonzo,35140,https://t.me/wargonzo/35140,True,strikes_on_ukraine,other,pos,Russian Geranium drones destroyed Ukrainian special operations training base and personnel in Nikolaev region.,37228,39
2026-06-28 13:24:01,rybar,81378,https://t.me/rybar/81378,False,none,none,neu,,384195,446
2026-06-28 13:24:01,rybar,81377,https://t.me/rybar/81377,False,none,none,neu,,394696,447
2026-06-28 13:24:01,rybar,81376,https://t.me/rybar/81376,True,criticism,government,neg,"Russian authorities prosecute civilians filming drone strikes, enforcing stricter controls on objective documentation.",375293,447
2026-06-28 13:28:47,epoddubny,27946,https://t.me/epoddubny/27946,True,russia_internal,ideology_society,pos,Putin emphasizes Russia's defense of fundamental values and societal unity against Western interference.,49729,42
2026-06-28 13:35:20,rybar,81379,https://t.me/rybar/81379,True,strikes_on_ukraine,other,pos,"Russian forces struck Ukrainian amphibious training base in Nikolaev region, destroying equipment and personnel.",344629,132
2026-06-28 14:17:02,rybar,81380,https://t.me/rybar/81380,True,west_nato,other,neg,British police database used AI to assign 'risk scores' to residents for potential criminal behavior.,339598,65
2026-06-28 14:20:11,wargonzo,35141,https://t.me/wargonzo/35141,False,none,none,neu,,35910,10
2026-06-28 14:25:27,dva_majors,95294,https://t.me/dva_majors/95294,True,criticism,government,neg,Official Russian sources fail to explain energy and infrastructure damage as results of Ukrainian attacks.,109028,151
2026-06-28 14:32:14,ngp_razvedka,25698,https://t.me/ngp_razvedka/25698,True,frontline,hulyaipole,pos,"Russian forces concentrate fire on Zaporizhzhia region, threatening railway and cargo transport.",15479,32
2026-06-28 14:33:49,sashakots,62682,https://t.me/sashakots/62682,True,frontline,other,pos,Russian forces destroy Ukrainian drone command posts in Konstantinovka buildings and limit Ukrainian drone operations.,25304,14
2026-06-28 14:50:11,dva_majors,95295,https://t.me/dva_majors/95295,False,none,none,neu,,93849,13
2026-06-28 15:00:19,dva_majors,95300,https://t.me/dva_majors/95300,False,none,none,neu,,99453,103
2026-06-28 15:00:19,dva_majors,95299,https://t.me/dva_majors/95299,False,none,none,neu,,100511,103
2026-06-28 15:00:19,dva_majors,95298,https://t.me/dva_majors/95298,False,none,none,neu,,96424,103
2026-06-28 15:00:19,dva_majors,95297,https://t.me/dva_majors/95297,False,none,none,neu,,92758,103
2026-06-28 15:00:19,dva_majors,95296,https://t.me/dva_majors/95296,False,none,none,neu,,90302,104
2026-06-28 15:04:07,rusich_army,30124,https://t.me/rusich_army/30124,False,none,none,neu,,89984,52
2026-06-28 15:05:20,rybar,81381,https://t.me/rybar/81381,True,frontline,pokrovsk,pos,"Russian Vostok group advances in Dnipropetrovsk direction, capturing Pisantsy and Novoskelyvatoe.",357556,104
2026-06-28 15:17:40,sashakots,62683,https://t.me/sashakots/62683,True,frontline,other,pos,Russian Vega drone interceptors destroy Ukrainian reconnaissance and attack drones including Shark and Hornet systems.,28423,38
2026-06-28 15:19:01,wargonzo,35142,https://t.me/wargonzo/35142,True,west_nato,alliance_politics,neg,EU prepares to restrict temporary protection status for Ukrainian men of draft age.,38364,61
2026-06-28 15:32:11,dva_majors,95310,https://t.me/dva_majors/95310,False,none,none,neu,,103655,104
2026-06-28 15:32:11,dva_majors,95309,https://t.me/dva_majors/95309,False,none,none,neu,,114916,110
2026-06-28 15:32:11,dva_majors,95308,https://t.me/dva_majors/95308,False,none,none,neu,,119582,116
2026-06-28 15:32:11,dva_majors,95307,https://t.me/dva_majors/95307,False,none,none,neu,,102004,100
2026-06-28 15:32:11,dva_majors,95306,https://t.me/dva_majors/95306,False,none,none,neu,,111286,102
2026-06-28 15:32:11,dva_majors,95305,https://t.me/dva_majors/95305,False,none,none,neu,,111446,117
2026-06-28 15:32:11,dva_majors,95304,https://t.me/dva_majors/95304,False,none,none,neu,,107561,103
2026-06-28 15:32:11,dva_majors,95303,https://t.me/dva_majors/95303,False,none,none,neu,,98600,103
2026-06-28 15:32:11,dva_majors,95302,https://t.me/dva_majors/95302,False,none,none,neu,,96085,101
2026-06-28 15:32:11,dva_majors,95301,https://t.me/dva_majors/95301,False,none,none,neu,,93961,105
2026-06-28 15:35:19,rybar,81382,https://t.me/rybar/81382,True,frontline,other,neu,Ukrainian claim to have taken Kinburn Spit contradicted by video evidence of Russian forces maintaining positions.,427414,153
2026-06-28 15:45:13,dva_majors,95311,https://t.me/dva_majors/95311,True,frontline,other,pos,Russian FPV-air defense unit intercepts and destroys heavy Ukrainian attack drones.,111437,21
2026-06-28 15:51:46,dva_majors,95312,https://t.me/dva_majors/95312,True,strikes_on_ukraine,fuel_infrastructure,neu,"Fire at Slavyansk-on-Kuban oil refinery covers over 20,000 square meters.",122771,455
2026-06-28 15:55:53,sashakots,62684,https://t.me/sashakots/62684,True,russia_internal,elite_politics,pos,Putin claims Russia cannot be defeated militarily and attributes terrorism to Kyiv regime's desperation.,31892,68
2026-06-28 16:03:57,dva_majors,95313,https://t.me/dva_majors/95313,False,none,none,neu,,126223,20
2026-06-28 16:15:11,dva_majors,95314,https://t.me/dva_majors/95314,False,none,none,neu,,139226,33
2026-06-28 16:31:35,ngp_razvedka,25699,https://t.me/ngp_razvedka/25699,False,none,none,neu,,15520,7
2026-06-28 16:45:27,rusich_army,30125,https://t.me/rusich_army/30125,True,frontline,other,neu,Ukrainian claim to control Kinburn Spit disproven by Russian military video evidence.,82812,36
2026-06-28 16:47:01,rybar,81383,https://t.me/rybar/81383,True,russia_internal,other,pos,Russian parliament reduces rifle ownership waiting period from five to three years.,344843,317
2026-06-28 16:59:01,sashakots,62689,https://t.me/sashakots/62689,False,none,none,neu,,34963,46
2026-06-28 16:59:01,sashakots,62688,https://t.me/sashakots/62688,False,none,none,neu,,32663,45
2026-06-28 16:59:01,sashakots,62687,https://t.me/sashakots/62687,False,none,none,neu,,31373,45
2026-06-28 16:59:01,sashakots,62686,https://t.me/sashakots/62686,False,none,none,neu,,30167,45
2026-06-28 16:59:01,sashakots,62685,https://t.me/sashakots/62685,False,none,none,neu,,28718,46
2026-06-28 17:05:04,rybar,81384,https://t.me/rybar/81384,True,frontline,hulyaipole,pos,Russian Vostok group captures Novoselovka in eastern Zaporizhzhia direction.,358249,161
2026-06-28 17:06:03,rusich_army,30126,https://t.me/rusich_army/30126,True,west_nato,rearmament,neg,Finnish ICEYE satellite company expands production to support Scandinavian and Ukrainian surveillance capabilities.,90085,67
2026-06-28 17:16:59,vysokygovorit,23203,https://t.me/vysokygovorit/23203,False,none,none,neu,,81337,69
2026-06-28 17:20:07,epoddubny,27947,https://t.me/epoddubny/27947,True,russia_internal,mobilisation,neu,Belgorod to create eight new BARS battalions for regional defense against Ukrainian attacks.,47531,103
2026-06-28 17:21:09,dva_majors,95315,https://t.me/dva_majors/95315,True,criticism,army_command,neg,"Flamingo missiles succeed due to absent layered air defense, not enemy tactics; mass production poses threat.",203300,401
2026-06-28 17:36:20,sashakots,62690,https://t.me/sashakots/62690,False,none,none,neu,,35923,5
2026-06-28 17:40:19,rybar,81385,https://t.me/rybar/81385,False,none,none,neu,,341574,56
2026-06-28 17:46:41,sashakots,62691,https://t.me/sashakots/62691,False,none,none,neu,,39628,4
2026-06-28 17:52:42,ngp_razvedka,25700,https://t.me/ngp_razvedka/25700,True,russia_internal,economy,neu,"Putin discusses fuel market: queues at stations, maximum refinery capacity, 1.7M ton reserves maintained.",21972,54
2026-06-28 18:00:14,wargonzo,35143,https://t.me/wargonzo/35143,False,none,none,neu,,39365,22
2026-06-28 18:14:58,rybar,81386,https://t.me/rybar/81386,False,none,none,neu,,350433,73
2026-06-28 18:40:58,rybar,81387,https://t.me/rybar/81387,True,frontline,other,pos,"Russian forces conduct clearing operations in Rai-Aleksandrovka, improve positions near Lipovka, advance on Yurkivka.",355599,122
2026-06-28 19:32:24,ngp_razvedka,25701,https://t.me/ngp_razvedka/25701,True,west_nato,negotiations,pos,Putin: Ukraine proposed limiting combat to new territories; ceasefire offers come from side winning.,18072,66
2026-06-28 19:45:33,sashakots,62692,https://t.me/sashakots/62692,True,frontline,other,pos,"Putin: liberation of Donbas and Novorossiya required; Slavic direction advances toward Slavyansk, Center group breaches fortifications.",43764,148
2026-06-28 20:14:54,rybar,81390,https://t.me/rybar/81390,False,none,none,neu,,361311,78
2026-06-28 20:14:54,rybar,81389,https://t.me/rybar/81389,False,none,none,neu,,353975,78
2026-06-28 20:14:54,rybar,81388,https://t.me/rybar/81388,True,strikes_on_ukraine,other,neu,"Russian strikes hit 10+ fuel stations, Ukrainian special ops training camp; Ukrainian drones target Russian fuel infrastructure.",345908,89
2026-06-28 20:14:55,rybar,81391,https://t.me/rybar/81391,False,none,none,neu,,382730,89
2026-06-28 20:32:09,rybar,81392,https://t.me/rybar/81392,True,strikes_on_ukraine,fuel_infrastructure,pos,Putin: Ukrainian energy infrastructure attacks cause damage but Russia increases air defense and repairs; ceasefire proposals unacceptable.,463255,340
2026-06-28 20:55:01,rybar,81393,https://t.me/rybar/81393,True,strikes_on_ukraine,other,pos,Russia strikes Ukrainian training camp; Ormuz Strait tensions between US-Iran escalate; Panama Canal traffic surges.,376206,23
2026-06-28 21:13:24,epoddubny,27949,https://t.me/epoddubny/27949,True,strikes_on_ukraine,fuel_infrastructure,neu,Putin: Crimea needs 70K tons fuel monthly; infrastructure strikes continue but recovery systems operational.,43135,53
2026-06-28 21:19:41,epoddubny,27950,https://t.me/epoddubny/27950,True,frontline,other,pos,Putin provides detailed frontline update on Russian troop advances across all operational directions.,43851,82
2026-06-29 01:37:04,ngp_razvedka,25702,https://t.me/ngp_razvedka/25702,True,russia_internal,security_cases,neg,Warns of phishing app distribution targeting Russians during wartime information hygiene failure.,18485,151
2026-06-29 03:34:03,dva_majors,95316,https://t.me/dva_majors/95316,False,none,none,neu,,127070,42
2026-06-29 03:34:12,dva_majors,95317,https://t.me/dva_majors/95317,True,ukraine_strikes_on_russia,drones_on_regions,neg,Ukraine strikes energy infrastructure in Zaporizhzhia and Kherson regions; Russia claims 209 drones destroyed.,553629,358
2026-06-29 04:14:27,vysokygovorit,23204,https://t.me/vysokygovorit/23204,True,west_nato,other,neg,Proposes expanding Russian law on remote drone operation and discusses necessity of anti-satellite capability.,223942,769
2026-06-29 05:01:32,dva_majors,95318,https://t.me/dva_majors/95318,True,ukraine_strikes_on_russia,drones_on_regions,pos,Russian air defense destroyed 209 Ukrainian drones overnight over multiple Russian regions.,112369,47
2026-06-29 05:02:19,rusich_army,30127,https://t.me/rusich_army/30127,False,none,none,neu,,85318,18
2026-06-29 05:08:01,wargonzo,35150,https://t.me/wargonzo/35150,False,none,none,neu,,38732,62
2026-06-29 05:08:01,wargonzo,35149,https://t.me/wargonzo/35149,False,none,none,neu,,40932,60
2026-06-29 05:08:01,wargonzo,35148,https://t.me/wargonzo/35148,False,none,none,neu,,39070,60
2026-06-29 05:08:01,wargonzo,35147,https://t.me/wargonzo/35147,False,none,none,neu,,36083,60
2026-06-29 05:08:01,wargonzo,35146,https://t.me/wargonzo/35146,False,none,none,neu,,36385,60
2026-06-29 05:08:01,wargonzo,35145,https://t.me/wargonzo/35145,False,none,none,neu,,34909,61
2026-06-29 05:08:01,wargonzo,35144,https://t.me/wargonzo/35144,True,frontline,other,neu,Frontline summary: fighting continues on Zaporizhzhia and Donets fronts with mixed territorial control changes.,32845,61
2026-06-29 05:25:09,vysokygovorit,23205,https://t.me/vysokygovorit/23205,False,none,none,neu,,90336,69
2026-06-29 05:25:10,vysokygovorit,23210,https://t.me/vysokygovorit/23210,False,none,none,neu,,77139,59
2026-06-29 05:25:10,vysokygovorit,23209,https://t.me/vysokygovorit/23209,False,none,none,neu,,78708,61
2026-06-29 05:25:10,vysokygovorit,23208,https://t.me/vysokygovorit/23208,False,none,none,neu,,83067,60
2026-06-29 05:25:10,vysokygovorit,23207,https://t.me/vysokygovorit/23207,False,none,none,neu,,80663,59
2026-06-29 05:25:10,vysokygovorit,23206,https://t.me/vysokygovorit/23206,False,none,none,neu,,75963,59
2026-06-29 05:27:57,sashakots,62693,https://t.me/sashakots/62693,True,west_nato,other,neg,Proposes expanding Russian law on remote drone operation and discusses necessity of anti-satellite capability.,25528,79
2026-06-29 05:29:19,rybar,81394,https://t.me/rybar/81394,True,ukraine_strikes_on_russia,drones_on_regions,neg,Ukraine strikes energy infrastructure in Zaporizhzhia and Kherson; Russia claims 209 drones destroyed.,347620,63
2026-06-29 05:32:38,sashakots,62696,https://t.me/sashakots/62696,False,none,none,neu,,31035,107
2026-06-29 05:32:38,sashakots,62695,https://t.me/sashakots/62695,False,none,none,neu,,31138,107
2026-06-29 05:32:38,sashakots,62694,https://t.me/sashakots/62694,False,none,none,neu,,28844,108
2026-06-29 05:32:38,sashakots,62697,https://t.me/sashakots/62697,True,strikes_on_ukraine,deep_strikes,pos,Russia strikes Kholodna Hora railway hub and tank academy in Kharkiv with Geranium-5 drones.,29523,108
2026-06-29 06:02:29,dva_majors,95319,https://t.me/dva_majors/95319,True,west_nato,negotiations,neg,Putin says Ukraine ceasefire proposals unacceptable; Ukraine wants four-region demarcation and mutual strike halt.,92424,132
2026-06-29 06:03:00,rusich_army,30128,https://t.me/rusich_army/30128,True,strikes_on_ukraine,other,pos,Russia strikes Ukrainian special forces training camp on Buh River to prevent Kinburn amphibious operation.,79299,128
2026-06-29 06:13:01,dva_majors,95320,https://t.me/dva_majors/95320,True,ukraine_strikes_on_russia,drones_on_regions,neu,Sevastopol reports 29 drones shot down; minor damage to homes and forest fires from debris.,117832,49
2026-06-29 06:13:28,epoddubny,27951,https://t.me/epoddubny/27951,True,strikes_on_ukraine,fuel_infrastructure,pos,Russia strikes fuel infrastructure and drone storage facilities in Kharkiv and Zaporizhzhia regions.,38006,62
2026-06-29 06:25:04,sashakots,62698,https://t.me/sashakots/62698,False,none,none,neu,,28562,10
2026-06-29 06:45:44,sashakots,62699,https://t.me/sashakots/62699,False,none,none,neu,,32553,18
2026-06-29 06:50:08,dva_majors,95321,https://t.me/dva_majors/95321,False,none,none,neu,,98659,10
2026-06-29 06:50:14,wargonzo,35151,https://t.me/wargonzo/35151,True,russia_internal,other,neg,Warns Tokamak civilians of enemy mine placement on central streets threatening women and children.,30970,40
2026-06-29 06:50:59,Sladkov_plus,15709,https://t.me/Sladkov_plus/15709,False,none,none,neu,,77166,30
2026-06-29 07:00:57,Sladkov_plus,15710,https://t.me/Sladkov_plus/15710,True,russia_internal,security_cases,pos,Defense Minister discusses improving drone defense systems and unified information networks for tactical awareness.,101925,368
2026-06-29 07:03:24,wargonzo,35152,https://t.me/wargonzo/35152,True,russia_internal,security_cases,pos,Defense Minister highlights air defense development and mobile fire group deployment against increased drone threats.,53645,40
2026-06-29 07:04:53,dva_majors,95322,https://t.me/dva_majors/95322,False,none,none,neu,,97387,11
2026-06-29 07:05:25,rusich_army,30129,https://t.me/rusich_army/30129,True,ukraine_strikes_on_russia,drones_on_regions,neu,Russia destroys 209 drones overnight; Crimea and Krasnodar Krai main targets; Tver region hit again.,94210,43
2026-06-29 07:10:12,epoddubny,27952,https://t.me/epoddubny/27952,True,west_nato,other,neg,Proposes expanding Russian law on remote drone operation and discusses necessity of anti-satellite capability.,25911,72
2026-06-29 07:24:01,rybar,81395,https://t.me/rybar/81395,False,none,none,neu,,368700,110
2026-06-29 07:25:09,epoddubny,27953,https://t.me/epoddubny/27953,True,frontline,other,pos,Russian forces intensify pressure on Ukrainian positions in Alekseyevo-Drudkivka with confirmed destructions of foreign armor.,49489,47
2026-06-29 07:31:46,dva_majors,95323,https://t.me/dva_majors/95323,True,frontline,other,pos,26th Motor Rifle Regiment reports air and ground strikes on Ukrainian positions and equipment in Kramatorsk-Drudkivka direction.,99230,35
2026-06-29 07:48:38,vysokygovorit,23211,https://t.me/vysokygovorit/23211,False,none,none,neu,,74402,18
2026-06-29 07:59:06,sashakots,62701,https://t.me/sashakots/62701,False,none,none,neu,,48022,90
2026-06-29 07:59:06,sashakots,62700,https://t.me/sashakots/62700,True,frontline,other,pos,Russian drone strikes shift from Konstantinovka toward Alekseyevo-Drudkivka indicating Ukrainian tactical retreat and repositioning.,47746,87
2026-06-29 08:13:11,epoddubny,27954,https://t.me/epoddubny/27954,False,none,none,neu,,32582,51
2026-06-29 08:21:01,epoddubny,27955,https://t.me/epoddubny/27955,True,russia_internal,mobilisation,neu,"Defense Minister Beloussov outlines anti-drone strategy using FPV interceptors, AI-powered systems, and integrated command software.",61743,97
2026-06-29 08:25:03,dva_majors,95324,https://t.me/dva_majors/95324,True,west_nato,rearmament,pos,Britain abandons Type 83 destroyer program to focus on hybrid drone-carrier ships for unmanned operations.,102112,134
2026-06-29 08:31:24,sashakots,62702,https://t.me/sashakots/62702,True,ukraine_strikes_on_russia,drones_on_regions,neg,Russian source reports Ukrainian FPV drones reaching northern outskirts of Kharkiv city.,27345,101
2026-06-29 08:33:01,wargonzo,35153,https://t.me/wargonzo/35153,True,west_nato,negotiations,neu,Iran and USA resume diplomatic talks in Doha regarding Strait of Hormuz control and shipping route disputes.,33242,17
2026-06-29 08:58:25,sashakots,62703,https://t.me/sashakots/62703,True,russia_internal,mobilisation,neu,"Defense Minister Beloussov outlines anti-drone strategy using FPV interceptors, AI-powered systems, and integrated command software.",23774,47
2026-06-29 08:59:01,epoddubny,27956,https://t.me/epoddubny/27956,True,criticism,government,neg,Russian intelligence claims Ukraine cooperates with Mexican drug cartels for financing and recruiting mercenaries.,33343,68
2026-06-29 09:05:01,rusich_army,30130,https://t.me/rusich_army/30130,True,frontline,other,pos,Ukrainian forces deploy autonomous surveillance cameras with AI targeting systems to coordinate drone and manned strikes.,121794,175
2026-06-29 09:07:01,rybar,81396,https://t.me/rybar/81396,True,west_nato,other,neu,UN report details reorganization of drug trafficking networks with cartels concentrating operations in Colombian jungle regions.,205343,107
2026-06-29 09:15:05,rybar,81397,https://t.me/rybar/81397,True,frontline,other,neu,Analysis of tactical binding engagement methods used by Russian assault troops in modern drone-era warfare.,207213,171
2026-06-29 09:21:53,sashakots,62704,https://t.me/sashakots/62704,True,frontline,pokrovsk,pos,Russian Eastern Group captures Bogodiarovka village in Dnipropetrovsk with significant Ukrainian equipment losses.,27458,32
2026-06-29 09:29:57,dva_majors,95326,https://t.me/dva_majors/95326,False,none,none,neu,,106951,125
2026-06-29 09:29:57,dva_majors,95325,https://t.me/dva_majors/95325,True,strikes_on_ukraine,fuel_infrastructure,pos,"50th separate Varyag brigade strikes Ukrainian gas stations, fuel tanks, power substations and ammunition depots.",105615,123
2026-06-29 09:53:01,dva_majors,95327,https://t.me/dva_majors/95327,True,frontline,pokrovsk,pos,"36th Guards Motor Rifle Brigade captures Bogodiarovka, destroys Ukrainian platoon, vehicles and hexacopter drones.",106416,90
2026-06-29 10:08:01,wargonzo,35154,https://t.me/wargonzo/35154,True,criticism,government,neg,Russian intelligence claims Ukraine coordinates with Mexican cartels to expand narcotics transit through ports to Europe.,32208,73
2026-06-29 10:13:02,epoddubny,27958,https://t.me/epoddubny/27958,False,none,none,neu,,33739,44
2026-06-29 10:13:02,epoddubny,27957,https://t.me/epoddubny/27957,True,frontline,other,pos,Southern Group reports Ukrainian retreat from Konstantinovka with coordinated drone reconnaissance and artillery strikes.,33058,45
2026-06-29 10:25:50,sashakots,62705,https://t.me/sashakots/62705,True,strikes_on_ukraine,other,pos,Geran strike destroys Ukrainian 310th Radio-Electronic Warfare regiment command post and antenna systems in Nikopol.,29253,59
2026-06-29 10:28:04,rybar,81398,https://t.me/rybar/81398,True,west_nato,alliance_politics,neu,"Analysis of Turkish strategic expansion in Balkans through NATO partnerships with Albania, Kosovo and Serbia.",206951,74
2026-06-29 10:34:08,dva_majors,95337,https://t.me/dva_majors/95337,False,none,none,neu,,102603,91
2026-06-29 10:34:08,dva_majors,95336,https://t.me/dva_majors/95336,False,none,none,neu,,126497,84
2026-06-29 10:34:08,dva_majors,95335,https://t.me/dva_majors/95335,False,none,none,neu,,124674,83
2026-06-29 10:34:08,dva_majors,95334,https://t.me/dva_majors/95334,False,none,none,neu,,112203,92
2026-06-29 10:34:08,dva_majors,95333,https://t.me/dva_majors/95333,False,none,none,neu,,119010,86
2026-06-29 10:34:08,dva_majors,95332,https://t.me/dva_majors/95332,False,none,none,neu,,114891,86
2026-06-29 10:34:08,dva_majors,95331,https://t.me/dva_majors/95331,False,none,none,neu,,114720,86
2026-06-29 10:34:08,dva_majors,95330,https://t.me/dva_majors/95330,False,none,none,neu,,102891,83
2026-06-29 10:34:08,dva_majors,95329,https://t.me/dva_majors/95329,False,none,none,neu,,104909,85
2026-06-29 10:34:08,dva_majors,95328,https://t.me/dva_majors/95328,False,none,none,neu,,103075,85
2026-06-29 11:03:09,rusich_army,30131,https://t.me/rusich_army/30131,True,frontline,other,pos,Russian forces advance toward Dobropollia while Ukrainian forces thin defensive positions and struggle with logistics.,68155,59
2026-06-29 11:03:20,Sladkov_plus,15711,https://t.me/Sladkov_plus/15711,False,none,none,neu,,83442,149
2026-06-29 11:08:53,sashakots,62706,https://t.me/sashakots/62706,True,ukraine_strikes_on_russia,drones_on_regions,neg,Ukrainian drone strikes on Moscow are primarily symbolic psychological warfare targeting Russian public morale.,26790,81
2026-06-29 11:10:33,dva_majors,95338,https://t.me/dva_majors/95338,False,none,none,neu,,100084,553
2026-06-29 11:11:01,epoddubny,27959,https://t.me/epoddubny/27959,True,strikes_on_ukraine,other,pos,Russian aircraft destroyed five FAB-500 bombs on Ukrainian drone control points near Kucherov Yar in DNR.,32551,54
2026-06-29 11:22:20,dva_majors,95339,https://t.me/dva_majors/95339,True,west_nato,negotiations,neu,"Belarus deputy foreign minister warns of military response to border violations, claims Zelensky threats are propaganda for rating.",105723,138
2026-06-29 11:33:51,sashakots,62707,https://t.me/sashakots/62707,True,strikes_on_ukraine,other,pos,"Russian aircraft destroyed Ukrainian drone control centers near Kucherov Yar with FAB-500 bombs, reducing drone activity.",29120,53
2026-06-29 11:40:17,rybar,81399,https://t.me/rybar/81399,True,west_nato,military_aid,neg,"Iranian strikes on US naval base in Bahrain caused greater damage than Pentagon initially acknowledged, costing $400 million.",207997,61
2026-06-29 11:45:15,wargonzo,35156,https://t.me/wargonzo/35156,False,none,none,neu,,33750,13
2026-06-29 11:45:15,wargonzo,35155,https://t.me/wargonzo/35155,True,west_nato,rearmament,neu,NATO armies adopt Ukrainian combat lessons including anti-drone netting and electronic warfare tactics during major exercises.,33762,13
2026-06-29 11:56:58,epoddubny,27960,https://t.me/epoddubny/27960,True,russia_internal,ideology_society,pos,Russian military correspondent states Russian forces control frontline initiative and information space remains important warfare domain.,30610,15
2026-06-29 11:58:14,ngp_razvedka,25705,https://t.me/ngp_razvedka/25705,False,none,none,neu,,18796,69
2026-06-29 11:58:14,ngp_razvedka,25704,https://t.me/ngp_razvedka/25704,False,none,none,neu,,19282,69
2026-06-29 11:58:14,ngp_razvedka,25703,https://t.me/ngp_razvedka/25703,False,none,none,neu,,15109,69
2026-06-29 11:59:01,dva_majors,95340,https://t.me/dva_majors/95340,True,west_nato,other,neg,Russian Gazprom LNG tanker Marshal Vasilevsky equipped with machine guns to deter NATO boarding operations on shadow fleet vessels.,105077,221
2026-06-29 12:04:37,rusich_army,30133,https://t.me/rusich_army/30133,False,none,none,neu,,51802,12
2026-06-29 12:04:37,rusich_army,30132,https://t.me/rusich_army/30132,False,none,none,neu,,74297,13
2026-06-29 12:14:24,dva_majors,95341,https://t.me/dva_majors/95341,True,west_nato,other,pos,NATO strategist claims Russian arming of shadow fleet tankers effectively deters European boarding operations through risk escalation.,107695,258
2026-06-29 12:17:01,epoddubny,27961,https://t.me/epoddubny/27961,True,strikes_on_ukraine,fuel_infrastructure,pos,"Russian Geran-4 drones destroyed fuel storage facilities in Kirovohrad region, depriving Ukrainian forces of mobility.",34208,40
2026-06-29 12:17:23,rybar,81401,https://t.me/rybar/81401,False,none,none,neu,,219473,306
2026-06-29 12:17:23,rybar,81400,https://t.me/rybar/81400,True,west_nato,other,pos,Russian gas tanker Marshal Vasilevsky armed with Kord machine guns signals deterrent against Western shadow fleet seizure attempts.,224388,316
2026-06-29 12:29:41,sashakots,62708,https://t.me/sashakots/62708,True,russia_internal,elite_politics,neu,Belarus leader's visit to China after Moscow talks demonstrates Moscow-Minsk-Beijing coordinated multipolar alignment strategy.,35539,156
2026-06-29 12:33:08,rusich_army,30134,https://t.me/rusich_army/30134,False,none,none,neu,,76282,25
2026-06-29 12:45:55,rusich_army,30135,https://t.me/rusich_army/30135,False,none,none,neu,,97543,10
2026-06-29 12:57:01,epoddubny,27962,https://t.me/epoddubny/27962,True,strikes_on_ukraine,other,pos,Russian Geran-5 drones destroyed Ukrainian long-range drone stockpile in Kharkiv logistics center preempting strikes on Russian regions.,95213,318
2026-06-29 13:04:13,rusich_army,30136,https://t.me/rusich_army/30136,False,none,none,neu,,80985,120
2026-06-29 13:04:29,wargonzo,35161,https://t.me/wargonzo/35161,False,none,none,neu,,31967,58
2026-06-29 13:04:29,wargonzo,35160,https://t.me/wargonzo/35160,False,none,none,neu,,32976,58
2026-06-29 13:04:29,wargonzo,35159,https://t.me/wargonzo/35159,True,west_nato,other,neu,Russian Gazprom tanker Marshal Vasilevsky equipped with Kord machine guns in Finn Gulf for shadow fleet protection.,29836,58
2026-06-29 13:09:55,vysokygovorit,23212,https://t.me/vysokygovorit/23212,False,none,none,neu,,81107,1070
2026-06-29 13:33:23,rybar,81402,https://t.me/rybar/81402,True,west_nato,negotiations,neg,Estonian foreign minister states fallen Ukrainian drones over NATO territory is acceptable price for strikes on Russia.,213630,54
2026-06-29 13:49:01,epoddubny,27964,https://t.me/epoddubny/27964,False,none,none,neu,,89055,154
2026-06-29 13:49:01,epoddubny,27963,https://t.me/epoddubny/27963,True,strikes_on_ukraine,fuel_infrastructure,pos,"Russian Geran drones destroyed Ukrainian gas infrastructure including Skvorcovskaya facility, reducing military-economic potential.",87747,156
2026-06-29 13:53:25,sashakots,62710,https://t.me/sashakots/62710,False,none,none,neu,,32965,77
2026-06-29 13:53:25,sashakots,62709,https://t.me/sashakots/62709,True,strikes_on_ukraine,fuel_infrastructure,pos,Russian drones systematically destroyed two Ukrainian gas distribution facilities in Kharkiv region reducing critical infrastructure capacity.,32624,80
2026-06-29 14:02:41,dva_majors,95344,https://t.me/dva_majors/95344,False,none,none,neu,,106072,181
2026-06-29 14:02:41,dva_majors,95343,https://t.me/dva_majors/95343,False,none,none,neu,,107031,181
2026-06-29 14:02:41,dva_majors,95342,https://t.me/dva_majors/95342,False,none,none,neu,,99260,182
2026-06-29 14:06:05,ngp_razvedka,25707,https://t.me/ngp_razvedka/25707,False,none,none,neu,,15616,13
2026-06-29 14:06:05,ngp_razvedka,25706,https://t.me/ngp_razvedka/25706,False,none,none,neu,,15096,13
2026-06-29 14:24:15,vysokygovorit,23213,https://t.me/vysokygovorit/23213,True,criticism,army_command,neg,Russian critic questions military planning quality for failing to continuously strike Voznesensk airfield allowing Ukrainian aircraft refueling.,66545,302
2026-06-29 14:53:47,epoddubny,27965,https://t.me/epoddubny/27965,True,west_nato,military_aid,neu,German railway failure reveals NATO logistics vulnerabilities in eastern flank mobilization.,43937,60
2026-06-29 15:00:41,rusich_army,30137,https://t.me/rusich_army/30137,True,frontline,other,neu,"Tetkin sector: Ukrainian forces conduct reconnaissance, lay ambushes, minimize daytime movement due to drone threats.",79663,70
2026-06-29 15:03:01,rybar,81403,https://t.me/rybar/81403,True,west_nato,rearmament,pos,"Pentagon opposes Congressional AI restrictions, citing production burden and supply chain impacts.",211400,50
2026-06-29 15:04:02,wargonzo,35162,https://t.me/wargonzo/35162,False,none,none,neu,,31743,3
2026-06-29 15:04:10,dva_majors,95345,https://t.me/dva_majors/95345,True,russia_internal,mobilisation,neg,Mobile fire groups targeted; urgent need for first aid training and medical kits in vehicles.,101368,267
2026-06-29 15:09:08,dva_majors,95346,https://t.me/dva_majors/95346,True,strikes_on_ukraine,deep_strikes,pos,Russian strike hits Zaporizhzhia administration building.,99938,265
2026-06-29 15:29:01,sashakots,62711,https://t.me/sashakots/62711,False,none,none,neu,,30233,10
2026-06-29 15:30:44,dva_majors,95356,https://t.me/dva_majors/95356,False,none,none,neu,,104087,86
2026-06-29 15:30:44,dva_majors,95355,https://t.me/dva_majors/95355,False,none,none,neu,,122335,89
2026-06-29 15:30:44,dva_majors,95354,https://t.me/dva_majors/95354,False,none,none,neu,,115510,88
2026-06-29 15:30:44,dva_majors,95353,https://t.me/dva_majors/95353,False,none,none,neu,,110044,88
2026-06-29 15:30:44,dva_majors,95352,https://t.me/dva_majors/95352,False,none,none,neu,,99830,87
2026-06-29 15:30:44,dva_majors,95351,https://t.me/dva_majors/95351,False,none,none,neu,,105329,87
2026-06-29 15:30:44,dva_majors,95350,https://t.me/dva_majors/95350,False,none,none,neu,,107428,86
2026-06-29 15:30:44,dva_majors,95349,https://t.me/dva_majors/95349,False,none,none,neu,,97453,94
2026-06-29 15:30:44,dva_majors,95348,https://t.me/dva_majors/95348,False,none,none,neu,,97508,89
2026-06-29 15:30:44,dva_majors,95347,https://t.me/dva_majors/95347,False,none,none,neu,,95424,88
2026-06-29 15:41:01,epoddubny,27966,https://t.me/epoddubny/27966,True,strikes_on_ukraine,deep_strikes,pos,FAB-1500 with UMPK destroys 54th Ukrainian mechanized brigade positions in Nikolaevka near Slavyansk.,45199,56
2026-06-29 15:59:11,vysokygovorit,23214,https://t.me/vysokygovorit/23214,False,none,none,neu,,139146,25
2026-06-29 16:00:50,rybar,81404,https://t.me/rybar/81404,True,west_nato,other,neu,"Pakistani airstrikes target Taliban-affiliated terrorists on Afghan border, killing 20+ militants.",210317,31
2026-06-29 16:04:01,dva_majors,95357,https://t.me/dva_majors/95357,False,none,none,neu,,105185,16
2026-06-29 16:15:08,wargonzo,35163,https://t.me/wargonzo/35163,True,russia_internal,ideology_society,pos,Russian air defense intercepts vast majority of Ukrainian drones; Western criticism of system dismissed.,30587,33
2026-06-29 16:18:01,rybar,81405,https://t.me/rybar/81405,True,frontline,other,neu,"Ukrainian marines gathering on Kinburn Peninsula numbered 2,500+ with tanks and artillery.",222920,277
2026-06-29 16:20:14,dva_majors,95358,https://t.me/dva_majors/95358,True,west_nato,military_aid,neg,Latvia-Ukraine drone factory planned near Russian borders to produce long-range strike UAVs.,135558,155
2026-06-29 16:26:01,sashakots,62714,https://t.me/sashakots/62714,False,none,none,neu,,28360,87
2026-06-29 16:26:01,sashakots,62713,https://t.me/sashakots/62713,False,none,none,neu,,30657,87
2026-06-29 16:26:01,sashakots,62712,https://t.me/sashakots/62712,True,strikes_on_ukraine,deep_strikes,pos,"Russian guided aerial bomb strikes Kharkiv Hydroprive factory, industrial military supply facility.",27612,88
2026-06-29 16:45:11,wargonzo,35168,https://t.me/wargonzo/35168,False,none,none,neu,,35078,42
2026-06-29 16:45:11,wargonzo,35167,https://t.me/wargonzo/35167,False,none,none,neu,,36550,42
2026-06-29 16:45:11,wargonzo,35166,https://t.me/wargonzo/35166,False,none,none,neu,,31217,42
2026-06-29 16:45:11,wargonzo,35165,https://t.me/wargonzo/35165,False,none,none,neu,,29672,42
2026-06-29 16:45:11,wargonzo,35164,https://t.me/wargonzo/35164,True,west_nato,military_aid,neg,"Japan commissions tenth Mogami-class frigate, plans 24 vessels by 2032 amid militarization.",27614,44
2026-06-29 16:59:01,sashakots,62719,https://t.me/sashakots/62719,False,none,none,neu,,33537,126
2026-06-29 16:59:01,sashakots,62718,https://t.me/sashakots/62718,False,none,none,neu,,35714,126
2026-06-29 16:59:01,sashakots,62717,https://t.me/sashakots/62717,False,none,none,neu,,31727,127
2026-06-29 16:59:01,sashakots,62716,https://t.me/sashakots/62716,False,none,none,neu,,32678,126
2026-06-29 16:59:01,sashakots,62715,https://t.me/sashakots/62715,False,none,none,neu,,27721,127
2026-06-29 17:00:21,rusich_army,30138,https://t.me/rusich_army/30138,False,none,none,neu,,83501,62
2026-06-29 17:02:43,rybar,81406,https://t.me/rybar/81406,True,frontline,other,pos,Russian Vostok group captures fourth settlement in Dnipropetrovsk direction; advances along Gaichur river.,229030,108
2026-06-29 17:12:48,ngp_razvedka,25708,https://t.me/ngp_razvedka/25708,False,none,none,neu,,15235,19
2026-06-29 17:18:31,vysokygovorit,23215,https://t.me/vysokygovorit/23215,True,ukraine_strikes_on_russia,other,neg,Ukrainian drone program costs 15-18 billion euros yearly; supply constraints limit production expansion.,74011,440
2026-06-29 17:32:31,rusich_army,30139,https://t.me/rusich_army/30139,False,none,none,neu,,82778,6
2026-06-29 17:34:06,sashakots,62720,https://t.me/sashakots/62720,False,none,none,neu,,33817,5
2026-06-29 17:45:04,rybar,81407,https://t.me/rybar/81407,True,strikes_on_ukraine,fuel_infrastructure,pos,Geran strikes hit fuel storage facility in Ukrainian rear; improved drone targeting capabilities demonstrated.,322652,197
2026-06-29 17:56:14,sashakots,62721,https://t.me/sashakots/62721,False,none,none,neu,,35557,8
2026-06-29 18:01:30,wargonzo,35169,https://t.me/wargonzo/35169,False,none,none,neu,,35202,9
2026-06-29 18:01:42,dva_majors,95359,https://t.me/dva_majors/95359,True,ukraine_strikes_on_russia,drones_on_regions,pos,"Mobile fire groups in Crimea intercept enemy drones, preventing further penetration into Russia.",122867,25
2026-06-29 18:06:11,dva_majors,95360,https://t.me/dva_majors/95360,True,russia_internal,mobilisation,pos,Belgorod region deputy governor announces plans to create eight volunteer BARS battalions for air defense.,135837,229
2026-06-29 18:08:30,rusich_army,30140,https://t.me/rusich_army/30140,False,none,none,neu,,82273,53
2026-06-29 18:21:20,ngp_razvedka,25709,https://t.me/ngp_razvedka/25709,False,none,none,neu,,17250,4
2026-06-29 18:53:49,rybar,81409,https://t.me/rybar/81409,False,none,none,neu,,219225,72
2026-06-29 18:53:49,rybar,81408,https://t.me/rybar/81408,True,frontline,pokrovsk,neu,Russian forces continue strikes in Dnipropetrovsk direction; Ukraine launches 200+ drones targeting southern infrastructure.,223244,72
2026-06-29 19:02:02,vysokygovorit,23216,https://t.me/vysokygovorit/23216,False,none,none,neu,,204236,122
2026-06-29 19:41:07,rybar,81410,https://t.me/rybar/81410,True,west_nato,other,neg,Iran-US military exchange and ceasefire; lessons for US military production and logistics in Middle East.,219602,32
2026-06-29 20:37:24,rybar,81411,https://t.me/rybar/81411,True,strikes_on_ukraine,deep_strikes,pos,Geranium strikes reaching new effectiveness level with documented results including fuel depot in Kirovohrad.,192998,16
2026-06-29 21:02:22,Sladkov_plus,15712,https://t.me/Sladkov_plus/15712,False,none,none,neu,,79417,41
2026-06-29 21:20:03,ngp_razvedka,25710,https://t.me/ngp_razvedka/25710,True,criticism,government,neg,Ukrainian oligarch Vadim Yermolayev killed in Monaco explosion.,18168,73
2026-06-29 21:30:10,dva_majors,95361,https://t.me/dva_majors/95361,True,west_nato,rearmament,neg,Poland signs $5 billion contract for three A26 submarines from Sweden to counter Russian shadow fleet.,126922,188
2026-06-30 03:43:07,dva_majors,95362,https://t.me/dva_majors/95362,False,none,none,neu,,109196,41
2026-06-30 03:43:11,dva_majors,95363,https://t.me/dva_majors/95363,True,ukraine_strikes_on_russia,drones_on_regions,neg,Over 50 drones intercepted near Moscow; Ukraine strikes Ukrainian infrastructure causing power outages.,377510,352
2026-06-30 03:46:51,dva_majors,95364,https://t.me/dva_majors/95364,True,ukraine_strikes_on_russia,drones_on_regions,neg,"Rostov region attacked; 60+ drones intercepted in Gukowo, Taganrog and five district towns.",114544,147
2026-06-30 03:53:58,dva_majors,95365,https://t.me/dva_majors/95365,True,frontline,other,pos,F/A-18 Hornet threat manageable; Russian air defense and electronic warfare systems effectively countering it.,113712,116
2026-06-30 04:59:20,sashakots,62724,https://t.me/sashakots/62724,False,none,none,neu,,127696,960
2026-06-30 04:59:20,sashakots,62723,https://t.me/sashakots/62723,False,none,none,neu,,129856,960
2026-06-30 04:59:20,sashakots,62722,https://t.me/sashakots/62722,False,none,none,neu,,118786,964
2026-06-30 05:03:50,rusich_army,30141,https://t.me/rusich_army/30141,False,none,none,neu,,82657,37
2026-06-30 05:04:23,rybar,81412,https://t.me/rybar/81412,True,ukraine_strikes_on_russia,drones_on_regions,neg,Over 50 drones intercepted near Moscow; Ukraine strikes causing power outages across Crimea and regions.,168490,57
2026-06-30 05:08:01,wargonzo,35176,https://t.me/wargonzo/35176,False,none,none,neu,,35921,52
2026-06-30 05:08:01,wargonzo,35175,https://t.me/wargonzo/35175,False,none,none,neu,,36294,51
2026-06-30 05:08:01,wargonzo,35174,https://t.me/wargonzo/35174,False,none,none,neu,,34946,51
2026-06-30 05:08:01,wargonzo,35173,https://t.me/wargonzo/35173,False,none,none,neu,,33123,51
2026-06-30 05:08:01,wargonzo,35172,https://t.me/wargonzo/35172,False,none,none,neu,,32273,51
2026-06-30 05:08:01,wargonzo,35171,https://t.me/wargonzo/35171,False,none,none,neu,,32094,51
2026-06-30 05:08:01,wargonzo,35170,https://t.me/wargonzo/35170,True,frontline,other,neu,Russian forces advance on Zaporizhzhia and Donetsk fronts; control expanded near Pokrovsk direction.,30909,51
2026-06-30 05:39:01,rybar,81413,https://t.me/rybar/81413,True,west_nato,military_aid,neg,Ukraine GUR operating supply networks for Mali fighters via Libya; Western arms coordination in Africa.,181716,95
2026-06-30 06:00:25,dva_majors,95366,https://t.me/dva_majors/95366,True,strikes_on_ukraine,fuel_infrastructure,pos,Russian Geran drones strike Ukrainian fuel depot infrastructure; improved capability for assessing strike results.,87389,65
2026-06-30 06:34:01,wargonzo,35177,https://t.me/wargonzo/35177,False,none,none,neu,,31185,30
2026-06-30 06:50:08,dva_majors,95367,https://t.me/dva_majors/95367,False,none,none,neu,,93448,13
2026-06-30 06:53:54,sashakots,62725,https://t.me/sashakots/62725,True,frontline,other,pos,Su-35 confirms 190km air-to-air kill of MiG-29 using R-37M missile; longest recorded combat range shot.,28673,30
2026-06-30 07:01:50,rusich_army,30142,https://t.me/rusich_army/30142,True,ukraine_strikes_on_russia,drones_on_regions,neg,590 drones launched at Russia; 419 intercepted in ten regions; Moscow area targeted heavily.,77705,49
2026-06-30 07:04:39,dva_majors,95368,https://t.me/dva_majors/95368,False,none,none,neu,,91466,0
2026-06-30 07:13:11,rybar,81414,https://t.me/rybar/81414,True,strikes_on_ukraine,fuel_infrastructure,pos,Only 23% of Kharkiv fuel infrastructure targeted; majority remains functional despite Russian campaign.,209536,245
2026-06-30 07:13:25,dva_majors,95369,https://t.me/dva_majors/95369,False,none,none,neu,,98057,177
2026-06-30 07:18:23,wargonzo,35178,https://t.me/wargonzo/35178,True,ukraine_strikes_on_russia,drones_on_regions,neg,"Drone strike kills six-month-old child in Egorievsk; family home destroyed, multiple casualties.",29103,53
2026-06-30 07:24:06,dva_majors,95372,https://t.me/dva_majors/95372,False,none,none,neu,,95891,240
2026-06-30 07:24:06,dva_majors,95371,https://t.me/dva_majors/95371,False,none,none,neu,,102407,240
2026-06-30 07:24:06,dva_majors,95370,https://t.me/dva_majors/95370,True,ukraine_strikes_on_russia,drones_on_regions,neg,"60 drones attack Moscow region; child killed in Egorievsk, buildings damaged in multiple towns.",96095,241
2026-06-30 07:34:44,wargonzo,35179,https://t.me/wargonzo/35179,True,ukraine_strikes_on_russia,drones_on_regions,neg,"FPV drones kill man, wound civilians in Belgorod; car attacks in Shebekino and nearby areas.",29975,37
2026-06-30 07:38:08,sashakots,62728,https://t.me/sashakots/62728,False,none,none,neu,,26822,71
2026-06-30 07:38:08,sashakots,62727,https://t.me/sashakots/62727,True,frontline,other,pos,Russian soldier evacuates five civilians under fire through combat zone via hidden routes.,26125,74
2026-06-30 07:45:46,epoddubny,27967,https://t.me/epoddubny/27967,True,strikes_on_ukraine,fuel_infrastructure,pos,Russian drones destroy 25 gas stations and fuel depots across Ukraine; disrupting logistics and mobility.,36703,32
2026-06-30 08:03:02,dva_majors,95373,https://t.me/dva_majors/95373,True,criticism,government,neg,Russia lacks Nazi heroization propaganda journals unlike Poland; excessive self-consciousness about perception.,114964,107
2026-06-30 08:07:49,rybar,81415,https://t.me/rybar/81415,True,west_nato,alliance_politics,neu,US two-party system faces crisis; third political force unlikely despite structural barriers weakening.,181844,60
2026-06-30 08:10:10,dva_majors,95374,https://t.me/dva_majors/95374,True,west_nato,rearmament,neg,"Netherlands military budget reaches 27 billion euros; expanding army to 100k, prioritizing drones by 2030.",115437,175
2026-06-30 08:48:56,dva_majors,95375,https://t.me/dva_majors/95375,True,west_nato,military_aid,neg,Ukraine's Carmine Sky deploys AI-enabled Sky Sentinel turrets with M2 Browning guns against Russian drones.,121259,785
2026-06-30 09:02:44,rusich_army,30143,https://t.me/rusich_army/30143,True,frontline,other,pos,Russian assault troops demolished enemy fortified position using mines in urban combat operation.,72976,61
2026-06-30 09:04:20,sashakots,62738,https://t.me/sashakots/62738,False,none,none,neu,,43394,87
2026-06-30 09:04:20,sashakots,62737,https://t.me/sashakots/62737,False,none,none,neu,,45199,84
2026-06-30 09:04:20,sashakots,62736,https://t.me/sashakots/62736,False,none,none,neu,,48183,85
2026-06-30 09:04:20,sashakots,62735,https://t.me/sashakots/62735,False,none,none,neu,,42212,86
2026-06-30 09:04:20,sashakots,62734,https://t.me/sashakots/62734,False,none,none,neu,,42524,86
2026-06-30 09:04:20,sashakots,62733,https://t.me/sashakots/62733,False,none,none,neu,,44602,85
2026-06-30 09:04:20,sashakots,62732,https://t.me/sashakots/62732,False,none,none,neu,,41741,83
2026-06-30 09:04:20,sashakots,62731,https://t.me/sashakots/62731,False,none,none,neu,,43081,84
2026-06-30 09:04:20,sashakots,62730,https://t.me/sashakots/62730,False,none,none,neu,,40594,84
2026-06-30 09:04:20,sashakots,62729,https://t.me/sashakots/62729,True,criticism,government,neg,Ukraine's mobilisation police conduct forcible conscription operations against civilians throughout the country.,38740,83
2026-06-30 09:06:09,rybar,81416,https://t.me/rybar/81416,True,west_nato,other,neg,Polish security chief warns demobilised soldiers with military skills pose internal security risk post-conflict.,182156,33
2026-06-30 09:26:44,epoddubny,27968,https://t.me/epoddubny/27968,True,frontline,other,pos,"Russian forces capture Malinovka, Rovnoe and Lesnoe; air defence destroys 806 drones overnight.",36895,40
2026-06-30 09:29:42,wargonzo,35180,https://t.me/wargonzo/35180,True,russia_internal,ideology_society,pos,Civilian in Shebekino confronts drone with brick to protect mother despite danger from munitions.,28491,39
2026-06-30 10:11:01,epoddubny,27970,https://t.me/epoddubny/27970,False,none,none,neu,,29201,32
2026-06-30 10:11:01,epoddubny,27969,https://t.me/epoddubny/27969,True,frontline,other,pos,Russian commander describes Red Liman urban combat tactics against demoralised Ukrainian forces.,29236,33
2026-06-30 10:30:44,dva_majors,95385,https://t.me/dva_majors/95385,False,none,none,neu,,104655,95
2026-06-30 10:30:44,dva_majors,95384,https://t.me/dva_majors/95384,False,none,none,neu,,124494,97
2026-06-30 10:30:44,dva_majors,95383,https://t.me/dva_majors/95383,False,none,none,neu,,109877,93
2026-06-30 10:30:44,dva_majors,95382,https://t.me/dva_majors/95382,False,none,none,neu,,116549,95
2026-06-30 10:30:44,dva_majors,95381,https://t.me/dva_majors/95381,False,none,none,neu,,105401,95
2026-06-30 10:30:44,dva_majors,95380,https://t.me/dva_majors/95380,False,none,none,neu,,105872,107
2026-06-30 10:30:44,dva_majors,95379,https://t.me/dva_majors/95379,False,none,none,neu,,107813,95
2026-06-30 10:30:44,dva_majors,95378,https://t.me/dva_majors/95378,False,none,none,neu,,108632,97
2026-06-30 10:30:44,dva_majors,95377,https://t.me/dva_majors/95377,False,none,none,neu,,100892,105
2026-06-30 10:30:44,dva_majors,95376,https://t.me/dva_majors/95376,False,none,none,neu,,98678,104
2026-06-30 10:32:00,wargonzo,35183,https://t.me/wargonzo/35183,False,none,none,neu,,28309,33
2026-06-30 10:32:00,wargonzo,35182,https://t.me/wargonzo/35182,False,none,none,neu,,29267,33
2026-06-30 10:32:00,wargonzo,35181,https://t.me/wargonzo/35181,True,west_nato,rearmament,neu,"Britain cancels Type 83 destroyer program, orders autonomous drone carrier vessels instead.",25142,33
2026-06-30 10:42:05,rybar,81417,https://t.me/rybar/81417,True,west_nato,military_aid,neu,Taiwan's opposition increases drone procurement budget and implements domestic manufacturing requirements.,180960,19
2026-06-30 10:54:26,sashakots,62740,https://t.me/sashakots/62740,False,none,none,neu,,119214,129
2026-06-30 10:54:26,sashakots,62739,https://t.me/sashakots/62739,True,frontline,hulyaipole,pos,"Russian forces capture Rovnoe, Lesnoe and Malinovka in Zaporizhzhia and Donetsk regions.",114840,130
2026-06-30 11:02:04,rusich_army,30144,https://t.me/rusich_army/30144,True,frontline,pokrovsk,pos,Russian Eastern grouping expands control zone capturing Novoselkovka and four settlements near Pokrovsk.,116870,41
2026-06-30 11:08:57,epoddubny,27972,https://t.me/epoddubny/27972,False,none,none,neu,,25955,21
2026-06-30 11:08:57,epoddubny,27971,https://t.me/epoddubny/27971,True,frontline,hulyaipole,pos,"Russian forces capture Rovnoe, Lesnoe and Malinovka in Zaporizhzhia and Donetsk regions.",24852,22
2026-06-30 11:17:47,ngp_razvedka,25711,https://t.me/ngp_razvedka/25711,True,ukraine_strikes_on_russia,other,neg,Ukrainian forces purportedly plan amphibious landing near Yalta exploiting Russian restraint in civilian areas.,18537,28
2026-06-30 11:27:01,epoddubny,27973,https://t.me/epoddubny/27973,True,west_nato,military_aid,neg,Ukraine negotiates SCALP missile production licence with France and Britain to reduce supply dependency.,73114,98
2026-06-30 11:39:51,vysokygovorit,23219,https://t.me/vysokygovorit/23219,False,none,none,neu,,57994,53
2026-06-30 11:39:51,vysokygovorit,23218,https://t.me/vysokygovorit/23218,True,frontline,hulyaipole,pos,"Russian forces capture Rovnoe, Lesnoe and Malinovka in Zaporizhzhia and Donetsk regions.",55114,53
2026-06-30 11:41:02,wargonzo,35190,https://t.me/wargonzo/35190,False,none,none,neu,,30568,37
2026-06-30 11:41:02,wargonzo,35189,https://t.me/wargonzo/35189,False,none,none,neu,,30338,37
2026-06-30 11:41:02,wargonzo,35188,https://t.me/wargonzo/35188,False,none,none,neu,,30630,37
2026-06-30 11:41:02,wargonzo,35187,https://t.me/wargonzo/35187,False,none,none,neu,,26647,37
2026-06-30 11:41:02,wargonzo,35186,https://t.me/wargonzo/35186,False,none,none,neu,,26868,37
2026-06-30 11:41:02,wargonzo,35185,https://t.me/wargonzo/35185,False,none,none,neu,,24640,37
2026-06-30 11:41:02,wargonzo,35184,https://t.me/wargonzo/35184,False,none,none,neu,,22120,37
2026-06-30 11:42:29,ngp_razvedka,25712,https://t.me/ngp_razvedka/25712,True,ukraine_strikes_on_russia,other,neg,Ukraine allegedly planned two-year-old amphibious landing in Crimea to exploit Russian targeting restraint.,28743,83
2026-06-30 11:52:06,rybar,81418,https://t.me/rybar/81418,True,ukraine_strikes_on_russia,drones_on_regions,neg,Ukrainian forces attack Russian regions with 419 drones; six-month-old child killed in Egorievsk strike.,191268,155
2026-06-30 12:00:23,rusich_army,30147,https://t.me/rusich_army/30147,False,none,none,neu,,246279,146
2026-06-30 12:00:23,rusich_army,30146,https://t.me/rusich_army/30146,False,none,none,neu,,251249,146
2026-06-30 12:00:23,rusich_army,30145,https://t.me/rusich_army/30145,False,none,none,neu,,256637,150
2026-06-30 12:02:02,wargonzo,35191,https://t.me/wargonzo/35191,True,russia_internal,ideology_society,pos,Russian Eagle unit delivers humanitarian aid in Belgorod borderlands under constant drone threats.,27318,12
2026-06-30 12:11:01,epoddubny,27974,https://t.me/epoddubny/27974,True,strikes_on_ukraine,other,pos,Russian Su-34 fighters strike Ukrainian positions with glide bombs near Orekhuv and Krasnopolye.,95401,79
2026-06-30 12:32:37,wargonzo,35192,https://t.me/wargonzo/35192,True,ukraine_strikes_on_russia,drones_on_regions,neg,Ukrainian drone strike kills six-month-old infant and mortally wounds mother in Egorievsk.,30155,207
2026-06-30 12:58:43,vysokygovorit,23220,https://t.me/vysokygovorit/23220,False,none,none,neu,,59110,3
2026-06-30 12:58:44,vysokygovorit,23222,https://t.me/vysokygovorit/23222,False,none,none,neu,,59138,3
2026-06-30 12:58:44,vysokygovorit,23221,https://t.me/vysokygovorit/23221,False,none,none,neu,,59741,3
2026-06-30 13:01:01,epoddubny,27975,https://t.me/epoddubny/27975,True,west_nato,rearmament,neu,US successfully tests AGM-158C LRASM anti-ship cruise missile from B-2 Spirit stealth bomber.,33103,37
2026-06-30 13:03:00,wargonzo,35193,https://t.me/wargonzo/35193,True,west_nato,other,neu,Iraqi government issued ultimatum to Iranian-linked armed groups to surrender weapons by September 30.,29610,25
2026-06-30 13:03:15,rusich_army,30148,https://t.me/rusich_army/30148,False,none,none,neu,,85055,15
2026-06-30 13:05:09,sashakots,62741,https://t.me/sashakots/62741,True,west_nato,military_aid,neg,Ukraine negotiates SCALP missile production license to reduce dependence on Western supplies.,28937,41
2026-06-30 13:22:07,rybar,81419,https://t.me/rybar/81419,True,west_nato,alliance_politics,neu,"Alleged formation of Eurasian Commonwealth by Armenia, Azerbaijan, Ukraine, Estonia is actually rebranded existing GUAM organization.",180421,42
2026-06-30 13:51:01,dva_majors,95386,https://t.me/dva_majors/95386,True,west_nato,rearmament,neg,Lithuania's new PM proposes removing constitutional ban on foreign military bases and nuclear weapons.,143974,154
2026-06-30 13:51:01,epoddubny,27976,https://t.me/epoddubny/27976,True,ukraine_strikes_on_russia,drones_on_regions,pos,"Russian air defense units shot down Ukrainian drones Hornet, FP-1, Beaver, and Maya over Route 280.",35535,38
2026-06-30 14:00:44,dva_majors,95387,https://t.me/dva_majors/95387,True,frontline,hulyaipole,pos,Russian Eastern Forces seized Lesnoye and Rovnoye settlements in Zaporizhzhia region advancing on multiple fronts.,93838,57
2026-06-30 14:05:06,rybar,81420,https://t.me/rybar/81420,True,frontline,other,pos,"Russian Southern Forces achieved tactical successes advancing toward Slovyansk, intensifying drone and air strikes.",184024,127
2026-06-30 14:20:25,sashakots,62742,https://t.me/sashakots/62742,True,strikes_on_ukraine,fuel_infrastructure,pos,"Russian Geraniums struck 154 kV power lines near Zaporizhzhia, disabling metal plants and defense manufacturers.",37688,168
2026-06-30 14:29:54,dva_majors,95388,https://t.me/dva_majors/95388,True,russia_internal,economy,neg,Crimea faces fuel shortage and high prices due to absence of major federal gas station networks.,96424,262
2026-06-30 14:32:02,wargonzo,35194,https://t.me/wargonzo/35194,False,none,none,neu,,28894,19
2026-06-30 14:33:01,epoddubny,27977,https://t.me/epoddubny/27977,False,none,none,neu,,37418,4
2026-06-30 14:33:51,Sladkov_plus,15713,https://t.me/Sladkov_plus/15713,False,none,none,neu,,64966,9
2026-06-30 14:34:01,vysokygovorit,23223,https://t.me/vysokygovorit/23223,True,strikes_on_ukraine,deep_strikes,pos,Russian Su-34s destroyed Ukrainian military positions in Zaporizhzhia and Sumy using guided aerial bombs.,66431,41
2026-06-30 14:39:12,dva_majors,95390,https://t.me/dva_majors/95390,False,none,none,neu,,105139,297
2026-06-30 14:39:12,dva_majors,95389,https://t.me/dva_majors/95389,True,criticism,government,neg,Former Crimean official who served Russia detained in Kyiv accused of state treason by Ukrainian authorities.,104734,297
2026-06-30 14:45:11,rybar,81421,https://t.me/rybar/81421,True,west_nato,military_aid,neg,EU allocated 3.9 billion euros to Ukraine for drone procurement in first tranche of 90 billion euro credit package.,176055,61
2026-06-30 15:02:09,rusich_army,30150,https://t.me/rusich_army/30150,True,west_nato,military_aid,neg,EU authorized 3.9 billion euros for Ukrainian drone production and supply as Western strategy to destroy Russia.,86325,95
2026-06-30 15:28:29,dva_majors,95391,https://t.me/dva_majors/95391,True,strikes_on_ukraine,fuel_infrastructure,pos,Russian Geraniums destroyed power lines near Zaporizhzhia cutting electricity to industrial facilities.,102271,104
2026-06-30 15:29:41,ngp_razvedka,25714,https://t.me/ngp_razvedka/25714,False,none,none,neu,,29180,285
2026-06-30 15:30:46,rybar,81422,https://t.me/rybar/81422,True,frontline,hulyaipole,pos,Russian Eastern Forces broke through Ukrainian defenses near Vozdvizhenka liberating settlements in Zaporizhzhia.,185014,134
2026-06-30 15:33:02,wargonzo,35195,https://t.me/wargonzo/35195,True,ukraine_strikes_on_russia,other,pos,Russia developing new generation of interceptor drones as response to massive Ukrainian drone attacks.,30755,38
2026-06-30 15:40:34,ngp_razvedka,25715,https://t.me/ngp_razvedka/25715,False,none,none,neu,,28024,21
2026-06-30 15:41:53,ngp_razvedka,25716,https://t.me/ngp_razvedka/25716,False,none,none,neu,,17968,3
2026-06-30 15:44:42,dva_majors,95393,https://t.me/dva_majors/95393,False,none,none,neu,,114632,355
2026-06-30 15:44:42,dva_majors,95392,https://t.me/dva_majors/95392,True,strikes_on_ukraine,other,pos,Ukrainian drone struck grain crops near Novaya Ivanovka in Zaporizhzhia region causing fire over five hectares.,116553,350
2026-06-30 16:25:11,rybar,81423,https://t.me/rybar/81423,True,west_nato,military_aid,neg,EU procuring over 100 Canadian Roshel Senator armored vehicles for Moldova costing 50 million euros.,175384,46
2026-06-30 16:31:02,epoddubny,27978,https://t.me/epoddubny/27978,True,west_nato,alliance_politics,neg,Germany and Netherlands established NATO command center in Estonia to deter Russia on eastern flank.,38071,54
2026-06-30 16:39:14,sashakots,62743,https://t.me/sashakots/62743,True,frontline,hulyaipole,pos,24th Spetsnaz Brigade continues operations against enemy forces on Dobropoillia direction.,28722,15
2026-06-30 16:59:01,sashakots,62744,https://t.me/sashakots/62744,False,none,none,neu,,32880,18
2026-06-30 17:01:01,wargonzo,35196,https://t.me/wargonzo/35196,True,west_nato,alliance_politics,neg,Germany and Netherlands created NATO command center in Estonia to deter Russian aggression.,31060,33
2026-06-30 17:03:12,dva_majors,95394,https://t.me/dva_majors/95394,False,none,none,neu,,102740,21
2026-06-30 17:03:44,rusich_army,30151,https://t.me/rusich_army/30151,True,frontline,other,pos,Russian drone strike destroyed enemy self-propelled gun; operator attempted extinguishing fire.,84644,36
2026-06-30 17:10:07,rybar,81424,https://t.me/rybar/81424,True,russia_internal,security_cases,pos,HMAO authorities expelled 383 students with fraudulent Tajik diplomas; launched over 50 criminal cases.,177522,64
2026-06-30 17:19:27,dva_majors,95400,https://t.me/dva_majors/95400,False,none,none,neu,,105876,179
2026-06-30 17:19:27,dva_majors,95399,https://t.me/dva_majors/95399,False,none,none,neu,,110961,179
2026-06-30 17:19:27,dva_majors,95398,https://t.me/dva_majors/95398,False,none,none,neu,,107365,179
2026-06-30 17:19:27,dva_majors,95397,https://t.me/dva_majors/95397,False,none,none,neu,,100749,179
2026-06-30 17:19:27,dva_majors,95396,https://t.me/dva_majors/95396,False,none,none,neu,,96254,179
2026-06-30 17:19:27,dva_majors,95395,https://t.me/dva_majors/95395,True,ukraine_strikes_on_russia,other,neg,Ukrainian A700HD unmanned vessel delivers relay drones for covert signal relay network establishment.,94600,181
2026-06-30 17:21:45,ngp_razvedka,25717,https://t.me/ngp_razvedka/25717,True,criticism,other,neg,Monaco investigation prioritizes SBU responsibility for businessman Ermolayev bombing attempt.,17151,24
2026-06-30 17:46:00,rybar,81425,https://t.me/rybar/81425,True,criticism,other,neg,Monaco bombing attempted to kill Ukrainian oligarch Ermolayev; French politician accuses Zelenskyy.,184020,225
2026-06-30 17:57:59,sashakots,62745,https://t.me/sashakots/62745,False,none,none,neu,,35043,34
2026-06-30 18:07:01,dva_majors,95401,https://t.me/dva_majors/95401,True,west_nato,rearmament,neg,Romania procures Israeli Spyder air defense systems for 2.038 billion euros with local production.,103120,78
2026-06-30 18:15:13,wargonzo,35197,https://t.me/wargonzo/35197,True,frontline,other,neu,Humanitarian convoy delivers aid to Shebekino under constant drone attacks in Belgorod region.,31931,29
2026-06-30 18:37:38,Sladkov_plus,15714,https://t.me/Sladkov_plus/15714,True,frontline,hulyaipole,pos,Russian forces gain tactical advantage on Hulyaipole direction; expose Ukrainian propaganda about positions.,63030,37
2026-06-30 19:01:10,dva_majors,95405,https://t.me/dva_majors/95405,False,none,none,neu,,104452,92
2026-06-30 19:01:10,dva_majors,95404,https://t.me/dva_majors/95404,False,none,none,neu,,105637,93
2026-06-30 19:01:10,dva_majors,95403,https://t.me/dva_majors/95403,False,none,none,neu,,104948,93
2026-06-30 19:01:10,dva_majors,95402,https://t.me/dva_majors/95402,True,frontline,pokrovsk,pos,Russian FPV drone operators strike targets in Kramatorsk using improved KVN-35 model drones.,97952,95
2026-06-30 19:07:09,vysokygovorit,23224,https://t.me/vysokygovorit/23224,False,none,none,neu,,69433,29
2026-06-30 19:10:17,vysokygovorit,23225,https://t.me/vysokygovorit/23225,False,none,none,neu,,71263,13
2026-06-30 19:25:58,dva_majors,95407,https://t.me/dva_majors/95407,False,none,none,neu,,117868,364
2026-06-30 19:25:58,dva_majors,95406,https://t.me/dva_majors/95406,True,russia_internal,economy,neg,"Russia closes railway border crossings with Latvia, Finland, Estonia from July 1, 2026.",119520,366
2026-06-30 19:28:24,vysokygovorit,23226,https://t.me/vysokygovorit/23226,True,west_nato,alliance_politics,neg,NATO opened new command base in Estonia; analysis of troop deployment and defensive capabilities.,71077,42
2026-06-30 19:36:14,rybar,81426,https://t.me/rybar/81426,True,frontline,other,neu,"Russian military summary: ongoing operations on Kinburn, Slavyansk, and East Zaporizhzhia directions.",232973,19
2026-06-30 19:37:40,ngp_razvedka,25718,https://t.me/ngp_razvedka/25718,True,frontline,other,pos,Russian General Staff ordered preparation for offensive on Kyiv through Chernihiv region.,17237,89
2026-06-30 20:04:21,rybar,81427,https://t.me/rybar/81427,True,strikes_on_ukraine,fuel_infrastructure,pos,Destroying Ukrainian fuel infrastructure disrupts enemy logistics and complicates supply operations.,308836,24
2026-06-30 20:17:15,dva_majors,95408,https://t.me/dva_majors/95408,False,none,none,neu,,237848,1036
2026-06-30 20:32:10,rybar,81432,https://t.me/rybar/81432,False,none,none,neu,,245515,103
2026-06-30 20:32:10,rybar,81431,https://t.me/rybar/81431,False,none,none,neu,,248204,103
2026-06-30 20:32:10,rybar,81430,https://t.me/rybar/81430,False,none,none,neu,,235949,103
2026-06-30 20:32:10,rybar,81429,https://t.me/rybar/81429,False,none,none,neu,,233712,104
2026-06-30 20:32:10,rybar,81428,https://t.me/rybar/81428,True,frontline,other,pos,"Russian forces destroyed two dozen gas stations, damaged power plants; advance on multiple fronts.",230180,104
2026-06-30 23:03:01,dva_majors,95409,https://t.me/dva_majors/95409,False,none,none,neu,,115986,450
