date_utc,channel,message_id,link,text,views,forwards,replies,is_forward,has_media,media_type
2026-07-01 01:33:52,ngp_razvedka,25719,https://t.me/ngp_razvedka/25719,"Прогнозы должны быть честными, не убаюкивающими, а реалистичными, ситуация с бензином связана с внешними факторами - Зампред комитета Госдумы по экономполитике Станислав Наумов.

Ситуация эта, скорее всего, будет такой до тех пор, пока договоренности, которые были обозначены в Анкоридже на Аляске, не станут предметом официально согласованных позиций. То есть пока то, что Трамп предложил Путину, и то, с чем Владимир Владимирович мудро и великодушно согласился, не будет реализовано, мы будем в целом находиться в ситуации террористических атак со стороны киевского режима на наши объекты критической инфраструктуры, а они это делают при поддержке европейских стран НАТО.
По мнению Наумова, «не должно быть никаких иллюзий», на дефицит топлива следует реагировать максимально адекватно, и прежде всего следует изучить опыт сопоставимых периодов истории России и применить его на практике.
«Такие технические решения у нас существуют, просто их надо реанимировать и запустить. Мы когда-то жили в период холодной войны с США, и наверняка из подходов того времени можно и нужно найти такие меры, которые обезопасят наши хранилища топлива от любых атак извне», — сказал парламентарий.
Наумов полагает, что «как раньше уже не будет».
«Я считаю, и это моя личная позиция, а не позиция как депутата Госдумы, такого ничем не ограниченного объема топлива для частных легковых автомобилей, как было во время начиная с первой ввезенной иномарки в страну, наверное, уже не будет»
Сейчас в приоритетах должно быть обеспечение топливом без ограничений общественного транспорта, а также спецтранспорта — скорой помощи, полиции, МЧС и так далее, подчеркнул он.
«Для этого, действительно, и вице-премьер Новак прав, и президент это видит, что наших внутренних резервов достаточно. А дальше, по моему личному мнению, само общество в такой ситуации должно как-то реагировать и понять, что иногда в чем-то нужно свое потребление саморегулировать».

При этом Наумов убежден, что «нужно, чтобы всегда было топливо на заправках», однако, прогнозирует в перспективе рост цен.
«Понятно, что за ценовыми коридорами надо следить, но, наверное, в таких ситуациях важно, чтобы пусть не такое доступное по цене, как раньше, но физически доступное топливо было на как можно большем количестве автозаправочных станций по всей России».

«Дальше уже можно ставить вопрос о субсидировании выросших расходов на топливо, так же как мы сейчас субсидируем расходы на услуги ЖКХ, если они превышают 20% от дохода домохозяйства».
Зачем они себе стреляют в яйца накануне выборов, хоть кто-то понимает?

С февраля повторяем - наймите спичрайтеров, если с красноречием плохо. 

✈️ [НгП раZVедка](https://t.me/NgP_raZVedka) 🦇 [ДРГ в МАХ](https://max.ru/NgP_raZVedka) 📲",57414,94,56,0,0,
2026-07-01 02:58:33,ngp_razvedka,25720,https://t.me/ngp_razvedka/25720,"Самое время выплатить репарации. 

На сей раз платеж поступает из русского Крыма, так сказать, нацистам следует проверить личный кабинет, там наверняка уже капнуло с характерным жужжанием. 

Напоминаем, что вы [можете](https://t.me/NgP_raZVedka/25709) поучаствовать в акции для всех желающих и тоже выиграть возможность отправить репарацию врагу. 

Кроме того, если вы не хотите ждать случайностей, то для вас [существует](https://t.me/NgP_raZVedka/25715) другая акция, которая позволит вам с гарантией доставить подпись до врага по самые тылы.

Вливайтесь в движ, ибо он ограничен во времени. 

✈️ [НгП раZVедка](https://t.me/NgP_raZVedka) 🦇 [ДРГ в МАХ](https://max.ru/NgP_raZVedka) 📲",22190,6,69,0,1,photo
2026-07-01 03:06:00,rybar,81438,https://t.me/rybar/81438,,241901,226,,0,1,photo
2026-07-01 03:06:00,rybar,81437,https://t.me/rybar/81437,,243782,226,,0,1,photo
2026-07-01 03:06:00,rybar,81436,https://t.me/rybar/81436,,242394,226,,0,1,photo
2026-07-01 03:06:00,rybar,81435,https://t.me/rybar/81435,,239827,226,,0,1,photo
2026-07-01 03:06:00,rybar,81434,https://t.me/rybar/81434,,237493,226,,0,1,photo
2026-07-01 03:06:00,rybar,81433,https://t.me/rybar/81433,"🖌 ** С Днём ветерана боевых действий!**

Не так давно звание ветерана боевых действий мало что значило для большей части населения России. Уже ставшая далекой Чечня, зоны КТО на Кавказе, Сирия — все это касалось достаточно небольшой (в масштабах страны) группы людей. И для обывателя подвиг где-то там ничего толком и не значил.

СВО изменила многие вещи и понятия. В том числе изменилось отношение к людям в форме, волонтёрам, добровольцам, бойцам ЧВК — всем тем, кто стал защитниками современной России.

Корочка ветерана боевых действий — это не просто пропуск в музей без очереди. Это документ, подтверждающий высокий статус защитника, человека, который не пожалел живота за защиту Родины.

С праздником, дорогие ветераны. О вас помнят. Вас знают в лицо. Вам благодарны. А ваш подвиг — бесценен.

**Арты в высоком разрешении**
🔸[Зачистка](https://i.ibb.co/Y4fKXMHN/Vtr1q.png)
🔸[Боевой вылет](https://i.ibb.co/Z3pm76T/Vtr2q.png)
🔸[В поход](https://i.ibb.co/whyPNz2c/Vtr3q.png)
🔸[Дороги Херсонщины](https://i.ibb.co/nNCck8Tz/Vtr4q.png)
🔸[Экипаж не сдался](https://i.ibb.co/TMHzFykf/Vtr5q.png)
🔸[Разминирование](https://i.ibb.co/s9vhJ95y/Vtr6q.png)

[#арт #Россия
](https://qr.nspk.ru/BS1A0068ID10D33B9IBAQRQ4M9T0NIFN?type=01&bank=100000000008&crc=36CB)**✈**** **[**RU**](https://t.me/rybar)** | ****✈**** **[**EN**](https://t.me/rybar_in_english)** | ****✉**** **[**MAX**](https://max.ru/Rybar)

✉️ [**VK**](https://vk.com/rybar_force) | ✉️ [**RuTube**](https://rutube.ru/u/rybar/) | ✉️ [**ОК**](https://ok.ru/group/70000041986659) | ✉️ [**Дзен**](https://dzen.ru/rybar)

💸[**Поддержать нас**](https://qr.nspk.ru/BS1A0068ID10D33B9IBAQRQ4M9T0NIFN?type=01&bank=100000000008&crc=36CB)",231264,239,,0,1,photo
2026-07-01 03:48:00,dva_majors,95410,https://t.me/dva_majors/95410,"**ПОДЪЁМ**!

[**Два майора **](https://t.me/dva_majors)**✨****  **[**Два майора в МАХ**](https://max.ru/dva_majors)",95429,27,2,0,1,document
2026-07-01 03:48:14,dva_majors,95411,https://t.me/dva_majors/95411,"**#Сводка**** на утро 1 июля 2026 года**

**▪️В Черниговской области **на фоне заявлений Сырского о якобы подготовке нового наступления ВС России на Киев, начали формировать сводные отряды полицейских, которые кроме эвакуации гражданского населения, занимаются поиском уклонистов. В ""освобожденные""  дома расквартировываются силы противника, сообщает ГрВ ""Север"".

**На Сумском направлении** в Шосткинском** **районе штурмовики ГрВ ""Север"" продолжают вести стрелковые бои в Бачевске** **и окрестностях населенного пункта**.** В Сумском районе наши ведут бои в **Писаревке**, **Марьино,** в **селе Новая Сечь**, **посёлке Хотень**.

▪️В **Курской области **вражеский беспилотник сбросил взрывное устройство в слободе Белой Беловского района. Ранен 65-летний мужчина.

▪️В **Белгородской области **за помощью обратился водитель, пострадавший при атаке дрона на грузовой автомобиль в селе Бессоновка. В селе Криничное Беспилотник сдетонировал на территории коммерческого объекта, ранен мужчина. В селе Двулучное беспилотник атаковал автомобиль. В хуторе Церковный при детонации FPV-дрона ВСУ на территории предприятия пострадал мирный житель.

**▪️ На Харьковском направлении **штурмовые подразделения ГрВ ""Север"" продолжают наступательные действия в посёлке Казачья Лопань. На Волчанском участке штурмовые - бои в **сёлах Лосевка**, **Украинское**, **Земляной Яр** и в лесных массивах Волчанского района**.** На Великобурлукском** **участке наши ведут бои в селе **Петро-Ивановка**, около **сёл Бударки и Землянки.** 

▪️На **Славянском направлении** Минобороны России сообщило в н.п. Малиновка, что логично развивает успех после Рай-Александровки

▪️На востоке **Запорожской области** о новых успеха докладывает ГрВ ""Восток"": освобождены н.п. **Лесное и Ровное**.

▪️В **Запорожской области** предыдущие сутки пострадали пять мирных жителей. Большинство беспилотников были сбиты средствами ПВО и МОГ. В Мелитополе повреждены склады и транспорт, один водитель ранен. В других районах также зафиксированы атаки на гражданские автомобили и жилые дома. Противник продолжает атаковать мирную инфраструктуру.

▪️В **Херсонской области** губернатор вчера сообщил, что погиб гражданский в результате удара БПЛА ВСУ в **Старой Збурьевке** Голопристанского округа. Повреждения зафиксированы в Богдановке, Великих Копанях, Григорьевке, Каховке, Клинах, Костогрызово, Крестовке, Новофедоровке, Раденске, Ставках, Счастливцево и Чаплинке. 

▪️Из **Крыма и Севастополя** поступают осторожные сообщения о действенности принимаемых мер по преодолению последствий атак противника по логистике, вызвавших топливный и энергетический кризисы. О полной локализации вызовов говорить на приходится, но некоторые улучшения есть. Налёты на регион продолжаются с разной интенсивностью ежесуточно.

[**Два майора **](https://t.me/dva_majors)**✨****  **[**Два майора в МАХ**](https://max.ru/dva_majors)",379733,326,25,0,1,photo
2026-07-01 04:19:33,dva_majors,95412,https://t.me/dva_majors/95412,"Сегодня утром на территории **Пензенской области** силами ПВО Минобороны России сбит беспилотный летательный аппарат, - **губернатор**

Обломки БПЛА повредили линии электропередачи и упали на недостроенное здание. Пострадавших нет. На месте происшествия работают службы экстренного реагирования, устраняя последствия. 

✨По состоянию на 7:05 на территории области объявлен режим «Воздушная опасность». 

▪️Противник заявляет, что целью налета является Пензенский подшипниковый завод.

[**Два майора **](https://t.me/dva_majors)**✨****  **[**Два майора в МАХ**](https://max.ru/dva_majors)",93275,224,49,0,1,photo
2026-07-01 04:24:31,dva_majors,95417,https://t.me/dva_majors/95417,,90009,106,,1,1,document
2026-07-01 04:24:31,dva_majors,95416,https://t.me/dva_majors/95416,,92176,105,,1,1,photo
2026-07-01 04:24:31,dva_majors,95415,https://t.me/dva_majors/95415,,92326,105,,1,1,document
2026-07-01 04:24:31,dva_majors,95414,https://t.me/dva_majors/95414,,89854,105,,1,1,document
2026-07-01 04:24:31,dva_majors,95413,https://t.me/dva_majors/95413,"Кадры ночной работы «Гераней».

Беспилотники отработали по целям в Сумской, Запорожской, Днепропетровской, Харьковской и Черниговской областях.

🇷🇺  [РАМЗАЙ в МАКС](https://max.ru/ramzayiegokomanda)  | [ВК](https://vk.com/ramzayiegokomanda) | [TG](https://t.me/ramzayiegokomanda)",88867,107,4,1,1,document
2026-07-01 04:31:03,dva_majors,95419,https://t.me/dva_majors/95419,,96557,181,,0,1,photo
2026-07-01 04:31:03,dva_majors,95418,https://t.me/dva_majors/95418,"Каналы противника пишут, что ночью ВС России ударили дронами по 5 заправкам** в Днепропетровской области**.

[**Два майора **](https://t.me/dva_majors)**✨****  **[**Два майора в МАХ**](https://max.ru/dva_majors)",101662,182,177,0,1,photo
2026-07-01 05:08:01,wargonzo,35204,https://t.me/wargonzo/35204,,33400,54,,0,1,photo
2026-07-01 05:08:01,wargonzo,35203,https://t.me/wargonzo/35203,,35104,55,,0,1,photo
2026-07-01 05:08:01,wargonzo,35202,https://t.me/wargonzo/35202,,32222,54,,0,1,photo
2026-07-01 05:08:01,wargonzo,35201,https://t.me/wargonzo/35201,,28557,54,,0,1,photo
2026-07-01 05:08:01,wargonzo,35200,https://t.me/wargonzo/35200,,28885,54,,0,1,photo
2026-07-01 05:08:01,wargonzo,35199,https://t.me/wargonzo/35199,,28194,54,,0,1,photo
2026-07-01 05:08:01,wargonzo,35198,https://t.me/wargonzo/35198,"⚡️Фронтовая сводка на утро 01.07.26⚡️

**Запорожский фронт**
На Каменском направлении идут бои по линии Степногорск – Лукьяновское. (Рис. 1.1)

На Гуляйпольском направлении ВС РФ продвигаются западнее Воздвижевки. МО РФ сообщило об освобождении села Лесное. В 4 километрах юго-западнее Воздвижевки войска РФ установили контроль в населённом пункте Ровное. (Рис. 1.2) 

**Донецкий фронт**
На Добропольском направлении есть продвижение севернее Гришино в сторону Шевченко и села Доброполье от Новоалександровки и Василевки. ВС РФ увеличили контроль территорий на подступах к Белицкому. Сообщается, что войска РФ подошли к окраинам города Доброполье с восточной стороны. (Рис. 2.1) 

В Константиновке продолжается зачистка в юго-западной части города.

ВС РФ продолжают охват Красного Лимана. Бои идут в центре города у железнодорожных путей и севернее, у озёр Лиман и Голубое. На Северском участке ВС РФ развивают охват Ореховатки. МО РФ сообщило об освобождении села Малиновка, расположенного в 10 километрах к востоку от Краматорска и в 15 километрах к юго-востоку от Славянска. (Рис. 2.2) 

**Харьковский фронт**
На Купянском направлении ВС РФ увеличивают зону контроля в Купянске-Узловом. Продолжаются тяжёлые бои в Купянске. (Рис. 3.1) 

На Волчанском направлении есть продвижение в районе Белого Колодезя и Земляного Яра. Идут бои у населённых пунктов Бударки и Землянки. (Рис. 3.2) 

**Сумской фронт**
На Сумском участке идут бои за Марьино. Выше по фронту продолжаются столкновения на участке Бачевск – Сопычь. (Рис. 4) 

__Смотрите ежедневные сводки от аналитического отдела проекта__
@wargonzo",30485,55,,0,1,photo
2026-07-01 05:20:31,rusich_army,30152,https://t.me/rusich_army/30152,"🤙**Доброго утра, дорогие подписчики!**

**1 июля - День ветеранов боевых действий**, мы бы хотели поздравить от всей души наших воинов и ветеранов, ведь это 
символ беззаветного мужества, стойкости и истинного патриотизма.

Пусть мужество и отвага всегда будут примером, а дома всегда ждут и любят. Мира, добра и здоровья!

🤙[Архангел Спецназа](https://t.me/rusich_army)!

❗️🤙 [Если не грузит видео - смотрите у нас в MAX](https://max.ru/arx_spn)",92457,40,81,0,1,photo
2026-07-01 05:22:01,dva_majors,95420,https://t.me/dva_majors/95420,"🇷🇺 **Крым**

Южный окружной военный суд вынес приговор жителю Симферопольского района **Усеинову Руслану Хайсеровичу, 1970 г.р.**, признанному **виновным в публичных призывах к совершению террористической деятельности в сети Интернет**.

Усеинов, наивно полагая, что действует в сети «Интернет» анонимно, размещал комментарии, содержащие призывы к нанесению ракетных ударов по территории Российской Федерации.

Противоправная деятельность была пресечена сотрудниками Пограничного управления ФСБ России по Республике Крым.

Следственным отделом УФСБ России по Республике Крым и городу Севастополю в его отношении было возбуждено и расследовано уголовное дело по признакам преступления, предусмотренного статьей 205.2 УК России ""Публичные призывы к осуществлению террористической деятельности"".

**Подонок получил наказание в виде 6 лет и 6 месяцев лишения свободы с отбыванием наказания в исправительной колонии общего режима.**

Приговор вступил в законную силу.

[**Два майора **](https://t.me/dva_majors)**✨****  **[**Два майора в МАХ**](https://max.ru/dva_majors)",96091,96,47,0,1,document
2026-07-01 05:33:02,rybar,81439,https://t.me/rybar/81439,"**#Сводка**** на утро 1 июля 2026 года**

**▪️В Черниговской области **на фоне заявлений Сырского о якобы подготовке нового наступления ВС России на Киев, начали формировать сводные отряды полицейских, которые кроме эвакуации гражданского населения, занимаются поиском уклонистов. В ""освобожденные""  дома расквартировываются силы противника, сообщает ГрВ ""Север"".

**На Сумском направлении** в Шосткинском** **районе штурмовики ГрВ ""Север"" продолжают вести стрелковые бои в Бачевске** **и окрестностях населенного пункта**.** В Сумском районе наши ведут бои в **Писаревке**, **Марьино,** в **селе Новая Сечь**, **посёлке Хотень**.

▪️В **Курской области **вражеский беспилотник сбросил взрывное устройство в слободе Белой Беловского района. Ранен 65-летний мужчина.

▪️В **Белгородской области **за помощью обратился водитель, пострадавший при атаке дрона на грузовой автомобиль в селе Бессоновка. В селе Криничное Беспилотник сдетонировал на территории коммерческого объекта, ранен мужчина. В селе Двулучное беспилотник атаковал автомобиль. В хуторе Церковный при детонации FPV-дрона ВСУ на территории предприятия пострадал мирный житель.

**▪️ На Харьковском направлении **штурмовые подразделения ГрВ ""Север"" продолжают наступательные действия в посёлке Казачья Лопань. На Волчанском участке штурмовые - бои в **сёлах Лосевка**, **Украинское**, **Земляной Яр** и в лесных массивах Волчанского района**.** На Великобурлукском** **участке наши ведут бои в селе **Петро-Ивановка**, около **сёл Бударки и Землянки.** 

▪️На **Славянском направлении** Минобороны России сообщило в н.п. Малиновка, что логично развивает успех после Рай-Александровки

▪️На востоке **Запорожской области** о новых успеха докладывает ГрВ ""Восток"": освобождены н.п. **Лесное и Ровное**.

▪️В **Запорожской области** предыдущие сутки пострадали пять мирных жителей. Большинство беспилотников были сбиты средствами ПВО и МОГ. В Мелитополе повреждены склады и транспорт, один водитель ранен. В других районах также зафиксированы атаки на гражданские автомобили и жилые дома. Противник продолжает атаковать мирную инфраструктуру.

▪️В **Херсонской области** губернатор вчера сообщил, что погиб гражданский в результате удара БПЛА ВСУ в **Старой Збурьевке** Голопристанского округа. Повреждения зафиксированы в Богдановке, Великих Копанях, Григорьевке, Каховке, Клинах, Костогрызово, Крестовке, Новофедоровке, Раденске, Ставках, Счастливцево и Чаплинке. 

▪️Из **Крыма и Севастополя** поступают осторожные сообщения о действенности принимаемых мер по преодолению последствий атак противника по логистике, вызвавших топливный и энергетический кризисы. О полной локализации вызовов говорить на приходится, но некоторые улучшения есть. Налёты на регион продолжаются с разной интенсивностью ежесуточно.

[**Два майора **](https://t.me/dva_majors)**✨****  **[**Два майора в МАХ**](https://max.ru/dva_majors)",208357,49,,1,1,photo
2026-07-01 05:53:09,rybar,81440,https://t.me/rybar/81440,"📝**Компромисс Кира Стармера**📝
__Армейский «банкет» за чужой счет__ 

Премьер-министр Великобритании **Кир Стармер** под занавес своего правления решил порадовать оружейное лобби и всё-таки сумел принять долгожданный план оборонных инвестиций на **£15 млрд**, но без увеличения заимствований — деньги просто изымают из других проектов.

Фактически речь о перераспределении: урезают или откладывают инфраструктурные проекты, энергетику и транспорт, частично — даже модернизацию военного жилья. Интересно, что именно жильё для военных было одним из приоритетов минобороны ещё год назад.

Сам пакет выглядит как попытка срочно догнать реальность: часть средств уходит на ядерный компонент (__подводные лодки Dreadnought и AUKUS__), **более** **£8 млрд** — на истребитель шестого поколения GCAP, отдельный акцент — на дроны, куда добавляют **свыше £5 млрд**. Плюс закупка 12 истребителей F-35A, способных нести ядерное оружие.

📌Однако ключевой вопрос — в подходе. Стармер прямо предупреждает своего вероятного преемника Энди Бёрнема не увеличивать заимствования ради военных нужд и отдельно критикует [идею](https://t.me/evropar/2045) «__оборонных облигаций__».

❗️Решение властей отражает и более широкую проблему: Британия пытается нарастить военные расходы до 3% ВВП, но без ухудшения макрофинансовой стабильности. Пока получается подобие компромисса — армия получает меньше, чем просила (__£15 млрд против запрошенных £28 млрд__), а экономика платит замедлением инфраструктурных проектов.

📎[**Инфографика в высоком разрешении**](https://i.ibb.co/L2BVzvd/30-06.jpg)

📎[**English version**](https://i.ibb.co/RG6H4sGc/30-06.jpg)

#Великобритания #инфографика 
👁@evropar — на пороге смерти Европы

**💸**** **[**Поддержать нас**](https://qr.nspk.ru/BS1A0068ID10D33B9IBAQRQ4M9T0NIFN?type=01&bank=100000000008&crc=36CB)",222213,39,,1,1,photo
2026-07-01 05:59:01,dva_majors,95421,https://t.me/dva_majors/95421,"📝**Главное от Рыбаря**📝
__дайджест материалов за 30 июня__

Как повергнуть украинскую логистику в хаос? Нужно для начала уничтожить [топливную инфраструктуру](https://t.me/rybar/81414), а там уже легче будет.

❗️Подробнее об этих и других темах читайте в нашем дайджесте.

➡️**Рыбарь** @rybar — говорим о сложном просто.

__Основной ресурс нашего аналитического центра. 
Самые важные и интересные материалы.__

▪️Хроника СВО, состояние украинских нефтебаз на [Слобожанщине](https://t.me/rybar/81414), очередной [налет](https://t.me/rybar/81418) дронов ВСУ, освобождение [Малиновки](https://t.me/rybar/81420), бои северо-восточнее [Орехова](https://t.me/rybar/81422)
▪️Очередная [фанерная](https://t.me/rybar/81419) структура на замену СНГ
▪️ЕС финансирует [поставку](https://t.me/rybar/81423) ББМ в Молдавию
▪️Региональная [борьба](https://t.me/rybar/81424) с миграционными схемами в образовании
▪️За что [пытались](https://t.me/rybar/81425) убить Ермолаева?
➡️**АЗИАТАРЬ ****@rybar_Pacific**

Оппозиция на **Тайване** блокирует предложения местных властей по дополнительных оборонным расходам — зато [выдвигает](https://t.me/rybar_pacific/2734) свои проекты трат на дроны. В **Южной Корее** серьезно [взялись](https://t.me/rybar_pacific/2733) за чипы и искусственный интеллект, пока ее северный сосед [наращивает](https://t.me/rybar_pacific/2735) экспорт полезных ископаемых в обход санкций.
➡️**АМЕРИКАРЬ ****@rybar_america**
 
День решений Верховного суда вышел для Трампа [неоднозначным](https://t.me/rybar_america/1722), в то время как шансов на принятие нужного ему [закона](https://t.me/rybar_america/1723) остаётся всё меньше, США [разрабатывают](https://t.me/rybar_america/1728) новую ядерную боеголовку, а чиновники администрации продолжали [обсуждать](https://t.me/rybar_america/1731) служебные вопросы в мессенджере.
➡️**АФРИКАРЬ ****@rybar_Africa**

Исламисты в Мали [прорываются](https://t.me/rybar_africa/4238) на юг к гвинейской границе, угрожая золотоносным районам и международным компаниям. В ЮАР антимигрантское движение [не привело](https://t.me/rybar_africa/4245) к высылке, но выдвинуло новые требования, а в Кении полиция [застрелила](https://t.me/rybar_africa/4246) демонстранта в Найроби, повторив сценарий кровавых разгонов двухлетней давности.
➡️**БАЛКАНАРЬ ****@balkanar**

В Сербии продолжают закупать китайское вооружение: поставщики из КНР [занимают](https://t.me/balkanar/2224) почти 60% рынка оборонного заказа. И при этом в Белграде изыскали средства на масштабные социальные [выплаты](https://t.me/balkanar/2223) перед выборами.
➡️**ЕВРОПАРЬ ****@evropar**

В Британии случилось то, чего так долго ждали — Кир Стармер [представил](https://t.me/evropar/2081) план оборонных инвестиций (там всё не очень весело). Киевскому режиму [направили](https://t.me/evropar/2078) очередной транш от Евросоюза. Однако это не помешало полякам [продолжить](https://t.me/evropar/2077) разборки по поводу передачи истребителей т.н. Украине.
➡️**КАВКАЗАРЬ ****@caucasar**

В **МИД РФ** [обозначили](https://t.me/caucasar/1973) ключевые проблемы и вызовы для Закавказья. **Азербайджанцы** продолжают [интегрировать](https://t.me/caucasar/1976) тюрков, а турки [протестовать](https://t.me/caucasar/1975) против **НАТО**.
➡️**ЛАТИНАРЬ ****@rybar_latam**

Правый кандидат в президенты Бразилии [ищет](https://t.me/rybar_latam/3248) поддержку в Аргентине, в Венесуэле [растет](https://t.me/rybar_latam/3255) число жертв и социальное недовольство. Не венесуэльской нефтяной платформе [прогремел](https://t.me/rybar_latam/3258) взрыв, а в Эквадоре [скандал](https://t.me/rybar_latam/3258) из-за убийства польской активистки.
➡️**ОРИЕНТАРЬ ****@rybar_mena**

Иранцы [отказались](https://t.me/rybar_mena/5705) от помощи французов  в разминировании Ормуза, израильтяне [не спускают глаз ](https://t.me/rybar_mena/5706)с хуситов и [подсчитывают](https://t.me/rybar_mena/5709) ущерб для НПЗ в Хайфе, параллельно [совершенствуя](https://t.me/rybar_mena/5710) «Железный купол». А в Сирии наконец [набрались](https://t.me/rybar_mena/5708) смелости, только радоваться пока особо нечему.
➡️**ТУРАНАРЬ ****@rybar_stan**** 
**
БЛА ВСУ ударили и по Киргизии. Не верите? Так [почитайте](https://t.me/rybar_stan/2282). Ну а на этом фоне снова все заговорили о переделе [наркорынка](https://t.me/rybar_stan/2280).
©️[**Подписывайтесь на все каналы**](https://t.me/addlist/kONcGnoFQxU1NmQy)©️
#дайджест #итоги

✉️ [**VK**](https://vk.com/rybar_force) | ✉️ [**RuTube**](https://rutube.ru/u/rybar/) | ✉️ [**ОК**](https://ok.ru/group/70000041986659) | ✉️ [**Дзен**](https://dzen.ru/rybar)

💸[**Поддержать нас**](https://qr.nspk.ru/BS1A0068ID10D33B9IBAQRQ4M9T0NIFN?type=01&bank=100000000008&crc=36CB)",70631,0,15,1,1,webpage
2026-07-01 06:31:41,dva_majors,95422,https://t.me/dva_majors/95422,"**Запорожский фронт**

Оператор БПЛА разведывательной роты **291-го мотострелкового полка 58 Армии** с позывным «Мартын» делится кадрами своей боевой работы.

В ходе ведения воздушной разведки фронтовик выявил точку взлёта вражеского расчёта БПЛА. После подтверждения цели по обнаруженной позиции было нанесено огневое поражение.

[Два майора](https://t.me/dva_majors)** ****✨**** **[Два майора в МАХ](https://max.ru/dva_majors)",81508,26,11,0,1,document
2026-07-01 06:34:24,sashakots,62746,https://t.me/sashakots/62746,"**ИНОСМИ Прогресс под Константиновкой и угрозы Зеленского 
**
**Interia (Польша**). «Россия прокладывает себе путь к Константиновке. Этот город является ключевым пунктом в восточной части так называемого пояса крепостей, который должен защитить украинские земли от наступления российской армии. Этот регион очень нужен Кремлю. Владимир Путин стремится занять всю Донецкую область. На прошлой неделе украинские командиры сообщили, что бои начались уже в самой Константиновке. Небольшие группы российских военных пытаются прорваться к окраинам города. Украинцы сообщают, что вскоре русские могут атаковать Константиновку с близкого расстояния».

**Advance (Хорватия ).** «Зеленский объявил о начале широкой кампании ""на 40 дней"", в ходе которой ключевые российские объекты окажутся под таким натиском, что Кремль, как верят и надеются в Киеве, согласится прекратить вооруженный конфликт и сделает это на украинских условиях. План, надо сказать, смелый. Он кроет в себе определенные угрозы и пока демонстрирует эффективность в достаточной мере, чтобы российская сторона поняла: эти угрозы не пустые. С другой стороны, Киев должен оставить противнику пространство для выхода, иначе вместо мира он получит еще большую эскалацию. Если на этом пути не появится шанс пересмотреть украинский статус в НАТО, то мир будет практически невозможен, и тогда чувствующая угрозу Россия раздумает садиться за стол переговоров и задействует свой самый опасный арсенал».

**Foreign Policy (США). **«Первая попытка Трампа быстро заключить сделку с Путиным, таким же авторитарным руководителем, как и он сам, ни к чему не привела. Причины хорошо известны: стратегия России по использованию переговоров в качестве фигового листа для достижения целей-максимум — вплоть до фактического прекращения существования Украины как независимого государства, а также отказ Владимира Зеленского уступить оставшуюся часть Донбасса. У Кремля есть основания для разочарования, поскольку Трамп не выполнил свое первоначальное обещание. Украина, между тем, изменила ситуацию благодаря своему преимуществу в области беспилотников, нанося удары по Москве и Санкт-Петербургу. Вот почему Зеленский сейчас заинтересован в прекращении огня, включающем замораживание линии фронта, так как у него могут быть какие-то рычаги давления на Россию».

@sashakots",33003,41,,0,0,
2026-07-01 07:01:01,rusich_army,30153,https://t.me/rusich_army/30153,"💬**Очередной налет БпЛА на Россию****💬**

Украинские удары беспилотниками по российской территории продолжаются изо дня в день. После массированной атаки в более 500 дронов вчера снова пошло снижение числа.

Подразделениями ПВО в ночь на 1 июля было уничтожено не менее 179 беспилотников. А всего за сутки с утра 30 июня поражено 300 дронов над разными регионами страны.

▪️Основной целью атаки, как и в предыдущие дни, был Черноморский регион, то есть Крым. Дроны сбивали над западом Крыма, в центральной и восточной частях.

Также ВСУ активно били по ДНР, в том числе по самому Донецку. Сегодня ночью фиксировались пролеты БпЛА типа «Хорнет». Кроме того, атакован мост на дороге Донецк — Мариуполь.

▪️Ещё одной целью стала Пензенская область, где украинские беспилотники атаковали научно-производственное предприятие, а кадры с различных ракурсов уже блуждают в сети.

Интересно, что дроны также сбивали над Саратовской, Ульяновской и Самарской областями. Вероятно, ВСУ вновь пытались ударить по нефтегазовым предприятиям в этой зоне.

🤙[Архангел Спецназа](https://t.me/rusich_army)!

❗️🤙 [Если не грузит видео - смотрите у нас в MAX](https://max.ru/arx_spn)",99313,47,23,0,1,photo
2026-07-01 07:02:01,wargonzo,35206,https://t.me/wargonzo/35206,"**Украина и Швеция подписали** **соглашение о закупке 16 истребителей Gripen E**

Украина и Швеция заключили соглашение о покупке Киевом 16 истребителей Gripen E. Они будут переданы ВСУ в начале 2027 года.  

«Вместе со Швецией мы продолжаем укреплять украинскую военную авиацию», — заявил  Зеленский.
 
Вместе с истребителями Украина получит необходимое оборудование, техническую помощь и поддержку в обслуживании. Ранее шведское правительство сообщало, что Швеция планирует поставить Украине до 36 истребителей Gripen: старые модели будут переданы в дар, новые истребители Украина закупит на 2,5 миллиарда евро из кредита ЕС.

👉🏻 [Присоединяйтесь к WarGonzo в MAX](https://max.ru/WarGonzo)",27965,26,,0,1,photo
2026-07-01 07:04:53,dva_majors,95423,https://t.me/dva_majors/95423,"✨**Сбор** **на Добропольское направление**✨
643 человека приняли участие сборах за сутки!

⚡️ Десантники нуждаются в народной поддержке! Для сопровождения штурмовых групп и ведения разведки операторам необходимы дроны, а так же оборудование для mesh-сети.

▪️Mavic 4Т - 400 000 ₽
▪️Mavic 3Pro -2шт- 400 000 ₽
▪️Mesh-система - 1 200 000 ₽

**Необходимо: 2 000 000 ₽
**Собрано за сутки: 120 142 ₽
Собрано всего: 1 312 136 ₽ 
Осталось собрать: 687 864 ₽

**-**
**Реквизиты для добровольных 
пожертвований: **
✔️любым удобным способом **на сайте** «Два майора» - https://dva-majors.ru 
✔️ на счет БФ «Два майора» перевод **по СБП** без комиссии:  https://qr.nspk.ru/AS1A002SNGS125GG8HFRLP618Q3H3GRI?type=01&bank=100000000111&crc=DF0D
✔️T-Банк: https://pay.cloudtips.ru/p/4641cedb
✔️**для юридических лиц **(покажите друзьям - бизнесменам!): 
ИНН: 2365033577
КПП: 236501001
БИК: 040349602
Р/с 40703810530000007491
—
Карта Сбербанка физического лица (Е.В.М.), **представителя Фонда**: 
2202206209199178
`2202206209199178`

**Всё для Фронта! **🇷🇺 

Наш официальный сайт:
https://dva-majors.ru
—
[БФ Два майора](https://t.me/front_narod)",80684,2,19,0,1,document
2026-07-01 07:25:01,dva_majors,95424,https://t.me/dva_majors/95424,"⚠️🏭**Беспилотники всё больше бьют по производителям вооружений «старого поколения»**

🇺🇦Украина заказала у немецкого концерна 🇩🇪**Rheinmetall** поставку **нескольких десятков тысяч 155-мм артиллерийских боеприпасов** большой дальности действия ER02A1 B/B и **метательные заряды к ним** на сумму в «несколько сотен миллионов евро». 

Производство уже началось на заводе 🇪🇸**Rheinmetall Expal Munitions** в Испании, а контракт должен быть выполнен **в первом квартале 2027 года.**

✨Это **единственный заказ за первую половину 2026 года**. В прошлом году в разные страны Rheinmetall было поставлено **от 500 до 700 тыс. снарядов.**

Концерн поставил **цель к 2027 году производить 1 млн** артиллерийских снарядов в год, а к **2030 году – 1,5 млн** (❗). Для этого были **приобретены заводы в Европе на 1 млрд евро.**

На падение спроса **напрямую повлияла дроновая революция.** Стоимость одного 155-мм снаряда составляет **от 4 до 8 тыс. евро**, против цены **300-1000 долларов за один FPV-дрон**, который по сути уже является **дальнобойным управляемым снарядом и может лететь дальше обычного артснаряда.**

🇩🇪Ранее, **акциии Rheinmetall в моменте падали на 20%** на фоне решения [**о прекращении программы закупок фрегатов F126 для ВМС Германии**](https://t.me/dva_majors/95123).

✨⭐️Rheinmetall и аналогичные компании по всему миру (**и Россия тут не исключение**❗) являются **главными интересантами разработки дешевых систем противодействия БПЛА нового поколения**, которые удорожат применение дронов на поле боя и значительно понизят их эффективность. **В противном случае** их продукция в ближайшем будущем станет **абсолютно неконкурентной** в связи с низкой эффективностью и высокими затратами.

[**Два майора**](https://t.me/dva_majors)
[**Два майора в МАХ**](https://max.ru/dva_majors)",99192,81,21,0,1,photo
2026-07-01 07:39:48,epoddubny,27979,https://t.me/epoddubny/27979,"Масштабные планы Пентагона по модернизации военной инфраструктуры в Британии отражают усиление стратегического присутствия США в Европе. Бюджет программы превышает 4 млрд долларов; значительная часть средств пойдёт на объекты, связанные с ядерным компонентом и ударной авиацией.

Приоритетным направлением станет авиабаза Лейкенхит в Суффолке — крупнейшая американская база в Соединённом Королевстве. Помимо неё, обновления затронут авиабазу Милденхолл (Суффолк), базу Королевских ВВС Фэрфорд (Глостершир) и особо охраняемую базу Мэнвит‑Хилл в Йоркшир‑Дейлс.

Среди конкретных задач военного ведомства США — строительство новых бункеров для ядерного оружия в Суффолке и модернизация Фэрфорда, который ранее использовался в операциях против Ирана. Основные технические изменения направлены на повышение защищённости авиатехники и расширение возможностей глобального проецирования силы, то есть нанесения ударов по целям в любой части мира. 

Нынешнее военное присутствие США в Британии остаётся значительным: на территории страны размещено более 12 тысяч американских военнослужащих, дислоцированных как минимум на 15 базах.

[Подпишись ТГ](https://t.me/epoddubny) / [Подпишись МАХ](https://max.ru/epoddubny)",31571,25,1,0,0,
2026-07-01 07:41:47,rybar,81441,https://t.me/rybar/81441,"📝**Лазер для бомб с УМПК**📝

Во что технически упирается снос крупных вражеских мостов? Отчасти в ситуации, когда одним средствам не хватает точности, другим — массы боевой части. В той или иной степени проблема сохраняется еще с первых попыток ударов по таким объектам в начале СВО.

Решить ее можно, например, за счет высокой интенсивности ударов по таким мостам планирующими авиабомбами по принципу __«из десяти одна попадет куда нужно».__ Но есть и принципиальные технические возможности увеличить точность.

Один из вариантов — [лазерное целеуказание](https://t.me/voenacher/94213), когда на конечном участке бомба летит в точку, на которую «светит» установленный на беспилотнике комплекс. Так, например, работают управляемые снаряды «Краснополь», которые наводит БЛА «Орлан-30».

Преимущества очевидны: луч можно направить на конкретную опору того же моста или этаж здания, где сидит беспилотный расчет. В сравнении с наведением по координатам точность будет выше, даже при выставлении цифр по высоте.

Да, у идеи есть свои нюансы. Но и возможностей для реализации гораздо больше, чем в 2022-2023 годах. К тому же комплекс целеуказания теоретически можно поставить на разные типы «больших» БЛА, не ограничиваясь «Орлан-30».

❗️Это не значит, что «обычные» бомбы с УМПК или УМПБ будут не нужны — речь идет о **расширении номенклатуры вооружений.** Чем она шире, тем больше гибкость в выполнении задачи и тем выше вероятность ее выполнения.
#авиация #мосты #Россия #Украина
**✈️**** **[**RU**](https://t.me/rybar)** | ****✈️**** **[**EN**](https://t.me/rybar_in_english)** | ****✉️**** **[**MAX**](https://max.ru/Rybar)**

****✉️**** **[**VK**](https://vk.com/rybar_force)** | ****✉️**** **[**RuTube**](https://rutube.ru/u/rybar/)** | ****✉️**** **[**OK**](https://ok.ru/group/70000041986659)** | ****✉️**** **[**Дзен**](https://dzen.ru/rybar)**

****💸**[**Поддержать нас**](https://qr.nspk.ru/BS1A0068ID10D33B9IBAQRQ4M9T0NIFN?type=01&bank=100000000008&crc=36CB)",285688,153,,0,1,webpage
2026-07-01 08:07:01,epoddubny,27980,https://t.me/epoddubny/27980,"Эффективность огневого поражения целей в районе Константиновки обеспечивает слаженная работа артиллерии и операторов подразделений беспилотных систем.

Разведка фиксирует отход боевиков ВСУ из городских кварталов Константиновки. Противник, стремясь избежать ликвидации, откатывается в сторону Алексеево‑Дружковки, где пытается укрыться в частной застройке. Попытки тщетны. Разведданные с координатами целей оперативно передаются расчётам артиллерии.

На кадрах работа артиллеристов 1442‑го гв. мсп ""Южной"" группировки войск. В результате огневого воздействия позиции противника уничтожены. Успешное выполнение задачи подтверждено кадрами объективного контроля.

[Подпишись ТГ](https://t.me/epoddubny) / [Подпишись МАХ](https://max.ru/epoddubny)",53518,67,1,0,1,document
2026-07-01 08:27:08,sashakots,62747,https://t.me/sashakots/62747,"**Битва за Славянск. Как это будет
**
Украинские СМИ заговорили об эвакуации мирных жителей из Славянска и Краматорска и о превращении этих городов во фронтовые. Дескать, уличные бои уже не за горами. Картина, жалуются, тревожная.

Логика клещей складывается из нескольких движений.

Подробно [расписал в своем МАКСе.](https://max.ru/kots/AZ8cyH3Obmw)

@sashakots",30852,62,,0,1,photo
2026-07-01 08:41:38,dva_majors,95425,https://t.me/dva_majors/95425,"**Курская область, губернатор:**

Сегодня ночью с помощью беспилотников ВСУ** разбросали взрывные устройства на двух площадях в городе. **При попытке разминировать боевую часть погиб взрывотехник ОМОН Росгвардии. Искренние соболезнования семье. Также ранен сотрудник полиции.

Сейчас обстановка напряжённая. Враг продолжает свои нападки. Объявлена опасность атаки БПЛА.

[**Два майора **](https://t.me/dva_majors)**✨****  **[**Два майора в МАХ**](https://max.ru/dva_majors)",83413,230,28,0,1,photo
2026-07-01 08:47:33,dva_majors,95426,https://t.me/dva_majors/95426,"**Депутатнул про топливо**: **свое потребление нужно** **саморегулировать**
**
«Как раньше не будет», -**[** заявил RTVI**](https://rtvi.com/news/ne-dolzhno-byt-illyuzij-v-gd-sprognozirovali-srok-okonchaniya-deficzita-topliva/)** зампред комитета Госдумы по экономполитике Станислав Наумов.**

«Ситуация эта, скорее всего, будет такой до тех пор, пока договоренности, которые были обозначены в Анкоридже на Аляске, не станут предметом официально согласованных позиций. То есть пока то, что Трамп предложил Путину, и то, с чем Владимир Владимирович мудро и великодушно согласился, не будет реализовано, мы будем в целом находиться в ситуации террористических атак со стороны киевского режима на наши объекты критической инфраструктуры, а они это делают при поддержке европейских стран НАТО»

По мнению парламентария, «не должно быть никаких иллюзий», на дефицит топлива следует реагировать максимально адекватно, и прежде всего следует изучить опыт сопоставимых периодов истории России и применить его на практике.

«Такие технические решения у нас существуют, просто их надо реанимировать и запустить. Мы когда-то жили в период холодной войны с США, и наверняка из подходов того времени можно и нужно найти такие меры, которые обезопасят наши хранилища топлива от любых атак извне», — сказал парламентарий.

«Я считаю, и это моя личная позиция, а не позиция как депутата Госдумы, такого ничем не ограниченного объема топлива для частных легковых автомобилей, **как было во время начиная с первой ввезенной иномарки в страну, наверное, уже не будет»,** — сказал собеседник RTVI.

Сейчас в приоритетах должно быть обеспечение топливом без ограничений общественного транспорта, а также спецтранспорта — скорой помощи, полиции, МЧС и так далее, подчеркнул он.

«Для этого, действительно, и вице-премьер Новак прав, и президент это видит, что **наших внутренних резервов достаточно. **А дальше, по моему **личному** **мнению**, само общество в такой ситуации должно как-то реагировать и понять, что** иногда в чем-то нужно свое потребление саморегулировать❗️»**, — рассуждает Наумов.

При этом он убежден, что «нужно, чтобы всегда было топливо на заправках», однако, прогнозирует в перспективе рост цен.

✨Когда депутаты Госдумы **личным примером ** покажут, как надо заниматься саморегулированием, вот тогда пусть свои пухленькие ротики и открывают.

[**Два майора **](https://t.me/dva_majors)**✨****  **[**Два майора в МАХ**](https://max.ru/dva_majors)",83782,343,463,0,1,photo
2026-07-01 08:53:16,vysokygovorit,23227,https://t.me/vysokygovorit/23227,"Всех причастных-с Днем ветерана боевых действий. Работы впереди еще ой как много.

[Старше Эдды в Мах](https://max.ru/vysokygovorit)",116241,46,,0,0,
2026-07-01 08:57:01,epoddubny,27981,https://t.me/epoddubny/27981,"Кадры уничтожения пяти украинских БЭКов в акватории Черного моря.

Ликвидация целей [осуществлялась](https://t.me/The_Wrong_Side) комбинированным способом — с задействованием нескольких типов вооружений: ПТРК, ""Ланцетов"" и стрелкового оружия.

[Подпишись ТГ](https://t.me/epoddubny) / [Подпишись МАХ](https://max.ru/epoddubny)",33850,51,0,0,1,document
2026-07-01 09:04:54,rusich_army,30154,https://t.me/rusich_army/30154,"💬**Крымская авантюра ВСУ – чего ждать от противника на полуострове**💬**
**
На ситуации в Крыму и Севастополе украинские ресурсы активно спекулируют. Многие из блуждающих «угроз» касаются крупномасштабных воздушно-десантных или амфибийных операций ВСУ вплоть до высадки на полуострове. 

Подобные прогнозы абсурдны: любой здравый анализ исключает такие авантюры, поскольку для захвата и удержания плацдарма требуется полное превосходство в воздухе, а также огромное количество живой силы и техники, которыми противник не располагает. 

А учитывая нашу готовность к противодействию – такой сценарий для ВСУ является технически невыполнимым и граничит с самоубийством. Одно дело – брать опорник с нормальной логистикой, другое – огромный полуостров по морю.

Реальная тактика врага более прагматична: попытка планомерной логистической и экономической изоляции полуострова. Удары по топливным узлам, переправам и инфраструктуре ВС РФ создают локальные сложности, но при этом не меняют стратегический баланс. 

Жизнеспособность Крыма держится на «трех слонах» – Крымский мост, паромную переправу и сухопутный коридор через Мелитополь и Мариуполь, и именно эти цели остаются в приоритете у ВСУ в попытке превратить полуостров в изолированный участок России.

Лишь в случае достижения критического уровня блокады противник может попытаться реализовать планы по наземной операции, но для этого им нужно еще неслабо постараться.

Единственная реально возможная угроза — это дерзкие тактические вылазки групп ГУР или ССО численностью 10–50 человек. Подобные инфильтрации, включая попытки десанта на вертолетах, в том числе типа Blackhawk, уже фиксировались ранее в Приграничье и на Покровске. 

Цель всегда одна: не захват территории, а медийный шум, удары по изолированным объектам и создание паники в интернете типа «АААРЯЯЯ НАЧАЛОСЬ!!!!!». Тут сразу начинается работа украинских ЦИПсО по раздуванию масштаба. 

Наша же задача — сохранять холодный рассудок. Друзья! Не играйте на руку врагу, сохраняйте бдительность. Реальная угроза — это системная логистическая блокада, а не кино в жанре «Флажки на берегу».

🤙[Архангел Спецназа](https://t.me/rusich_army)!

❗️🤙 [Если не грузит видео - смотрите у нас в MAX](https://max.ru/arx_spn)",166353,218,77,0,1,photo
2026-07-01 09:13:01,wargonzo,35207,https://t.me/wargonzo/35207,"**«Царь-пушка» бесцеремонно уничтожает ВСУ под Добропольем
**
Артиллеристы 385-ой бригады группировки войск «Центр» выполняют задачи под Добропольем. Корреспондент проекта @wargonzo [Екатерина Романова](https://t.me/Yadernaya_knopka) пообщалась с сержантом Игорем, старшим механиком, который рассказал о работе самой мощной и дальнобойной артиллерийской установки – «Малка». В народе её прозвали «царь-пушкой».

«Малка» способна поражать цели на расстоянии до 37 километров. На её вооружении имеются различные типы снарядов, включая те, что могут нести ядерный заряд. Вес одного такого снаряда —  110 килограммов. Работа с такими боеприпасами требует отличной физической подготовки.

Мы были у парней ещё весной, по по ряду причин, делимся полным репортажем о работе артиллеристов группировки войск «Центр» сегодня, в день ветерана боевых действий. Смотрите полный репортаж вечером на наших площадках. 

👉🏻** **[**Смотреть видео в МАХ**](https://max.ru/WarGonzo/AZ8c7ZczYek)

@wargonzo",27286,26,,0,1,document
2026-07-01 09:22:49,vysokygovorit,23228,https://t.me/vysokygovorit/23228,"К вопросу о карме. Третьего дня наш новый ударный беспилотник самолетного типа ( не Молния), который рекламирует украинский блогер Флэш, атаковал город Золочев Харьковской области. В городе работает единственная заправка и Свинобой полетел разведать, сколько гривень за литр просят на данной АЗС. 

Противник пытался оказывать противодействие, работал ПВО-дронами и давил «Шторой», однако самолет долетел, но несколько ошибся с ориентиром и ударил рядом с бочкой, разрядив полноценную ТМ62. 

Именно в этот момент украинский мент, что кормился  возле данного хлебного места и проверял документы у возможных ухилянтов решил полюбопытствовать, шо це летить у нэбе и выглянул из-за укрытия. Взрыв могучей боевой части шлепнул карающей рукой возмездия по голове и толстому пузу працивника полиции, отравив того в ликарню. Вроде задача не выполнена, но итог  смешной.

[Старше Эдды в Мах](https://max.ru/vysokygovorit)",174640,271,,0,1,photo
2026-07-01 09:25:11,sashakots,62748,https://t.me/sashakots/62748,"К вопросу о карме. Третьего дня наш новый ударный беспилотник самолетного типа ( не Молния), который рекламирует украинский блогер Флэш, атаковал город Золочев Харьковской области. В городе работает единственная заправка и Свинобой полетел разведать, сколько гривень за литр просят на данной АЗС. 

Противник пытался оказывать противодействие, работал ПВО-дронами и давил «Шторой», однако самолет долетел, но несколько ошибся с ориентиром и ударил рядом с бочкой, разрядив полноценную ТМ62. 

Именно в этот момент украинский мент, что кормился  возле данного хлебного места и проверял документы у возможных ухилянтов, решил полюбопытствовать, шо це летить у нэбе и выглянул из-за укрытия. Взрыв могучей боевой части шлепнул карающей рукой возмездия по голове и толстому пузу працивника полиции, отравив того в ликарню. Вроде задача не выполнена, но итог  смешной.",20849,45,,1,1,photo
2026-07-01 09:29:57,rybar,81442,https://t.me/rybar/81442,"📝**Да, так можно было****📝**

Именно эта фраза первой приходит в голову при виде подборок с кадрами уничтожения украинских БЭК «Ланцетами», противотанковыми ракетами или стрелковым вооружением в акватории Черного моря.

Чуть больше года назад мы [отмечали](https://t.me/rybar/70097), что гоняться за БЭКами истребителями с неуправляемыми ракетами нерационально из-за как риска потери, так и наличия более подходящих для этих целей средств. И вот теперь такой подход стал нормой.

Для вражеских морских дронов удалось создать подобие «киллзоны». На дальних подступах по ним работает связка из разведывательных и ударных БЛА, на дистанции до 10 км — ПТУР, а на последнем рубеже их ждет стрелково-пушечный огонь.

📌 Результат — снижение эффективности вражеских БЭК, что продемонстрировано в ролике на [**ТАКТИКАРЕ**](https://t.me/rybar_tactical/10)**.** Поэтому противник активно разрабатывает подводные аппараты вроде [Sea Trident](https://t.me/bmpd_cast/26217), которые «Ланцетом» уже не сжечь.

Основным средством борьбы с ними также должны стать **автономные платформы** — носители магнитометров, гидролокаторов, глубинных бомб. Использование лишь кораблей или пилотируемой авиации приведет к крупным потерям людей и часто невосстановимой техники.

❗️Готовиться к угрозе подводных морских дронов нужно уже сейчас. А любителям рассказывать про __колоссальную сложность и невозможность__ советуем вспомнить, что еще недавно то же самое говорили про отражение атак украинских БЭК.
#БЭК #Россия #Украина #флот
**✈️**** **[**RU**](https://t.me/rybar)** | ****✈️**** **[**EN**](https://t.me/rybar_in_english)** | ****✉️**** **[**MAX**](https://max.ru/Rybar)**

****✉️**** **[**VK**](https://vk.com/rybar_force)** | ****✉️**** **[**RuTube**](https://rutube.ru/u/rybar/)** | ****✉️**** **[**OK**](https://ok.ru/group/70000041986659)** | ****✉️**** **[**Дзен**](https://dzen.ru/rybar)**

****💸**[**Поддержать нас**](https://qr.nspk.ru/BS1A0068ID10D33B9IBAQRQ4M9T0NIFN?type=01&bank=100000000008&crc=36CB)",219614,148,,0,1,document
2026-07-01 09:48:43,dva_majors,95427,https://t.me/dva_majors/95427,"**Запорожская область, докладывает ****@voin_dv**:

Воинами-дальневосточниками** 55 гвардейской дивизии морской пехоты в составе 5 гвардейской общевойсковой армии группировки войск ""Восток""**, проявив мужество и отвагу, взяли под контроль небольшой **населенный пункт Копани** **Запорожской области.**

Несмотря на небольшой размер населенного пункта, **освобождение Копани **имеет особое значение для дальнейшего развития наступления на данном участке. Контроль над этим районом усиливает давление на оборону противника в районе соседних населённых пунктов и создает условия для дальнейшего продвижения группировки войск ""Восток""** на Ореховском направлении.**

[**Два майора **](https://t.me/dva_majors)**✨****  **[**Два майора в МАХ**](https://max.ru/dva_majors)",80412,60,7,0,1,photo
2026-07-01 09:50:46,sashakots,62749,https://t.me/sashakots/62749,"Эффективность огневого поражения целей в районе Константиновки обеспечивает слаженная работа артиллерии и операторов подразделений беспилотных систем.

Разведка фиксирует отход боевиков ВСУ из городских кварталов Константиновки. Противник, стремясь избежать ликвидации, откатывается в сторону Алексеево‑Дружковки, где пытается укрыться в частной застройке. Попытки тщетны. Разведданные с координатами целей оперативно передаются расчётам артиллерии.

На кадрах работа артиллеристов 1442‑го гв. мсп ""Южной"" группировки войск. В результате огневого воздействия позиции противника уничтожены. Успешное выполнение задачи подтверждено кадрами объективного контроля.

[Подпишись ТГ](https://t.me/epoddubny) / [Подпишись МАХ](https://max.ru/epoddubny)",22203,21,,1,1,document
2026-07-01 09:54:58,dva_majors,95428,https://t.me/dva_majors/95428,"**Константиновское направление**

Операторы взвода БПЛА **255-го мотострелкового полка** передают привет читателям канала, а также благодарят за помощь в недавнем [сборе](https://t.me/dva_majors/94510) для их подразделения.

Благодаря неравнодушию читателей фронтовикам были оперативно закуплено и передано оборудование. 
Спасибо за помощь фронту! 

⭐️ Ссылка на актуальный сбор:
https://t.me/dva_majors/95368
—
[БФ Два майора](https://t.me/front_narod)",75706,0,0,0,1,document
2026-07-01 10:00:55,vysokygovorit,23229,https://t.me/vysokygovorit/23229,"Про Фрола ч.1

Гибель Фрола для меня больше, чем еще одна строчка в длинном списке погибших друзей. Для меня Фрол - это история, которая закончилась трагедией. 

Мы сидели 5 дней в Шевченко. Ждали тумана и заветной возможности зайти в Красноармейск. Сказать, что все были напряжены - ничего не сказать. Парни молча смотрели в телефоны и кусали губы. И тут в наше царство уныния ворвался Фрол. Голос громкий, глаза горят, а движения рук суетные. Перекинулся парой слов с одним, посмеялся с другим, решил пару рабочих вопросов и направился ко мне.

- Это ведь ты журналист? - уселся он рядом со мной.

Я выключил телефон, достал наушники и оторвал язык, который прилип к небу.

- Да, вписался в очередную авантюру с крайне сомнительными перспективами. - С весьма задумчивым видом ответил я Фролу. 
- Фильм говорят про нас снимаешь, в Красноармейск хочешь. Короче, с вами сбегаю туда и обратно, а то мой расчет только через пару дней закатывается. Заодно помогу вам по мере сил. - с ехидной ухмылкой выпалил Фрол. 

Тут надо отметить, что поход в Красноармейск считался подвигом. Не многим удавалось добраться до спасительных стен многоэтажек. Передо мной заходила группа и из 7 человек, целым из них остался только один. За ними пошел Велес с Румыном и уже через километр их атаковали сразу 3 камикадзе. Румын поймал пару осколков, а Велес добегал третий круг вокруг дерева. Лишь точный выстрел сослуживца спас Велеса и прекратил эту гонку со смертью. Дронов было так много, что эвакуации из города просто не существовало. Люди добегали до точки на карте и молились всем Богам, чтобы их оставили на месте. 

Ночью наши развалины окутал густой туман. Парни выбрались из спальников и нехотя стали собираться. Взяли бензин, «старлинк», «мавики», личные вещи и лишь с грустью смотрели на объемный рюкзак с генератором внутри. Их сомнения прервал Фрол, который ворвался к нам с пулеметом в руках. Он подцепил тяжелую ношу, сверил точки на карте, и мы зашагали в сторону Красноармейска. 

Хотя нет, мы не шагали, а медленно бежали. Никто не мог сказать, когда исчезнет туман, а остаться посреди поля один на один с дронами – это самый короткий пусть в рай или в Вальхаллу. Мы перешли первый ров и пошли вдоль посадки. Остатки тел наших предшественников лишь напоминали нам о серьезности нашего мероприятия. Противник знал, что в туман будут заходить штурмовые группы, поэтому заранее пристрелял все тропы. 

Как только раздались первые разрывы мы резко свернули в поле. Вслепую по полям бить украинцы бы не стали. Мы же упрямо шли вперед по раскисшему от дождей полю. Помимо килограммов грязи на ботинках нам мешало оптоволокно, которым были опутаны все поля. Фрол шел вперед словно ледокол и прокладывал нам путь. Еще одним препятствием стали ряды «путанки» и «колючки». Пару раз ноги Фрола цеплялись за них, и он падал на землю. Лежал секунд пятнадцать, жадно хватал воздух ртом, а затем снова поднимался и устремлялся вперед. Мы семенили за ним. 

Крайний ров был метра четыре в глубину, и мы видели тех, кто остался там навсегда. Нам же повезло найти лестницу, любезно оставленную штурмовиками. Скатились по грязи в траншею и помогая друг другу выскочили в «частник». Метров через 500 нас поджидал «ждун», но он был повернут на 90 градусов к нам и очередь Фрола открыла нам путь к многоэтажкам. Там уже нас встречали. Фрол передал генератор пожал всем руки и налегке побежал в сторону Шевченко. Эти кадры вошли в фильм ""[Дорога в Красноармейск](https://m.vkvideo.ru/video-15755094_456439685)""",58586,137,,1,1,document
2026-07-01 10:04:46,dva_majors,95429,https://t.me/dva_majors/95429,"**Искусственный интеллект — новый буст для вашей карьеры**

Если вы застряли в одной должности, не знаете, куда двигаться дальше, и чувствуете себя неуверенно из-за нехватки знаний, вам обязательно нужно повышать квалификацию. 

Сегодня есть простой и рабочий способ получить быстрый карьерный рост — **нейросети.**

С ИИ вы получаете одно решение, которое убирает сразу несколько проблем: систематизирует навыки, открывает новые карьерные треки и делает вашу работу легче и стабильнее.

На курсе [«Нейросети на практике»](https://moscow.mba/programs/course/online/neyroseti-na-praktike?utm_source=influence&utm_medium=telegram&utm_campaign=deninf_ai_pr&utm_content=dva_majors&utm_term=01_07_26) от Московской Бизнес Академии вы получите пошаговый маршрут, с которым:

• **освободите 5+ часов в неделю** за счет автоматизации;
• **научитесь работать с любыми данными** и применять свои знания;
• **создадите личного ИИ-агента** — полноценного цифрового помощника;
• **заберете готовую базу из 100+ рабочих** промптов под конкретную профессию.

**Бонус **от Московской Бизнес Академии — бессрочный доступ к материалам, персональный куратор, помощь в оформлении портфолио и трудоустройстве.

[Оставьте заявку на сайте](https://moscow.mba/programs/course/online/neyroseti-na-praktike?utm_source=influence&utm_medium=telegram&utm_campaign=deninf_ai_pr&utm_content=dva_majors&utm_term=01_07_26), введите промокод `МАЙОР` и **получите выгодную скидку 50%.**

__Реклама: АНО ДПО ""МБА"" , ИНН ____9725034765____, erid: 2VtzqwDxWfT__",77299,17,0,0,0,
2026-07-01 10:12:49,vysokygovorit,23235,https://t.me/vysokygovorit/23235,,65442,132,,1,1,document
2026-07-01 10:12:49,vysokygovorit,23234,https://t.me/vysokygovorit/23234,,65850,131,,1,1,document
2026-07-01 10:12:49,vysokygovorit,23233,https://t.me/vysokygovorit/23233,,66187,130,,1,1,document
2026-07-01 10:12:49,vysokygovorit,23232,https://t.me/vysokygovorit/23232,,63467,131,,1,1,document
2026-07-01 10:12:49,vysokygovorit,23231,https://t.me/vysokygovorit/23231,,63600,131,,1,1,document
2026-07-01 10:12:49,vysokygovorit,23230,https://t.me/vysokygovorit/23230,"Про Фрола ч.2

Да, именно тогда я понял, что встретил не обычного бойца, а настоящего гусара. Если бы он родился лет 200 назад, но про него обязательно написали бы роман. Он жил сегодняшним днем и плевал на опасность. Выходил один против «бабы-Яги», охотился за «мавиками» и «фипиками» противника. Свои подвиги он снимал на телефон и присылал мне.

Охота за бездушными тварями совсем скоро наскучила Фролу и он перешел к спасению людей. После основных задач он бродил по округе и вытаскивал всех, кому нужна была помощь. Он вынес на плечах солдата, который три месяца просидел в трубе под дорогой. На самодельных волокушах вытаскивал раненых. Уже в самом Красноармейске организовал целую схему по выводу гражданских. 

Он искал и уговаривал местных, а затем выводил их пешком, либо вывозил на технике. На нашем постере к фильму «[Спасая из Красноармейска](https://vk.com/video-51512782_456250236)» Фрол как раз вытаскивал пожилого мужчину, который при выходе из города наступил на мину. Вместе с Фомой они смастерили волокуши и вытащили несчастного в безопасное место. Скольких людей он вытащил из Красноармейска точно не знает никто. Но счет явно идет на десятки спасенных жизней. 

Последние месяцы Фрол буквально каждый день присылал новые видео, как он сбивал дроны противника. Ему удавалось укрыться в гараже, доме, либо бездушная машина выбирала его сослуживца. На все призывы быть осторожнее Фрол лишь отшучивался и отвечал, что снимает контент для нового фильма. К сожалению, земной путь моего друга прервался на улицах Красноармейска. В очередном противостоянии с дроном он получил множественные осколочные ранения, которые были не совместимы с жизнью. Грустно терять таких людей, которые по зову души делали столько добрых дел. Упокой Господь душу раба твоего Фролова Артема Сергеевича.

Александр Харченко",62625,131,,1,1,document
2026-07-01 10:17:09,epoddubny,27982,https://t.me/epoddubny/27982,"К вопросу о карме. Третьего дня наш новый ударный беспилотник самолетного типа ( не Молния), который рекламирует украинский блогер Флэш, атаковал город Золочев Харьковской области. В городе работает единственная заправка и Свинобой полетел разведать, сколько гривень за литр просят на данной АЗС. 

Противник пытался оказывать противодействие, работал ПВО-дронами и давил «Шторой», однако самолет долетел, но несколько ошибся с ориентиром и ударил рядом с бочкой, разрядив полноценную ТМ62. 

Именно в этот момент украинский мент, что кормился  возле данного хлебного места и проверял документы у возможных ухилянтов решил полюбопытствовать, шо це летить у нэбе и выглянул из-за укрытия. Взрыв могучей боевой части шлепнул карающей рукой возмездия по голове и толстому пузу працивника полиции, отравив того в ликарню. Вроде задача не выполнена, но итог  смешной.

[Старше Эдды в Мах](https://max.ru/vysokygovorit)",22506,31,0,1,1,photo
2026-07-01 10:20:15,vysokygovorit,23236,https://t.me/vysokygovorit/23236,"Про вынос украинских АЗС хочу сказать только одно-главное не останавливаться и превратить это в систему, а не разовую акцию. Недобитые заправки добивать, новые пункты раздачи топлива с колес выявлять и поражать, ремонт заправок воспрещать. Если же это будет разовой акцией, то иначе чем бесполезным расходом сил и средств, данное действие не назвать.

[Старше Эдды в Мах](https://max.ru/vysokygovorit)",75293,178,,0,0,
2026-07-01 10:29:30,rybar,81443,https://t.me/rybar/81443,"📝**Первым в атаку**📝

Мы [продолжаем](https://t.me/rybar/81155) рассказывать о героях СВО и вспоминаем моменты, которые часто остаются сухими сводками, но заслуживают яркой экранизации.

Следующая история — про лейтенанта **Александра Суразова** и март 2022 года, когда его подразделению предстояло прорвать эшелонированную оборону, которую противник строил восемь лет.

Суразов первым повел группу в атаку под Калиново. Важный рубеж взяли, несмотря на ожесточённое сопротивление: лейтенант лично уничтожил троих, вплотную подобрался к позициям противника и оттуда корректировал огонь артиллерии — пока не была взята первая линия бетонных дотов. Это открыло **путь к освобождению Луганской Народной Республики.**

За годы СВО он прошёл путь от командира штурмовой группы до начальника штаба батальона. Бился за Калиново, Попасную и Марьинку, после каждого ранения возвращался в строй. Порой в одиночку таскал на себе установку ПТРК с ракетами, заменяя собой целый расчёт.

__Летопись его боевого пути — одна за одной истории подвига. Как это было — смотрите в нашем видеоролике.__
[#видео #ИсторияПодвига #Россия #Украина 
](https://qr.nspk.ru/BS1A0068ID10D33B9IBAQRQ4M9T0NIFN?type=01&bank=100000000008&crc=36CB)**✈️**** **[**RU**](https://t.me/rybar)** | ****✈️**** **[**EN**](https://t.me/rybar_in_english)** | ****✉️**** **[**MAX**](https://max.ru/Rybar) 

✉️ [**VK**](https://vk.com/rybar_force) | ✉️ [**RuTube**](https://rutube.ru/u/rybar/) | ✉️ [**ОК**](https://ok.ru/group/70000041986659) | ✉️ [**Дзен**](https://dzen.ru/rybar)

**💸**[**Поддержать нас**](https://qr.nspk.ru/BS1A0068ID10D33B9IBAQRQ4M9T0NIFN?type=01&bank=100000000008&crc=36CB)",222611,96,,0,1,document
2026-07-01 10:30:59,dva_majors,95439,https://t.me/dva_majors/95439,,78849,60,,0,1,photo
2026-07-01 10:30:59,dva_majors,95438,https://t.me/dva_majors/95438,,82711,62,,0,1,photo
2026-07-01 10:30:59,dva_majors,95437,https://t.me/dva_majors/95437,,85639,61,,0,1,photo
2026-07-01 10:30:59,dva_majors,95436,https://t.me/dva_majors/95436,,79632,61,,0,1,photo
2026-07-01 10:30:59,dva_majors,95435,https://t.me/dva_majors/95435,,80509,59,,0,1,photo
2026-07-01 10:30:59,dva_majors,95434,https://t.me/dva_majors/95434,,77745,62,,0,1,photo
2026-07-01 10:30:59,dva_majors,95433,https://t.me/dva_majors/95433,,77678,59,,0,1,photo
2026-07-01 10:30:59,dva_majors,95432,https://t.me/dva_majors/95432,,76690,59,,0,1,photo
2026-07-01 10:30:59,dva_majors,95431,https://t.me/dva_majors/95431,,75772,62,,0,1,photo
2026-07-01 10:30:59,dva_majors,95430,https://t.me/dva_majors/95430,"**Рубрика «Будни солдата».  
 
**Разбавим ленту фронтовыми котиками! 
—
Фронтовики, можете присылать нам фотографии/видео вашего быта: @media_front_bot, и мы их опубликуем (и отредактируем).

[**Два майора**](https://t.me/dva_majors)** **✨ [**Два майора в МАХ**](https://max.ru/dva_majors)",74753,62,6,0,1,photo
2026-07-01 10:35:53,sashakots,62750,https://t.me/sashakots/62750,"Российская армия освободила Копани

Подразделения группировки войск «Восток» в ходе наступления освободили населённый пункт Копани в Запорожской области. Об этом в сводке сообщает Минобороны.

Копани — село в Ореховской городской общине бывшего Пологовского района Запорожской области с довоенным населением около 620 человек. Расположено в 15 километрах к юго-востоку от Орехова, в 1 километре от Ровного, об освобождении которого Минобороны сообщило 30 июня, и в 3,5 километрах от Нестерянки. 

Копани брали штурмовые подразделения 55-й гвардейской дивизии морской пехоты. Ими уничтожено до двух взводов живой силы противника, семь единиц автомобильной техники, четыре квадроцикла, 14 пунктов управления БпЛА и 22 тяжёлых гексакоптера типа «Баба-Яга».

Тактически Копани стыкуются с Ровным, которое взяла 39-я гвардейская мотострелковая бригада 68-го АК двумя сутками ранее. Два соседних села сшивают плацдарм в единый лоскут восточнее Орехова. Дальше по логике — Нестерянка, Новоандреевка, Новоданиловка. 

Цель на горизонте — сам Орехов, ключевой узел обороны ВСУ в Запорожье, и рокадная дорога Т-0812, вдоль которой у противника выстроена вся линия снабжения южного фаса.

Хроника дня - в [моем канале в МАКС](https://max.ru/kots).

@sashakots",52223,65,,0,1,document
2026-07-01 10:37:01,wargonzo,35208,https://t.me/wargonzo/35208,"Обсудили с Сергеем Кириенко вопросы развития Южной Осетии и те проблемы, которые жители республики считают наиболее важными.

Поблагодарил Сергея Владиленовича за внимание к Южной Осетии, за постоянную поддержку и личную вовлеченность в решение наших вопросов.

Одной из главных тем стал пункт пропуска «Нижний Зарамаг». Этот вопрос  волнует каждого в Южной Осетии и находится на контроле руководства России. Обсудили решения, которые позволят ускорить прохождение границы и сделать этот процесс более комфортным для людей.

Говорили также о развитии здравоохранения, образования и социальной инфраструктуры, возможностях для молодежи, создании новых рабочих мест и привлечение инвестиций в экономику республики.

Сергей Владиленович особо подчеркнул важность создания новых возможностей для развития экономики и занятости. Полностью разделяю этот подход. Молодые люди должны видеть свое будущее здесь, в Южной Осетии, иметь возможность работать, создавать семьи, реализовывать свои идеи и планы на родной земле.",24193,4,,1,1,document
2026-07-01 10:38:01,dva_majors,95440,https://t.me/dva_majors/95440,"**Харьковское направление, докладывает **[**ГрВ ""Север"":**](https://t.me/warriorofnorth/19765)

Взят н.п. **Украинское в Харьковской области**.

Штурмовые подразделения** 82 и 83 мсп 69 гв. мсд ГВ ""Север""** сломили упорное сопротивление противника, выбили последние группы **57 омпбр ВСУ из села Украинское** Волчанского района и освободили населенный пункт. ""__Буквально накануне попытка боевой группы **57 омпбр **сдаться в плен в селе Украинское была пресечена заградительным отрядом ВСУ, который сбросил противотанковую мину с тяжелого коптера на ПВД украинских солдат.__""

▪️Первое поселение на месте будущего села Украинское возникло еще в 1675 году и называлось хутор Марьевка. В начале XX века оно стало носить свое сегодняшнее название в честь годовщины образования УССР.

[**Два майора **](https://t.me/dva_majors)**✨****  **[**Два майора в МАХ**](https://max.ru/dva_majors)",84049,68,22,0,1,photo
2026-07-01 10:43:09,sashakots,62751,https://t.me/sashakots/62751,"**Российская армия освободила Украинское**

Подразделения группировки войск «Север» установили контроль над населённым пунктом Украинское в Харьковской области. Об этом в сводке сообщает Минобороны.

Украинское — село в бывшем Волчанском районе Харьковской области с довоенным населением около 290 человек. До административной реформы 2020 года входило в Рубежанский сельсовет. Расположено в нескольких километрах южнее Волчанска, между Лосевкой и Земляным Яром, в которых стрелковые бои идут до сих пор. Украинское брали штурмовые подразделения 82-го и 83-го мотострелковых полков группировки войск «Север». Артиллерия и ударные БпЛА работали по позициям противника, разведывательные дроны вели корректировку огня и контроль поражения. 

Хронология по сводкам Минобороны: Покаляное, Караичное, Волоховка — весной, Охримовка — 11 июня, теперь Украинское — 1 июля. Общий рисунок один: группировка «Север» срезает узлы обороны южного и юго-восточного фаса Волчанского района, где ВСУ пытаются удержаться за счёт лесопосадок и балок.

[Коц в МАКСе. Подпишись](https://max.ru/kots).

@sashakots",27168,46,,0,1,document
2026-07-01 10:45:28,rusich_army,30155,https://t.me/rusich_army/30155,"А вот так выглядит наша разработка - речной бэк, развивающий скорость до 50 км/ч. 

Его грузоподъёмность - 400 кг. 

То что нужно для Кингбургской косы. 

Пока остальные говорят - мы уже сделали.",68797,60,19,1,1,document
2026-07-01 10:58:54,epoddubny,27983,https://t.me/epoddubny/27983,"Группировка войск ""Север"" установила контроль над селом Украинское в Харьковской области. В ходе штурма подразделения 82‑го и 83‑го мотострелковых полков подавили сопротивление 57‑й омпбр ВСУ и вытеснили противника из населённого пункта.  Освобождение Украинского  расширяет зону безопасности в Волчанском районе и создает условия для дальнейшего продвижения наших войск в глубь обороны противника.

[Подпишись ТГ](https://t.me/epoddubny) / [Подпишись МАХ](https://max.ru/epoddubny)",27213,45,1,0,1,document
2026-07-01 11:01:38,rusich_army,30156,https://t.me/rusich_army/30156,"😎 **Ты чего тут засел ?**

Любителя отсиживаться в лесополосе гоняли от стороны к стороне, а по итогу устроили ему финишный хлопок. 

🤙[Архангел Спецназа](https://t.me/rusich_army)!

❗️🤙 [Если не грузит видео - смотрите у нас в MAX](https://max.ru/arx_spn)",88893,23,2,0,1,document
2026-07-01 11:15:09,wargonzo,35209,https://t.me/wargonzo/35209,"**Британский флот застрял в доках пока Королевство строит виртуальные бастионы в Антлантике
**
Лондон опубликовал Инвестиционный план Министерства обороны, предполагающий выделение 345 миллиардов евро на модернизацию вооружённых сил до 2030 года. Это позволит увеличить годовой военный бюджет Великобритании до 2,7% ВВП к 2029 году. Сумма выглядит внушительно, но для страны с военными амбициями этого явно недостаточно. Для сравнения, аналогичный бюджет Франции составляет 436 миллиардов евро, и его постоянно пытаются увеличить. 

Бюджетная программа больше похожа на план оптимизации, а не развития. По этому плану, британская армия будет заменять вертолёты AW 159 Wildcat разведывательными беспилотниками, а эсминцы Type 83 малотоннажными [гибридными кораблями](https://t.me/wargonzo/35181). Откажутся от крылатых ракет класса «воздух-земля» Storm Shadow и новой системы защищённой связи Skynet 6. 

Крупные инвестиции будут связаны с атомными подводными ракетоносителями класса Dreadnought, ударными подводными лодками класса Aukus и разработкой новой ядерной боеголовки. Вместе с запланированной покупкой двенадцати истребителей F-35A эта кредитная линия составит 73 миллиарда евро. 

26 миллиардов евро Лондон направит на модернизацию основных военно-морских баз, для того чтобы [Королевский флот](https://t.me/wargonzo/33719) смог поддерживать свои корабли в рабочем состоянии. Вынужденная мера, поскольку в данный момент ни одна из британских атомных подводных лодок не способна выйти в море. В бесконечном ремонте застряло также и большинство надводных кораблей.

Однако бороться с мифической российской угрозой нужно уже сейчас. Для этого 2 миллиарда евро выделяется на программу «Атлантический бастион». Целью программы является создание интегрированной системы противолодочной обороны в Северной Атлантике. Её основная задача – обеспечить постоянный контроль над подводной обстановкой, защитить критически важную подводную инфраструктуру (кабели и трубопроводы) и повысить эффективность обнаружения российских субмарин.

Концепция «Атлантического бастиона» предполагает создание единого информационного пространства, в котором данные с различных средств наблюдения будут поступать и анализироваться в режиме реального времени. Акустические датчики, разведывательные БПЛА, автономные надводные и подводные аппараты, патрульные самолёты, надводные корабли и подводные лодки, предполагается связать в единую сеть и подключить к цифровой системе обмена данными на основе искусственного интеллекта. Это позволит командованию НАТО быстрее обнаруживать, сопровождать и классифицировать подводные цели в акватории Северной Атлантики.

Парадоксально, но факт, постиндустриальной Британии создать технически сложную автономную разведывательную сеть оказывается гораздо дешевле и проще, чем набрать необходимое количество моряков в экипажи и рабочих в доки. Обеспечить их необходимыми материалами и средствами, выплатить жалование и заставить поддерживать корабли на плаву.

Или противолодочные корабли с самолётами больше не нужны, и для успешной борьбы с российскими субмаринами достаточно их где-то технично обнаружить?

👉🏻 [Присоединяйтесь к WarGonzo в MAX](https://max.ru/WarGonzo)",23765,15,,0,1,photo
2026-07-01 11:51:13,epoddubny,27984,https://t.me/epoddubny/27984,"Российская армия освободила Копани

Подразделения группировки войск «Восток» в ходе наступления освободили населённый пункт Копани в Запорожской области. Об этом в сводке сообщает Минобороны.

Копани — село в Ореховской городской общине бывшего Пологовского района Запорожской области с довоенным населением около 620 человек. Расположено в 15 километрах к юго-востоку от Орехова, в 1 километре от Ровного, об освобождении которого Минобороны сообщило 30 июня, и в 3,5 километрах от Нестерянки. 

Копани брали штурмовые подразделения 55-й гвардейской дивизии морской пехоты. Ими уничтожено до двух взводов живой силы противника, семь единиц автомобильной техники, четыре квадроцикла, 14 пунктов управления БпЛА и 22 тяжёлых гексакоптера типа «Баба-Яга».

Тактически Копани стыкуются с Ровным, которое взяла 39-я гвардейская мотострелковая бригада 68-го АК двумя сутками ранее. Два соседних села сшивают плацдарм в единый лоскут восточнее Орехова. Дальше по логике — Нестерянка, Новоандреевка, Новоданиловка. 

Цель на горизонте — сам Орехов, ключевой узел обороны ВСУ в Запорожье, и рокадная дорога Т-0812, вдоль которой у противника выстроена вся линия снабжения южного фаса.

Хроника дня - в [моем канале в МАКС](https://max.ru/kots).

@sashakots",24878,18,0,1,1,document
2026-07-01 11:59:51,rusich_army,30158,https://t.me/rusich_army/30158,,56432,24,0,0,1,photo
2026-07-01 11:59:51,rusich_army,30157,https://t.me/rusich_army/30157,"✍️ **Лимитированная серия **
**«**[**АРХАНГЕЛ СПЕЦНАЗА**](https://t.me/rusich_army)** Х **[**ROTA**](https://t.me/rotaco)**»**

__•шевроны выполнены УФ-печатью на светоотражающем полимере и имеют объемную текстуру принта__
__
• границы шеврона усиленны кордурой __
__
• каждый шеврон упакован в брендированный пакет и комплектуется двумя эксклюзивными стикерами высокого качества.__
**
**▪️**ЦЕНА - 1200 РУБ **
**( шеврон+ 2 стикера )

По покупке писать сюда** - @arx_atributik

Или вы можете приобрести в нашем боте - @ArchangelSpecnazBot

__Покупая продукцию проекта «АРХАНГЕЛ СПЕЦНАЗА» вы помогаете приобрести снаряжение и оборудование для работы подразделению ВДВ.__",91779,25,0,0,1,photo
2026-07-01 12:01:00,dva_majors,95441,https://t.me/dva_majors/95441,"Противник распространяет в сети заявление Главнокомандующего ВСУ генерала Сырского от 30 июня.

Сырский прямо назвал **наиболее вероятным вариантом** возможные наступательные действия ВС России **из Брянской области  в Черниговскую область**. По его словам, это «реалистичный вариант», к которому ВСУ «готовятся». Цель, по оценке Киева — растянуть линию фронта, оттянуть украинские резервы с восточных и южных направлений. При этом Сырский отдельно отметил, что прямого броска именно на Киев противник не планирует, а использование территории Беларуси считает маловероятным.

Что происходит на земле параллельно (официальные данные Киева):
- С 1 июля 2026 года Совет обороны Черниговской области и ОВА объявили **принудительную (обязательную) эвакуацию** жителей 12 приграничных населённых пунктов в Корюковской, Семёновской, Городнянской и Сновской территориальных громадах. Срок — два месяца. Официальная формулировка — «по запросу военных» для обеспечения безопасности.

Обстановка по данным самой ГрВ «Север» (@warriorofnorth, сводки 30 июня — 1 июля), наша группировка действительно активно работает на своём основном участке.

По Черниговскому направлению в сводках фиксируется исключительно деятельность украинской стороны: формирование сводных полицейских отрядов, которые под видом организации эвакуации занимаются отловом уклонистов/дезертиров и принудительным освобождением жилья для размещения националистических формирований и расчётов БПЛА.

✨ В целом Брянско-Черниговское приграничье позволяет создавать оперативную угрозу без необходимости немедленного глубокого прорыва.

Ну а **масштаб «марша на Киев»** в текущих условиях сильно преувеличен. Для устойчивого продвижения с **форсированием водных преград,** разминированием и удержанием флангов в **лесисто-болотистой** местности с плотным применением украинских БПЛА требуется создание полноценной ударной группировки, превосходящей силы ВСУ на участке раз в пять. А за годы ""стояния"" противника создал мощнейщий укрепрайон на данном участке. 

🇺🇦Так, от** ВСУ на направлении**  прикрывает **Оперативное командование «Север»**  Основу составляют:
- 114-я отдельная бригада территориальной обороны
- подразделения 93-й отдельной механизированной бригады;
- подразделения ГПСУ
- формирования ТРО, усиленные отдельными механизированными и танковыми подразделениями.

🇷🇺 Для **локальной операции** (создание плацдарма, отвлечение резервов, продвижение 20–40 км) потребуется 3–4 усиленных БТГр/мотострелковых полка с мощным артиллерийско-дроновым и инженерным обеспечением (примерно 15–25 тыс. личного состава на первом этапе).  

Далее, для **глубокого продвижения** с перспективой выхода на оперативный простор в направлении Киева - не менее 35-50 тыс. Бойцов в составе 2–3 **полнокровных** мотострелковых дивизий (с корпусной артиллерией, ПВО и тыловым обеспечением), чего в открытом поле на данном ТВД в настоящее время не наблюдается.

🇧🇾Таким образом, Сырский намекает и продолжает линию Зеленского про ""угрозу нападения из Белоруссии"", все - ради втягивания страны в войну. Потому что **вся** численность Вооружённых Сил Белоруссии составляет 63 000 человек. Включая финансистов, тыловиков и иные тыловые подразделения. Смотрим числа выше и понимаем, что вся белорусская группировка будет не в состоянии прорвать оборону ВСУ на Черниговском направлении 

Вывод один: Киев проводит операцию по втягиванию Минска в войну. Этим объясняется и накат Зеленского про ""ретрансляторы"", и длительные консультации Батьки с Верховным.

[**Два майора **](https://t.me/dva_majors)**✨****  **[**Два майора в МАХ**](https://max.ru/dva_majors)",192264,703,100,0,1,photo
2026-07-01 12:02:28,epoddubny,27985,https://t.me/epoddubny/27985,"Хроника работы ВКС в зоне проведения спецоперации пополнилась новыми кадрами. 
 
Военлëты оказали поддержку нашим наземным подразделениям, действующим в ДНР, Харьковской области и на Сумщине: четыре единицы ФАБ-500 с УМПК легли по пункту управления БПЛА 117 отмбр ВСУ в районе населенного пункта Райское в ДНР. С помощью Х-38 МЛ был поражен ПВД подразделения 22 омбр украинской армии в районе населенного пункта Уды Харьковской области. Ещё два ФАБ-500 с УМПК прилетели по пункту управления БПДА 13 оброн НГУ в районе сумского Краснополья.

[Подпишись ТГ](https://t.me/epoddubny) / [Подпишись МАХ](https://max.ru/epoddubny)",29895,31,0,0,1,document
2026-07-01 12:22:09,rybar,81444,https://t.me/rybar/81444,"📝**О «духах Анкориджа»**📝
__И балансе ожиданий и возможностей__

Недавняя волна откровений про встречу в Анкоридже вновь породила тезисы, суть которых кратко сводится к __«переговоры бесполезны и не нужны».__ Это повод задаться вопросом, а можно ли вообще обойтись без них? 

Безусловно, но для этого нужно взять вообще всю т.н. Украины до Львова и Ужгорода, ну или как минимум Киев с Одессой. О реалистичности такого сценария сейчас говорить не приходится — Краматорск с Лиманом бы освободить.

📌 Во многом именно поэтому в России никогда ранее последовательно не отказывались от переговоров — из **прагматичных** соображений. Так что вопрос их необходимости для страны был закрыт российским руководством уже давно.

Проблема же «духов Анкордижей» лежит в несколько иной плоскости. Мы не зря [постоянно писали весь прошлый год](https://t.me/rybar/70298), что результат переговоров будет определяться не желаниями, а ситуацией «на земле» и возможностями продолжать боевые действия.

❗️В такой парадигме **ожидать подарков непродуктивно, а требования должны быть чем-то подкреплены.** Не говоря уже о том, что у заокеанского визави свои взгляды на жизнь, а инструментов реализации стратегии «мир через силу» у него хватает.

Если же занять жесткую позицию, но при этом не рассматривать «План Б» хотя бы в вопросе защиты критической топливной инфраструктуры (которую атакуют с 2024 года), то пенять на оппонента бессмысленно. И проблема не в переговорах, а в балансе ожиданий и текущих возможностей. 

__Carpe noctem.__
#Россия #США #Украина
**✈️**** **[**RU**](https://t.me/rybar)** | ****✈️**** **[**EN**](https://t.me/rybar_in_english)** | ****✉️**** **[**MAX**](https://max.ru/Rybar)**

****✉️**** **[**VK**](https://vk.com/rybar_force)** | ****✉️**** **[**RuTube**](https://rutube.ru/u/rybar/)** | ****✉️**** **[**OK**](https://ok.ru/group/70000041986659)** | ****✉️**** **[**Дзен**](https://dzen.ru/rybar)**

****💸**[**Поддержать нас**](https://qr.nspk.ru/BS1A0068ID10D33B9IBAQRQ4M9T0NIFN?type=01&bank=100000000008&crc=36CB)",217034,78,,0,1,photo
2026-07-01 12:32:02,wargonzo,35210,https://t.me/wargonzo/35210,"**Артиллеристы регулярно уничтожают пункты управления и позиции беспилотников ВСУ** 

Наши артиллеристы не знают покоя – дел у них действительно хватает. Командир Александр поделился, что его расчёт работает с 2023 года. За это время им удалось поразить огромное количество целей противника. Ребята работают слажено и профессионально, регулярно уничтожая пункты управления и позиции беспилотников ВСУ. С каждым днём их скорость и сноровка растут. 

Полный репортаж о нелегкой, но важной работе наших артиллеристов смотрите сегодня вечером на наших площадках.

👉🏻 [**Смотреть видео в MAX**](https://max.ru/WarGonzo/AZ8drzCxeEU)

@wargonzo",24921,13,,0,1,document
2026-07-01 12:59:02,dva_majors,95448,https://t.me/dva_majors/95448,,85345,247,,0,1,photo
2026-07-01 12:59:02,dva_majors,95447,https://t.me/dva_majors/95447,,94589,245,,0,1,photo
2026-07-01 12:59:02,dva_majors,95446,https://t.me/dva_majors/95446,,85124,245,,0,1,photo
2026-07-01 12:59:02,dva_majors,95445,https://t.me/dva_majors/95445,,85397,245,,0,1,photo
2026-07-01 12:59:02,dva_majors,95444,https://t.me/dva_majors/95444,,82819,245,,0,1,photo
2026-07-01 12:59:02,dva_majors,95443,https://t.me/dva_majors/95443,,83737,245,,0,1,photo
2026-07-01 12:59:02,dva_majors,95442,https://t.me/dva_majors/95442,"Омская область: 

Местные каналы пишут, что в дополнение к ранее объявленной опасности атаки беспилотников, омичи продолжают получать официальные оповещения через СМС и телеканалы. [Губернатор Виталий Хоценко](https://max.ru/VPKhotcenko/AZ8dTNE-HfA) напоминает о необходимости строгого соблюдения режима безопасности.

✨Расстояние от фронта - больше 2,5 тыс км. По всей видимости, может идти речь о рисках диверсионных пусках БПЛА изнутри региона.

[**Два майора **](https://t.me/dva_majors)**✨****  **[**Два майора в МАХ**](https://max.ru/dva_majors)",82844,245,215,0,1,photo
2026-07-01 13:01:01,rusich_army,30159,https://t.me/rusich_army/30159,"**💬****Skyhammer – еще один перехватчик для ВСУ****💬****
**
На парижской выставке Eurosatory 2026 компания Cambridge Aerospace впервые раскрыла ключевые параметры своего перехватчика Skyhammer. Заявленная эффективность в 70%. Якобы это не полигонные тесты, а расчётный боевой показатель, достигнутый в условиях, приближенных к реальным. 

▪️И вот тут возникает вопрос. Все таки это боевой показатель или лабораторный, но вне полигона? При этом, судя по статье, дрон не применялся на территории 404. 

И если смотреть на общую эффективность дронов против дронов, то цифры в 70% выглядят в нынешних реалиях слишком завышенными, особенно без реального боевого применения.

Главная цель для данного перехватчика - это наши «Герани». Skyhammer работает по GPS-навигатору, что в условиях работы РЭБ при массированных налетах ВС РФ будет мешать эффективному перехвату. 

❗️Важной особенностью названо автономное наведение. Скорее всего, у дрона есть связь с РЛС, которая передает данные о целях, а дальше БпЛА идет по GPS-координатам. При этом камеры у беспилотника нет, а значит и нет машинного зрения, что усложнит работу по летящим целям. 

✍️Британцы обещают отправить первую партию в течение нескольких месяцев. Для них крайне важно проверить его в бою и оценить эффективность продукта, созданного при поддержка экс-министра обороны Гранта Шаппса.

Это очередной показатель того, куда стремиться развитие беспилотной сферы. Помимо повышения ударных возможностей, на западе активно ищут средства противодействия БпЛА, которые будут значительно дешевле, чем ЗУР.

🤙[Архангел Спецназа](https://t.me/rusich_army)!

❗️🤙 [Если не грузит видео - смотрите у нас в MAX](https://max.ru/arx_spn)",73968,44,6,0,1,photo
2026-07-01 13:26:00,rybar,81445,https://t.me/rybar/81445,"📝**Вклад в немецкую экономику**📝
__Мерц хочет забрать деньги с накоплений граждан__

Власти Германии всерьёз берутся за «__переучивание__» немцев: от привычных вкладов и классической пенсии — к фондовому рынку и рисковым, но более доходным схемам накоплений.

©️Как Мерц хочет вытащить триллионы евро **частных сбережений **на рынок капитала и перестроить систему соцвыплат — [разобрали на нашем канале в MAX.](https://max.ru/Rybar/AZ8d0Jt1IKU)

❗️[Подписывайтесь](http://max.ru/Rybar), чтобы не пропустить другие эксклюзивные материалы.",216283,49,,0,1,webpage
2026-07-01 13:34:02,wargonzo,35215,https://t.me/wargonzo/35215,,26453,63,,0,1,photo
2026-07-01 13:34:02,wargonzo,35214,https://t.me/wargonzo/35214,,26555,63,,0,1,photo
2026-07-01 13:34:02,wargonzo,35213,https://t.me/wargonzo/35213,,24585,63,,0,1,photo
2026-07-01 13:34:02,wargonzo,35212,https://t.me/wargonzo/35212,,24681,64,,0,1,photo
2026-07-01 13:34:02,wargonzo,35211,https://t.me/wargonzo/35211,"**В Китае изобрели мобильную взлётно-посадочную полосу
**
Появились изображения уникальной китайской электромагнитной авиационной катапульты, установленной на специальных грузовиках. Кадры опубликованы Школой машиностроения Пекинского технологического института. 

На видео представлен концепт платформы, образуемой из трёх тягачей, с которой взлетает беспилотник самолётного типа. Дополнительный разгон перед взлётом аппарата производится с помощью электромагнитной катапульты – технологии, ранее применяемой только на новейших американских и китайских авианосцах. 

В конце ролика демонстрируется [экспериментальное судно «Чжунда-79](https://t.me/wargonzo/31359)». На этом коммерческом сухогрузе, китайские инженеры тестируют технологии разнообразного контейнерного вооружения, вроде ракетных установок и артиллерийских систем. Судя по увиденному, теперь они также разработали возможность превращения верхней грузовой палубы во взлётно-посадочную полосу для беспилотников тяжёлого класса.

👉🏻 [Присоединяйтесь к WarGonzo в MAX](https://max.ru/WarGonzo)",23845,65,,0,1,document
2026-07-01 14:01:10,epoddubny,27986,https://t.me/epoddubny/27986,"Германия добивается от США расширения производства американского вооружения на своей территории — в том числе ракет Patriot и Tomahawk. Переговоры активизированы в преддверии саммита НАТО 7–8 июля в Анкаре.

В Берлине считают, что мощная промышленная база ФРГ, в том числе автопром, может стать взаимовыгодной площадкой: это поможет США нарастить выпуск вооружений на фоне нагрузки из‑за конфликта с Ираном, а Европе — быстрее закрывать потребности в оружии из‑за ситуации вокруг Украины.

Западные источники отмечают, что реакция как администрации США, так и американского военно‑промышленного комплекса на эту инициативу, оказалась заметно позитивнее прогнозов, которые делал для себя Берлин.

[Подпишись ТГ](https://t.me/epoddubny) / [Подпишись МАХ](https://max.ru/epoddubny)",29232,43,0,0,0,
2026-07-01 14:06:55,ngp_razvedka,25721,https://t.me/ngp_razvedka/25721,"__Продолжается системный вынос топливной инфраструктуры противника, за неимением хоть сколько либо заметно функционирующих НПЗ на территории противника выключаются АЗС.

За ночь на территории Днепропетровской области уничтожено:

- АЗС БРСМ в н.п. Баловка.,

- АЗС WOG в н.п. Лобойковка.,

- АЗС UPG на полтавском шоссе н.п. Днепропетровск., поражена не только АЗС, но и топливозаправщики.
__
Само собой, при скором возникновении проблем связанных с системным выносом АЗС, они начнут привлекать мобильные заправочные станции, да и в целом, такой размен недостаточен.
Не отступаемся от необходимости нанесения ударов по системам жизнеобеспечения крупных украинских городов.
Утверждаем, что в ближайшие месяцы противник сам перейдет к именно такой тактике первым, как только доведет до кондиции свою программу баллистических ракет.

✈️ [НгП раZVедка](https://t.me/NgP_raZVedka) 🦇 [ДРГ в МАХ](https://max.ru/NgP_raZVedka) 📲",13683,36,56,0,0,
2026-07-01 14:09:17,dva_majors,95449,https://t.me/dva_majors/95449,"✨**Крымская оборонительная операция **

Локализация [последствий](https://t.me/fcpeshka/15311) атак может идти бесконечно, пока не будет устранен фактор ударов противника по региону. Сейчас идет усиление возможностей противодействия воздушным атакам противника силами региона и федерального центра. 

[**Два майора **](https://t.me/dva_majors)**✨****  **[**Два майора в МАХ**](https://max.ru/dva_majors)",75094,46,20,0,1,webpage
2026-07-01 14:15:16,dva_majors,95450,https://t.me/dva_majors/95450,"**Крым. Официально премьер-министр республики Юрий Гоцанюк:
**
В результате массированной вражеской атаки на магистральные электросети без электроснабжения остаются Армянск и Феодосия с городским округом. Частичная перезапитка потребителей в муниципалитетах ориентировочно будет осуществлена в течение суток. При этом сроки могут быть скорректированы по независящим причинам.

По временным отключениям 3 часа через 3 часа ограничения введены в следующих муниципалитетах: Симферополь, Евпатория, Сакский район, г. о. Алушта, г. о. Ялта, г. о. Судак, Красноперекопский, Бахчисарайский, Черноморский, Симферопольский, Красногвардейский, Раздольненский, Первомайский, Белогорский, Советский районы и пгт Первомайское.

[**Два майора **](https://t.me/dva_majors)**✨****  **[**Два майора в МАХ**](https://max.ru/dva_majors)",76496,250,125,0,0,
2026-07-01 14:28:47,dva_majors,95451,https://t.me/dva_majors/95451,"**Запорожское направление, Никополь-Марганец**, ролик от бойцов:

БПЛА разведывательной роты 345 десантно-штурмового полка, 104 десантно-штурмовой дивизии.  Расчет «Самокат», в составе которого операторы «Череп», «Терек» и начальник расчета «Молот»

[**Два майора **](https://t.me/dva_majors)**✨****  **[**Два майора в МАХ**](https://max.ru/dva_majors)",71471,55,0,0,1,document
2026-07-01 14:45:06,sashakots,62755,https://t.me/sashakots/62755,,24646,74,,0,1,document
2026-07-01 14:45:06,sashakots,62754,https://t.me/sashakots/62754,,24872,74,,0,1,document
2026-07-01 14:45:06,sashakots,62753,https://t.me/sashakots/62753,,25035,74,,0,1,document
2026-07-01 14:45:06,sashakots,62752,https://t.me/sashakots/62752,"**Удары по тылам Украины. Разбор прилетов**

Хроника минувших суток.

**Днепропетровская область.** Главный удар ночи — по заправкам. Пять АЗС за ночь, повсюду битое оборудование и пожары. За сутки — больше 20 заходов дронами и артиллерией по трём районам. Севернее Днепропетровска и на окраинах — несколько поражённых целей, взрывы у Губинихи, Баловки, Орельского.
Советник украинского минобороны блогер Флэш  признаёт: чаще всего под ударом сейчас АЗС Днепропетровщины, Харьковщины и Сумщины. Топливная артерия фронта. Её и режут.

**Полтавская область.** Утром — баллистика. По одному из предприятий Полтавского района прилетело во время тревоги, объявленной ещё в 07:21. А ночью — по Кременчугу. НПЗ. Не менее 17 «Гераней», шесть детонаций, крупный пожар, вода и свет в аварийных отключениях. По оценке военных пабликов, накрыли ремонт техники ВСУ.

**Запорожская область.** В районе Вольнянска — прилёт по складу с ракетами для РСЗО. По линиям электропередачи ударили точно: обесточило несколько подстанций рядом. Днём накануне — семь КАБов по «Мотор Сичи». Комбинированно: тяжёлые бомбы по цеху, дроны сверху — чтоб ПВО задохнулась.

**Сумская область.** «Герани» отработали по складам и пунктам снабжения. Плюс — авиаудар по пункту управления дронами нацгвардии под Краснополье, две ФАБ-500. Топливо, склады, узлы управления — вся тыловая машина сразу.

**Харьковская область.** Две волны «Гераней» за ночь. АЗС в Ольшанах, Богодухове, Максимовке. И ещё Х-38МЛ — по пункту дислокации бригады ВСУ под Удами.

**Одесская область.** В Южном, у транспортного терминала — взрывы после удара управляемой авиаракетой Х-59. Порт как звено той же цепи: производство — топливо — склады — железка — порты.

Битва за Славянск. [Как это будет. Мой разбор](https://max.ru/kots/AZ8cyH3Obmw).

@sashakots",23011,77,,0,1,document
2026-07-01 14:45:13,dva_majors,95452,https://t.me/dva_majors/95452,"**Дружковское направление**

[Гвардейцы 33-го мотострелкового полка](https://t.me/dva_majors/83222) передают слова благодарности читателям канала за помощь в недавнем [сборе](https://t.me/dva_majors/93090) для их подразделения.

Благодаря поддержке читателей канала бойцам были переданы АКБ для Mavic 4Т. 

⭐️ Ссылка на актуальный сбор: 
https://t.me/dva_majors/95368
—
[БФ Два майора](https://t.me/front_narod)",69828,13,1,0,1,document
2026-07-01 14:59:58,dva_majors,95453,https://t.me/dva_majors/95453,"⚡️**СБОР БОЙЦАМ с помощью покупки ножа. Новый проект** **с ****@dva_majors****.**

В чём суть проекта❓
С каждого проданного ножа мы перечисляем часть денежных средств в фонд **«Два Майора»** на помощь нашим бойцам. Это не просто покупка — это ваш прямой вклад в общее дело. 

Цельнометаллический нож бригадир, с отечественной сталью Х12МФ, рукоять из технологичного G10.  

🎁 Ножны из натуральной кожи в комплекте. 

*️⃣**Максимально сниженная** **цена в рамках проекта — всего 6.500₽ вместо ~~12.000₽~~ | Возможна оплата при получении 

**✅Ножи в наличии - отправка в день заказа. 

**Как сделать предзаказ**❓
👉 [**ЖМИ СЮДА И ОФОРМЛЯЙ ЗАКАЗ**](https://t.me/Dmitry_822)

Подписывайся на наш канал и получи нож в подарок! 👉[КОНКУРС](https://t.me/zavialov_knife/3960)👈",69733,2,2,1,1,document
2026-07-01 15:00:49,rusich_army,30160,https://t.me/rusich_army/30160,"💬**Константиновку сдают вместе с гарнизоном**💬

Российская армия в начале июня полностью замкнула кольцо вокруг города, рассекла гарнизон на изолированные группы и взяла под жесткий огневой контроль все возможные выходы. Пленные заявляют, что украинское командование вплоть до последних дней не понимало реальной картины происходящего внутри котла. Люди были брошены в окружении, а штаб продолжал жить в отрыве от действительности.

▪️Сырский принял решение, которое в его положении было, по сути, единственным. Он сознательно отказался посылать резервы в Константиновку и фактически списал окруженный гарнизон. Цель — любой ценой удержать Краматорск и Славянск.

С чисто стратегической, беспристрастной точки зрения такой шаг объясним: Константиновку принесли в жертву ради сохранения всей агломерации. Но это решение имеет тяжелые последствия. Теперь ВСУ вынуждены вести оборону без права на ошибку. Следующий рубеж уже нельзя потерять по тому же сценарию — цена будет запредельной.

❗️Именно поэтому туда сейчас стягивают последние боеспособные резервы, которых и без того критически мало.

Взятие Константиновки открывает российским силам оперативный простор в направлении ключевой агломерации и позволяет методично сжимать последний крупный узел украинской обороны в Донбассе. 

🤙[Архангел Спецназа](https://t.me/rusich_army)!

❗️🤙 [Если не грузит видео - смотрите у нас в MAX](https://max.ru/arx_spn)",79720,203,59,0,1,document
2026-07-01 15:02:02,wargonzo,35221,https://t.me/wargonzo/35221,"**Один выстрел — и всё заново**

В работе артиллеристов 385-й бригады нет места расслабленности: после каждого залпа «Малка» откатывается и закапывается, и наводчик заново выверяет углы. Каждая корректировка — это не просто цифры, а дополнительный риск, ведь противник не дремлет ни на земле, ни в воздухе.

Как работают по целям под Добропольем, сколько времени уходит на перезарядку и почему корректировка после каждого выстрела — вопрос жизни — смотрите в нашем полном репортаже с передовой, уже сегодня вечером. 

[**👉🏻 Смотреть видео в MAX**](https://max.ru/WarGonzo/AZ8eMppmcEk)

@wargonzo",24804,18,,0,1,document
2026-07-01 15:19:58,dva_majors,95463,https://t.me/dva_majors/95463,,70907,63,,0,1,photo
2026-07-01 15:19:58,dva_majors,95462,https://t.me/dva_majors/95462,,74977,67,,0,1,photo
2026-07-01 15:19:58,dva_majors,95461,https://t.me/dva_majors/95461,,80995,61,,0,1,photo
2026-07-01 15:19:58,dva_majors,95460,https://t.me/dva_majors/95460,,66415,61,,0,1,photo
2026-07-01 15:19:58,dva_majors,95459,https://t.me/dva_majors/95459,,69241,66,,0,1,photo
2026-07-01 15:19:58,dva_majors,95458,https://t.me/dva_majors/95458,,77195,66,,0,1,photo
2026-07-01 15:19:58,dva_majors,95457,https://t.me/dva_majors/95457,,68753,67,,0,1,photo
2026-07-01 15:19:58,dva_majors,95456,https://t.me/dva_majors/95456,,65671,67,,0,1,photo
2026-07-01 15:19:58,dva_majors,95455,https://t.me/dva_majors/95455,,74343,64,,0,1,photo
2026-07-01 15:19:58,dva_majors,95454,https://t.me/dva_majors/95454,"**Рубрика «Будни солдата».  
 
**Разбавим ленту фронтовыми котиками! 
—
Фронтовики, можете присылать нам фотографии/видео вашего быта: @media_front_bot, и мы их опубликуем (и отредактируем).

[**Два майора**](https://t.me/dva_majors)** **✨ [**Два майора в МАХ**](https://max.ru/dva_majors)",67811,67,3,0,1,photo
2026-07-01 15:24:58,dva_majors,95464,https://t.me/dva_majors/95464,"**Харьковская область. Минус АЗС**

[**Два майора **](https://t.me/dva_majors)**✨****  **[**Два майора в МАХ**](https://max.ru/dva_majors)",70292,31,37,0,1,document
2026-07-01 15:25:14,rybar,81446,https://t.me/rybar/81446,"📝**Хорошо, а что делать-то?**📝

При чтении [поста](https://t.me/rybar/81444) о том, что списывать на «духи Анкориджа» сегодняшние проблемы и рассказывать про ненужность любых переговоров бессмысленно, может возникнуть логичный вопрос — что можно предпринять?

Многое сводится к тому, чтобы подойти к следующему раунду переговоров в более выгодном положении, чем сейчас, для чего необходимо снижение масштаба урона от американской стратегии «мира через силу». Вырисовывается несколько направлений:

➡️**Пассивная защита объектов критической инфраструктуры,** хоть закапыванием резервуаров в грунт с бетонными стенами. Важен превентивный характер, ведь после НПЗ целями явно станут объекты энергетики.

➡️**Структурная адаптация ПВО** к новым реалиям с точки зрения штатов, межведомственного взаимодействия, подчинения и ответственных. Это не решит проблем той же нехватки БК к ЗРК, но может их облегчить за счет более эффективного применения имеющихся средств.

➡️**Симметричное воздействие на врага,** будь то изоляция его прифронтовых городов, портов на Черном море или разрушение энергоинфраструктуры к осени. Куда именно бить для создания проблем с ГСМ — [сказано немало](https://t.me/rybar/81354).

➡️Наконец, лишение врага возможности наступать сейчас и в будущем посредством **приоритетного уничтожения живой силы.** Не забывая про системность, когда для выполнения задачи как минимум нужно выбивать у ВСУ РЛС.

Да, все за полгода полностью не решить, однако активная работа в этих направлениях как минимум снизит возможности противника про нанесению бóльшего урона и одновременно увеличит его издержки. Что выгодно в долгосрочной перспективе.

А глубокие прорывы, десанты на Одессу и прочие рывки на Киев без решения других задач чреваты только стачиванием и без того ограниченного личного состава. Хоть и звучат красиво.
#Россия #Украина
**✈️**** **[**RU**](https://t.me/rybar)** | ****✈️**** **[**EN**](https://t.me/rybar_in_english)** | ****✉️**** **[**MAX**](https://max.ru/Rybar)**

****✉️**** **[**VK**](https://vk.com/rybar_force)** | ****✉️**** **[**RuTube**](https://rutube.ru/u/rybar/)** | ****✉️**** **[**OK**](https://ok.ru/group/70000041986659)** | ****✉️**** **[**Дзен**](https://dzen.ru/rybar)**

****💸**[**Поддержать нас**](https://qr.nspk.ru/BS1A0068ID10D33B9IBAQRQ4M9T0NIFN?type=01&bank=100000000008&crc=36CB)",171584,99,,0,1,webpage
2026-07-01 15:29:58,dva_majors,95472,https://t.me/dva_majors/95472,,63238,41,,1,1,photo
2026-07-01 15:29:58,dva_majors,95471,https://t.me/dva_majors/95471,,73936,46,,1,1,photo
2026-07-01 15:29:58,dva_majors,95470,https://t.me/dva_majors/95470,,70196,41,,1,1,photo
2026-07-01 15:29:58,dva_majors,95469,https://t.me/dva_majors/95469,,70136,41,,1,1,photo
2026-07-01 15:29:58,dva_majors,95468,https://t.me/dva_majors/95468,,61628,41,,1,1,photo
2026-07-01 15:29:58,dva_majors,95467,https://t.me/dva_majors/95467,,64926,41,,1,1,photo
2026-07-01 15:29:58,dva_majors,95466,https://t.me/dva_majors/95466,,63741,41,,1,1,photo
2026-07-01 15:29:58,dva_majors,95465,https://t.me/dva_majors/95465,"Обратная связь от инженеров по вопросам восстановления мостов.

Если кому-то действительно интересно экспертное мнение, то вот мнение сразу нескольких специалистов.

Если делать краткий вывод, то мост выбывает на два месяца до наведения временного. Это если не брать в расчёт наведение понтонных переправ в случае с водными преградами.

Достаточно ли высокий кпд в случае, когда ты отправляешь 20-25 БПЛА для уничтожения моста, чтобы нарушить логистику противника на срок от месяца и более? Вопрос риторический.

Ну и, опять же, мост-мосту рознь. Тот, что обсуждался в постах выше, является небольшим и на более крупные украинские мосты потребуется больше дронов, но и сроки восстановления больше.

[БС в TG](http://t.me/belarusian_silovik) ✊ | [БС в МАХ](https://max.ru/belarusian_silovik) 🤫",61067,42,53,1,1,photo
2026-07-01 15:48:25,epoddubny,27987,https://t.me/epoddubny/27987,"Командир батальона 1442‑го мотострелкового полка Южной группировки войск с позывным ""Резвый"" рассказал о ходе боевых действий в Константиновке ДНР. 

Сейчас подразделения ведут дозачистку частного сектора в районе Первомайский. В работу активно включены группы закрепления — они заходят на уже отработанные штурмовыми отрядами участки. Одновременно проводится частичная ротация штурмовых групп, чтобы поддерживать высокий темп наступления.

Ещё на подступах к населённому пункту российским подразделениям пришлось преодолевать серьёзные инженерные препятствия. Противник годами выстраивал многоуровневую систему обороны: оборудовал опорные пункты, устанавливал заграждения из колючей проволоки. Штурмовым группам пришлось буквально пробивать себе путь, чтобы продвинуться вперёд.

Осложняли ситуацию и расчёты БПЛА противника: дроны были сконцентрированы на окраинах Константиновки и в высотном квартале. Однако благодаря слаженному взаимодействию и привлечению дополнительных сил и средств эти угрозы удалось нейтрализовать.

На данный момент завершается взятие восточной части Константиновки. Следующим этапом станет продвижение в сторону Алексеево‑Дружковки. В ходе зачистки кварталов каждая штурмовая группа действует с воздушной поддержкой: её сопровождают дроны коптерного типа, а также FPV‑дроны, которые эффективно противодействуют аппаратам Р‑18, применяемым противником. 

По словам Резвого, штурмовые группы действуют уверенно и слаженно, а в каждом эпизоде боя проявляют настоящий героизм — особенно при зачистке высотных зданий. В стрелковых столкновениях противник неизменно уступает: он избегает прямого огневого контакта. Бежит. При этом украинская сторона активно использует так называемых ""ждунов"" — агентов в подвалах, которые отслеживают продвижение российских штурмовых групп и передают данные командованию. Эти наблюдательные пункты своевременно выявляются и уничтожаются.

Военнослужащие не оставляют без внимания и попытки противника сдаться: тех, кто готов сложить оружие, берут в плен и выводят в безопасное место, они остаются живы.

Сейчас инициатива полностью на стороне российских подразделений, противник продолжает отступать — в первую очередь в направлении Алексеево‑Дружковки и далее в Дружковку. Дальняя разведка с помощью коптерных БПЛА уже позволяет выявлять позиции врага, в том числе точки запуска беспилотников в этих населённых пунктах, и наносить по ним удары. Настрой у наших бойцов однозначный — добиться окончательной победы.

[Подпишись ТГ](https://t.me/epoddubny) / [Подпишись МАХ](https://max.ru/epoddubny)",33620,64,0,0,1,document
2026-07-01 15:53:35,sashakots,62758,https://t.me/sashakots/62758,"**Германия предъявила первое обвинение за «Северный поток»
**
Три года немецкая Фемида делала вид, что ищет виновных где-то в тумане над Балтикой. И вот — первое обвинение. Генпрокуратура ФРГ предъявила гражданину Украины Сергею К. нападение на гражданскую энергетическую инфраструктуру. По международному праву — военное преступление.

Немцы стыдливо прячут фамилию за инициалом, будто это гостайна. Но её давно знают все.

Кузнецов. Сергей Кузнецов, 49 лет, бывший офицер СБУ, отставной капитан ВСУ, командовал подразделением, оборонявшим Киев в первые недели войны. При задержании у него нашли второй паспорт — на фамилию Кулинич. Взяли его в августе 2025-го. Не в окопе. На семейном отдыхе в итальянском Римини, в бунгало курортного комплекса, куда он приехал провожать сына на учёбу. Отбоялся.

А теперь — как это было. По версии самого немецкого следствия.

Сентябрь 2022-го. Из Ростока выходит арендованная по поддельным документам яхта «Андромеда», прогулочная парусная посудина Bavaria Cruiser 50. Экипаж — семеро. Все — граждане Украины. Четыре водолаза, взрывотехник, шкипер и координатор Кузнецов. Курс — на датский Борнхольм, к трубам на 80-метровой глубине.

Назову остальных. Раз уж немцы стесняются.

Владимир Журавлёв — инструктор по дайвингу из киевской школы Scuba Family, главный исполнитель. Его объявили в розыск ещё в 2024-м. Польша выдавать отказалась — там прямо заявили, что таких «награждать надо, а не арестовывать». И Журавлёв спокойно уехал за границу, по данным следствия — на машине с дипломатическими номерами украинского посольства в Варшаве.

Валерия Чернышова — 40-летняя дайверша, рекордсменка Украины по глубоководным погружениям, 104 метра. Единственная женщина на борту. Та самая, что настояла довести дело до конца, когда мужчины скисли из-за штормовой погоды. Женщина с характером, ничего не скажешь.

Евгений Успенский — водолаз из той же школы, по версии следствия отвечал за взрывчатку. Присоединился позже других, между 19 и 23 сентября: сначала его готовили на «Турецкий поток», потом перебросили сюда, и часть зарядов он, похоже, привёз с собой.

Шкипер — опытный моряк из Одессы, ходил в крупных регатах, въезжал в Германию по двум фальшивым паспортам, Михаил Попов и Юрий Котенко. Его отпечаток нашли на «Андромеде».

И седьмой. Всеволод — 52 года. Этот после диверсии прошёл подготовку в учебке бундесвера в Вильдфлекене — там, где готовят украинских солдат. И сгинул на фронте в декабре 2024-го.

Заряды — смесь гексогена и октогена, с таймерами. Три нитки из четырёх — вдребезги. Убыток — под 20 миллиардов долларов. Самая громкая диверсия со времён холодной войны — и три года «расследования», из которого выросло ровно одно обвинение против одного человека.

А кто отдал приказ? Тут прокуратура ФРГ резко теряет голос. Хотя Федеральный суд Германии прямо записал: диверсия «с высокой вероятностью» совершена по «иностранному государственному заказу». Координатором логистики ещё в 2023-м называли полковника СБУ Романа Червинского. А над ним — тогдашний главком ВСУ Валерий Залужный. Ныне — посол в Лондоне. Неприкосновенный.

[Коц в МАКСе. Подпишись!
](https://max.ru/kots)
@sashakots",26467,200,,0,1,photo
2026-07-01 15:58:58,dva_majors,95473,https://t.me/dva_majors/95473,"✨**Защитим небо над Крымом**!✨

Морпехи 810-й бригады в составе **мобильных огневых групп, **выполняющих задачи по противодействию беспилотникам противника в Крыму необходима народная поддержка! 

Для дооснащения **МОГ** нужны:

▪️Пикап дизель - 900 000 ₽
▪️Тепл. прицел -2шт- 250 000 ₽
▪️Прож. Сова -2шт- 300 000 ₽
▪️Авто рации -2шт- 50 000 ₽

**Необходимо: 1 500 000 ₽**
**-**
**Реквизиты для добровольных 
пожертвований: **
✔️любым удобным способом **на сайте** «Два майора» - https://dva-majors.ru 
✔️ на счет БФ «Два майора» перевод **по СБП** без комиссии:  https://qr.nspk.ru/AS1A002SNGS125GG8HFRLP618Q3H3GRI?type=01&bank=100000000111&crc=DF0D
✔️T-Банк: https://pay.cloudtips.ru/p/4641cedb
✔️**для юридических лиц **(покажите друзьям - бизнесменам!): 
ИНН: 2365033577
КПП: 236501001
БИК: 040349602
Р/с 40703810530000007491
—
Карта Сбербанка физического лица (Е.В.М.), **представителя Фонда**: 
2202206209199178
`2202206209199178`

**Всё для Фронта! **🇷🇺 

Наш официальный сайт:
https://dva-majors.ru
—
[БФ Два майора](https://t.me/front_narod)",82044,20,14,0,1,document
2026-07-01 16:04:02,wargonzo,35222,https://t.me/wargonzo/35222,"**Причина основания красного Китая**
[   ](https://dzen.ru/a/akUYHWh1Zm57V89w)
__Андрей Дмитриев, тг-канал __[Русское чучхе](https://t.me/rusjuche)__, специально для __@wargonzo
 
80 лет назад – в конце июня 1946-ого – в Китае вспыхнула гражданская война между гоминьдановцами Чан Кайши и коммунистами Мао Цзэдуна.
 
После окончания Второй Мировой Китай оказался одной из стран-победительниц, однако это вовсе не окончило иного конфликта, длившегося куда дольше и связанного с противоборством двух сил – Компартии и националистического Гоминьдана. В ходе их противостояния изначально выглядевшие куда более слабыми «красные» объединили страну, а своих «белых» соперников во главе с генералиссимусом и международно признанным правителем государства загнали на остров Тайвань, где те по сей день и пребывают. Как же так получилось?
 
**«Чан Кайши точит меч, и нам тоже нужно точить меч»**
 
К моменту поражения императорской Японии в августе 1945-ого Гоминьдан контролировал 2/3 страны, включая крупные портовые города. Компартия же – особый район со столицей в глухой горной Яньани, а также 18 крупных районов с населением под 100 млн. человек. При этом в Маньчжурии стояли советские войска. Особых иллюзий на примирение стороны не испытывали. 

«Сейчас Чан Кайши точит меч, и нам тоже нужно точить меч», – полагал Мао.
 
Между тем его главный союзник и «старший брат» – Советский Союз (к любопытной трактовке понятия о братьях мы еще вернемся) – не был так категоричен. Товарищ Сталин был сторонником единого Китая и был вовсе не против, чтобы коммунисты мирно договорились с гоминьдановцами. Правда, 20 лет назад ровно такая же проводимая из Москвы тактика единого фронта привела к тому, что...

[**👉🏻 Читать полностью на ДЗЕН**](https://dzen.ru/a/akUYHWh1Zm57V89w)

@wargonzo",25790,18,,0,1,webpage
2026-07-01 16:12:42,epoddubny,27988,https://t.me/epoddubny/27988,"Когда зернохранилище становится узлом военной логистики по нему прилетают ФАБы

На кадрах уничтоженный нашими ВКС просянский элеватор в посёлке Просяная Днепропетровской области — объект, который в мирное время служил типичным звеном аграрной инфраструктуры: здесь хранили и отгружали зерно. Сейчас же, масштабные ёмкости, подъездные пути, железнодорожные ветки и складские площадки делали его удобным хабом — но уже не для аграриев, а для военных логистов.

Сама Просяная расположена вблизи важных транспортных артерий, связывающих южные и восточные районы Днепропетровской области. Само собой контроль над такими узлами позволяет гибко перераспределять резервы, поддерживать манёвренность украинских подразделений и компенсировать сбои в других звеньях снабжения. 

Уничтожение такого объекта — надрыв тыловой системы обеспечения противника на Днепропетровском направлении. 

[Подпишись ТГ](https://t.me/epoddubny) / [Подпишись МАХ](https://max.ru/epoddubny)",32457,70,0,0,1,document
2026-07-01 16:14:58,dva_majors,95474,https://t.me/dva_majors/95474,"**Теневой флот: Работа противника в международном правовом поле**

Украина попросила **Международную морскую организацию (IMO) **признать суда российского «теневого флота» **законными военными целями** [❗️], пишет [**Financial Times**](https://www.ft.com/content/d0f82c05-c35f-4e0f-b452-f61dc8a7e697) со ссылкой на письмо вице-премьер-министра республики Алексея Кулебы в адрес IMO.

В документе утверждается, что транспортировка энергоносителей, которые попадают под санкционные меры, «напрямую финансирует российскую агрессию», поэтому подобные корабли не могут считаться обычным гражданским транспортом.

✨Ну ""теневой флот"" финансирует, скорее, отечественных капиталистов, нежели чем СВО. А вот на **официальных **судах того же ""Газпрома"" уже прибалты заметили ""вежливых людей"", что отбило о[хоту у НАТОвских экспертов](https://t.me/dva_majors/95341) советовать и далее захватывать **все** без разбору российские суда.

✨⭐️Ну а решение **IMO** (**специализированное учреждение ООН**, отвечающее за организацию обеспечения безопасности на море и защиты окружающей среды, а также решение юридических вопросов, связанных с международным судоходством) покажет в очередной раз бесперспективность надежд на абстрактное ""международное право"".

Остаётся только право сильного.

[**Два майора **](https://t.me/dva_majors)**✨****  **[**Два майора в МАХ**](https://max.ru/dva_majors)",92461,81,39,0,1,photo
2026-07-01 16:23:12,dva_majors,95475,https://t.me/dva_majors/95475,,,,,0,0,
2026-07-01 16:26:12,ngp_razvedka,25722,https://t.me/ngp_razvedka/25722,"Хохлы любезно предоставили пруфы.

Но кто такое мог сделать?😳

✈️ [НгП раZVедка](https://t.me/NgP_raZVedka) 🦇 [ДРГ в МАХ](https://max.ru/NgP_raZVedka) 📲",12259,25,34,0,1,document
2026-07-01 16:45:35,dva_majors,95476,https://t.me/dva_majors/95476,"**Запорожское направление**

По позициям ВСУ в районе н.п.Копани, куда противник отступает после потери самого села, ударили операторы дронов-камикадзе расчета ""Стрелец"" 1 мотострелкового батальона 291 гвардейской мотострелковой бригады 58 Армии.

В настоящее время в данном районе на врага давят с двух сторон приближая охват и в перспективе окружение города Орехов и пресловутой **Малой Токмачки.**

[**Два майора **](https://t.me/dva_majors)**✨****  **[**Два майора в МАХ**](https://max.ru/dva_majors)",92148,65,27,0,1,document
2026-07-01 16:48:51,sashakots,62759,https://t.me/sashakots/62759,"**❗️ ""Коц: аналитика с именем"". **

Военкор ""Комсомольской правды"" Александр Коц обсуждает со слушателями Радио ""КП"" те новости, которые зацепили именно его. 
**
Слушайте **[**в эфире Радио ""КП""**](https://radiokp.ru/player)** или **[**подкаст в Telegram**](https://t.me/mavestreambot/app?startapp=kotsanalitika)** в 20:00 МСК.** 
**
Видеоверсию смотрите **[**ВКонтакте**](https://vk.com/radiokp)** или**[** на Rutube.**](https://rutube.ru/u/radiokp/)** **
**
**[Подпишись на Радио КП](http://t.me/radiokp)",23066,6,,1,1,photo
2026-07-01 16:55:24,ngp_razvedka,25723,https://t.me/ngp_razvedka/25723,"Нет времени объяснять, парни, все в поздравительный вертолет. 

Сегодня День ветеранов боевых действий, профессиональный праздник для многих здесь присутствующих или членов их семей.

Ещё каких-то 20 лет назад многие из нас, будучи совсем ещё мальчишками, смотрели фильмы про те или иные войны и примеряли это на себя - по плечу ли нам была бы такая задача?
Потянули бы? 

Оказывается по плечу, и мы на поверку не уступаем своим предкам в стойкости, хотя, конечно, в идеальном мире этой поверки и быть не должно был бы, но что уж теперь. 
Мир сам по себе идеальным и спокойным не станет, это придется сделать нам, нам всем. 

С праздником, товарищи!

✈️ [НгП раZVедка](https://t.me/NgP_raZVedka) 🦇 [ДРГ в МАХ](https://max.ru/NgP_raZVedka) 📲",12819,24,15,0,1,document
2026-07-01 16:55:51,rybar,81447,https://t.me/rybar/81447,"📝**Набирают обороты**📝
__Украинские АЗС горят__

Поскольку т.н. Украина [снабжается](https://t.me/rybar/81253) импортным топливом прямо «с колес», то кампания ударов по АЗС напрашивалась. И она уже идет полным ходом, постепенно набирая обороты.

В последнюю неделю июня кратно выросла частота атак БЛА таких объектов — за последние восемь дней только объективными данными было поражено свыше 70 заправочных станций на подконтрольной киевскому режиму территории.

🔻**О чем говорит статистика?**

▪️Подавляющее большинство [ударов](https://t.me/Brigada_VARYAG/85) наносилось беспилотниками семейства «Герань», при этом в последнее время заметно выросло число применений телеуправляемых модификаций «Герань-4 Сикер», оснащённых системой автонаведения.

▪️Самый массированный удар по автозаправочным станциям пришёлся на **Харьковскую область**. Наибольшее же количество ударов зафиксировано в **Днепропетровской и Сумской областях.

**▪️Помимо новых ударов появляется информация и о предыдущих, так что общее число поражённых за месяц объектов тоже выросло. Вместе с тем следует сделать важную оговорку: часть сведений об АЗС поступает исключительно от представителей противника, а требуя дополнительной проверки.

И все же важно различать атакованную и уничтоженную АЗС. Возгорание на козырьке или внешнее повреждение колонки не означает вывода из строя, и замена оборудования не столь сложно, особенно в тыловых регионах.

При этом часть резервуаров заглублена, что серьёзно осложняет их обнаружение и гарантированное уничтожение с первого захода. Если не учитывать этот факт, то можно внезапно увидеть атакованную заправку в работе через неделю.

❗️Видимый эффект с «топливной изоляцией» прифронтовых вражеских городов и серьезных экономических проблем сетей АЗС может наступить только в случае [системного подхода](https://t.me/rybar/80815), с планированием и регулярными атаками на цели в выделенных зонах.

А большим подспорьем в этом деле могут стать налеты на множество сохранившихся нефтебаз в [**Днепропетровской**](https://t.me/rybar/81357) или [**Одесской**](https://t.me/rybar/81354) областях. Тогда результат атак на АЗС станет сразу заметен даже в масштабах крупных украинских городов на левом берегу Днепра.

📍[**Карта в высоком разрешении**](https://i.ibb.co/FkJ1wcfH/01-07.jpg)**

****📍**[**English version**](https://i.ibb.co/Csw30nPf/01-07.jpg)**

****📍****Онлайн-карты доступны по подписке на ****map.rybar.ru**

#Россия #топливо #Украина
✈️ [**RU**](https://t.me/rybar) | ✈️ [**EN**](https://t.me/rybar_in_english) | ✉️ [**MAX**](https://max.ru/Rybar)

✉️ [**VK**](https://vk.com/rybar_force) | ✉️ [**RuTube**](https://rutube.ru/u/rybar/) | ✉️ [**ОК**](https://ok.ru/group/70000041986659) | ✉️ [**Дзен**](https://dzen.ru/rybar)

💸 [**Поддержать нас**](https://qr.nspk.ru/BS1A0068ID10D33B9IBAQRQ4M9T0NIFN?type=01&bank=100000000008&crc=36CB)",150488,175,,0,1,photo
2026-07-01 16:59:01,sashakots,62760,https://t.me/sashakots/62760,"ВЕЧЕРНИЙ ЗВОН:
ветераны уходящего дня

С Днем ветеранов боевых действий, друзья!  Это особый праздник, хотя в нашей стране служивые люди праздниками не обделены. Но в России надо не только жить долго, но и воевать. Как, например, Герой Советского Союза  Сергей Крамаренко – летчик-ветеран корейской войны, сбивавший на ней, как надоедливых ворон, американские асов «летающих крепостей». Но звезду Героя получивший еще на Великой Отечественной.

Или как воевавший в Сирии генерал-лейтенант Валерий Асапов. В первую Чечню он едва не лишился ноги, оставшись хромым. Во вторую чеченскую - снова ранение. Осознавал ли он все риски под Дейр-эз-Зором, где был   старшим группы российских советников?  Ветеран чеченских войн уже теперь-то мог командовать  на безопасном расстоянии, отдавая распоряжения бегающим туда-сюда ординарцам и попивая популярный среди местных офицеров мате через трубочку. А он руководил лично наведением понтонной переправы через Евфрат. Да что руководил - сам подтягивал за трос блок понтона. 

А ветеранами каких боевых действий назвать  моих товарищей и просто добрых знакомых – их сотни! - которые задолго до СВО прошли через все круги ада в самых разных, но одинаково горячих точках нашей неспокойной планеты?

У этого праздника нет официального статуса. Но есть народный. Может, и хорошо.  Ведь в   России ветераном боевых действий может стать и стар, и млад - потому что не стареет профессия Родину защищать.

__И нас зовут уже на вы – увы….__

@sashakots",26221,24,,0,1,photo
2026-07-01 17:02:25,rusich_army,30161,https://t.me/rusich_army/30161,"💬**БЭК для логистики**💬

[Два майора подняли тему](https://t.me/dva_majors/95395) как  сторона все активнее адаптируется к нехватке людей и боеприпасов, компенсируя ее беспилотными средствами. В морской среде происходит то же самое.

Корабли заменили безэкипажными катерами и АНПА, а способы доставки личного состава тоже адаптируют под беспилотные надводные платформы.

❗️Об одной из таких мы подробно рассказали в [МАХ](https://max.ru/arx_spn/AZ8c6Ci-O7I). Суть в том, что на Украине адаптировали верфи для производства прогулочных катеров под сборку БЭК для обеспечения логистики по воде.

Ключевая проблема в снабжении подразделений на каком-нибудь острове под Херсоном была в том, что любой катер или вертолет с провизией находится под ударом, а с БЭК такого нет.

Кроме того, ВСУ адаптировали их под перевозку НРТК, которые и вовсе могут выступать ретранслятором сигнала. В контексте возможной высадки на Кинбурнскую косу это особенно актуально для противника.

🤙[Архангел Спецназа](https://t.me/rusich_army)!

❗️🤙 [Если не грузит видео - смотрите у нас в MAX](https://max.ru/arx_spn)",69957,26,141,0,1,webpage
2026-07-01 17:16:12,wargonzo,35223,https://t.me/wargonzo/35223,"⚡️Спецрепортаж WG⚡️Размер имеет значение: «Малка» ликвидирует укрепы ВСУ под Добропольем⚡️
 [ ](https://dzen.ru/video/watch/6a4520b6f63e43703a830a13)
__Этот материал мы снимали еще весной. Добраться до расчета тогда было испытанием, а показать работу сразу не позволили оперативные причины. Но мы не могли оставить эти кадры в архиве__, __и сегодня пришло их время.__

Под Добропольем работают артиллеристы легендарной 385-й бригады группировки войск «Центр». Корреспондент проекта @wargonzo [Екатерина Романова](https://t.me/Yadernaya_knopka) посетила позиции, чтобы запечатлеть боевую работу самоходной установки «Малка» в условиях реального фронта.

Режим работы артиллеристов давно изменился: комфортные дневные выезды ушли в прошлое, уступив место экстремально ранним выходам «по-серому». Съемочная группа добралась до расчета глубокой ночью, чтобы показать, как ежедневно, рискуя под ударами с неба, расчет из восьми человек выполняет задачи по уничтожению командных пунктов, укреплений и техники противника, включая ЗРК «Панцирь».

В кадре — каждый этап: от зарядки 110-килограммовых снарядов и постоянной корректировки наводчиком до оперативной работы механика Игоря. Он рассказывает о капризах техники в полевых условиях, где гусеницы рвутся, а патрубки откручиваются в самый неподходящий момент, и о том, почему «Малку» в народе прозвали царь-пушкой.

Цели поражены, задачи выполнены, а личный состав, работающий с 23-го года, наращивает скорость и сноровку, приближая Победу. Смотрите полный репортаж с передовой на наших площадках:

👉🏻 [**Смотреть на RUTUBE**](https://rutube.ru/video/20f55e6b01fac7c9fae88b1e1baed857)

👉🏻 [**Смотреть в ВК**](https://vkvideo.ru/video-148321046_456248821)

👉🏻 [**Смотреть на ДЗЕН**](https://dzen.ru/video/watch/6a4520b6f63e43703a830a13)

👉🏻 [**Смотреть в МАХ**](https://max.ru/WarGonzo/AZ8eoHofYAs)

@wargonzo",29148,26,,0,1,webpage
2026-07-01 17:29:13,rybar,81448,https://t.me/rybar/81448,"📝**Освобождение Украинского****📝**

На **Бурлукском направлении** подразделения группировки войск **«Север»** продвигаются к югу от **Волчанска**. В Минобороны России [официально](https://ria.ru/20260701/selo-2102138912.html) заявили об освобождении населённого пункта **Украинское**, что меняет конфигурацию фронта на этом участке.

➡️По предварительным данным, село заняли гвардейцы-штурмовики 69 дивизии, выбившие остатки подразделений 57 мотопехотной бригады ВСУ. Противник оказывал сопротивление, однако удержать населённый пункт не смог, а ресурсы группировки «Север» также сообщали о попытке части личного состава ВСУ сдаться в плен, что [было пресечено операторами](https://ria.ru/20260701/vsu-2102055221.html) дронов ВСУ.

➡️Освобождение **Украинского** важно не только само по себе: на участке всё отчётливее вырисовываются два возможных вектора дальнейшего движения российских войск. Первый — на юг, в сторону **Старого Салтова** и переправ через **Северский Донец**, где продвижение осложнено лесным массивом, но его развитие позволит давить на оборону ВСУ уже на подступах к важным коммуникациям.

➡️Второй вектор — в сторону **Белого Колодца**, который ранее был одним из значимых логистических узлов украинских формирований на Волчанском участке. Выход российских подразделений к этому направлению создаёт [угрозу системе подвоза](https://t.me/warriorofnorth/19749), ротации и управления ВСУ на южном участке волчанского выступа.

➡️Противник, как и прежде, вынужден перебрасывать резервы, используя части штурмовых полков в качестве «пожарных команд». Однако чаще всего это лишь замедляет продвижение ВС РФ, не позволяя стабилизировать фронт, поскольку давление [группировки «Север»](https://t.me/warriorofnorth/19748) растёт сразу на нескольких участках приграничья.

❗️Нынешнее продвижение южнее **Волчанска** открывает перед российскими войсками более серьёзные перспективы, чем просто расширение зоны контроля вокруг одного села. Речь идёт о постепенном расшатывании всей оборонительной системы ВСУ между **Волчанском**, **Белым Колодцем** и **Старым Салтовом**.

__Если у Вас есть дополнения по обстановке, Вы хотите, чтобы мы подсветили успехи Вашего подразделения, — Вы всегда можете написать нам в бот обратной связи 
____@rybar_feedback_bot__
**
****📍**[**Карта в высоком разрешении**](https://i.ibb.co/1fjPsMwD/04.jpg)**

****📍**[**English version**](https://i.ibb.co/0pNgDWgp/04.jpg)
**
****📍****Онлайн-карты доступны по подписке на ****map.rybar.ru**
⭐️@rybar совместно с @warriorofnorth
#Бурлук #Волчанск #дайджест #карта #Россия #Украина #Харьков
**✈**** **[**RU**](https://t.me/rybar)** | ****✈**** **[**EN**](https://t.me/rybar_in_english)** | ****✉**** **[**MAX**](https://max.ru/Rybar)

✉️ [**VK**](https://vk.com/rybar_force) | ✉️ [**RuTube**](https://rutube.ru/u/rybar/) | ✉️ [**ОК**](https://ok.ru/group/70000041986659) | ✉️ [**Дзен**](https://dzen.ru/rybar)

💸[**Поддержать нас**](https://qr.nspk.ru/BS1A0068ID10D33B9IBAQRQ4M9T0NIFN?type=01&bank=100000000008&crc=36CB)",155117,94,,0,1,photo
2026-07-01 17:32:43,sashakots,62761,https://t.me/sashakots/62761,"ОПРОС 65 процентов подписчиков уверены, что большинство населения Нидерландов - марокканцы, причем давно. Эх, смуглеет европеец",27966,11,,0,1,photo
2026-07-01 17:42:30,sashakots,62762,https://t.me/sashakots/62762,,28927,11,,0,1,unsupported
2026-07-01 17:48:23,dva_majors,95477,https://t.me/dva_majors/95477,"**Минобороны России:**

В течение дня, в период с 8.00 до 20.00 мск, дежурными средствами ПВО перехвачены и уничтожены 133 украинских беспилотных летательных аппарата самолетного типа над территориями Белгородской, Брянской, Калужской, Курской, Орловской, Ростовской, Рязанской, Саратовской, Смоленской, Тверской, Тульской областей, Московского региона, Ставропольского и Краснодарского краев, Республик Башкортостан и Калмыкия и над акваторией Азовского моря.

✨Создаётся крайне **дурацкая ситуация**. Точнее, она уже создана и постепенно вылезают ее последствия. 

Руководствуясь **старыми** установками начала войны сохраняется схема, когда за сбитые БПЛП публично отчитываются в Минобороны,  а за ""пропущенные"" - губернаторы. И то не всегда, что понятно: нечего противнику вроде бы знать, куда прилетело. Вот только он **знает**. Пресловутые спутники, кадры с самих дронов, да ещё и подробнейшие отчеты с мест из домовы чатов, моментально учетающие на Украину.

Хотя в ряде регионов действуют абсолютно верные запреты на съёмку, а столичные дряхлые чинуши парафинят мозги большим каналам (__на малые дедушки не подписаны, им некогда__) все равно не выходит у мастеров каменный цветок. 

Потому что крайне логичные формулировки в нормативке о том, что ""разрешено публиковать после официалов и только их кадры упираются в то, что от официалов хрен чего дождёшься. Пока согласование, пока то, да сё...

Что мы получаем в итоге? Мы получаем снижение доверия к тем самым официальным источникам, уход аудитории к противнику, а в целом: **подрыв доверия к действующей власти. **

Блокировки телеги не сработали, а только выбесили людей, что Дополнительно леглу в канву противника по дискредитации национального правительства. Далеко за примерами ходить не будем, крайне **мало разъяснения адекватного угроз** от официалов и федеральных СМИ. Выхолощенные доклады из них вперемешку с обрывочной информацией, снабженной комментариями врага (__наши-то решили помолчать, допустим__), создает картину в обществе от ""всё пропало"" до ""а что происходит, мы скоро Киев возьмём!"".

Все это крайне негативно влияет на психическое здоровье общества, **напрямую** ощутившего на себе участие в СВО через пустой бак. А ему вместо спокойного разъяснения обстановки впаривают публикации, что ""полный бак вредит топливонасосу"".

✨✨Информационные установки начала войны давно пора менять. Созрел запрос общества на системное объяснение происходящего, так как процент населения из ""России мирной"" постепенно перетекает в ""Россию воюющую"".

[**Два майора **](https://t.me/dva_majors)**✨****  **[**Два майора в МАХ**](https://max.ru/dva_majors)",97208,181,178,0,0,
2026-07-01 19:28:31,rybar,81449,https://t.me/rybar/81449,"📝**Освобождение Копаней**📝

На **Восточно-Запорожском направлении** группировка войск «Восток» продолжает развивать наступление после серии достигнутых успехов. Бойцы ВС РФ освободили населённый пункт **Копани**, продвинувшись со стороны **Верхней Терсы**. В результате продолжительных боёв в общей сложности противник потерял до двух взводов живой силы.

➡️Ещё [вчера](https://t.me/rybar/81422) стало известно о продвижении севернее, в районе **Лесного** и **Ровного**. При этом немного южнее противник уже несколько дней контратакует под освобожденной ранее ВС РФ **Новоселовкой**.

Действуя к северу от второй **Ореховской** линии обороны украинских формирований, российские подразделения формируют всё более широкий клин далее на северо-запад. Это создаёт предпосылки для выхода в менее укрепленные тыловые районы противника. 

➡️По мере дальнейшей стабилизации обстановки на северном фланге **Восточно-Запорожского направления** российские войска смогут наступать более широким фронтом. Здесь возможно наступать через менее укрепленные позиции противника. Такой маневр сулит определенные выгоды, но и несет серьезные риски, учитывая сложную ситуацию с дронами.

📌Как и прежде, противник активно применяет тактику малых групп просачивания, вынуждая оттягивать силы на повторную зачистку лесополос и руин. Однако события последних дней показывают: в ВС РФ наметились успехи в борьбе с этой тактикой, раз уж наступление «Востока» ускорилось как на **Восточно-Запорожском**, так и на [**Днепропетровском**](https://t.me/rybar/81406)** направлениях**.

📍[**Карта в высоком разрешении**](https://i.ibb.co/S1TJT33/13.jpg)

📍[**English version**](https://i.ibb.co/HptQhm5d/13.jpg)

📍**Онлайн-карты доступны по подписке на ****map.rybar.ru**

#Россия #Украина #Запорожье
✈️ [**RU**](https://t.me/rybar) | ✈️ [**EN**](https://t.me/rybar_in_english) | ✉️ [**MAX**](https://max.ru/Rybar) 

✉️ [**VK**](https://vk.com/rybar_force) | ✉️ [**RuTube**](https://rutube.ru/u/rybar/) | ✉️ [**ОК**](https://ok.ru/group/70000041986659) | ✉️ [**Дзен**](https://dzen.ru/rybar)

💸[**Поддержать нас**](https://qr.nspk.ru/BS1A0068ID10D33B9IBAQRQ4M9T0NIFN?type=01&bank=100000000008&crc=36CB)",142966,78,,0,1,photo
2026-07-01 19:49:58,dva_majors,95483,https://t.me/dva_majors/95483,,85929,52,,1,1,photo
2026-07-01 19:49:58,dva_majors,95482,https://t.me/dva_majors/95482,,86127,53,,1,1,photo
2026-07-01 19:49:58,dva_majors,95481,https://t.me/dva_majors/95481,,84398,53,,1,1,photo
2026-07-01 19:49:58,dva_majors,95480,https://t.me/dva_majors/95480,,80250,52,,1,1,photo
2026-07-01 19:49:58,dva_majors,95479,https://t.me/dva_majors/95479,,80164,52,,1,1,photo
2026-07-01 19:49:58,dva_majors,95478,https://t.me/dva_majors/95478,"**‼️НАДЕЖДА ТОЛЬКО на НАС!‼️
**
**Ежедневно руками этих мужчин под самолёты вешаются ДЕСЯТКИ, а порой и СОТНИ ТОНН АВИАБОМБ.

ТИТАНИЧЕСКИЙ ТРУД работяг, 24/7, без медалей и орденов запускающих самолёты России в воздух.**


‼️👉 ТЕХНИКАМ ОСТРО НУЖЕН для [**работы**](https://t.me/warhistoryalconafter/267195)[** ТРЁХТОННЫЙ **](https://t.me/warhistoryalconafter/267195)[**  ПОГРУЗЧИК для транспортировки авиабомб**](https://t.me/warhistoryalconafter/267195) и другого оборудования.

**‼️Мы можем ускорить подготовку бомбардировщика Су-34 в ДВА РАЗА.**

__Как ведется работа сейчас - можете увидеть на ____#эксклюзив____ видео. Бомбы приходится таскать вручную либо примитивными средствами, что занимает время, ценное время. Ведь каждая секунда - это чья-то жизнь на земле.__

‼️**Техника **[**позволит нарастить применение ударов по ВСУ**](https://t.me/warhistoryalconafter/267273)** и поможет нашим бойцам на земле. **

**Стоимость : 1 300 000 рублей.**

Если кто-то готов задонатить большую сумму, то **подпишем от вас бомбы/ракеты или вовсе сам погрузчик.**

👉**2202206296822799**
Кирилл Фёдоров, сбер

__п.с. **Даже 500 рублей, это как ФАБ-500 по врагу**. Если таких ____#непохуистов____ будет много, то задача будет выполнена! __😁✈️

upd. **Собрано 50%, 630 тысяч.** Осталось еще столько же и погрузчик будет грузить бомбы.",78304,54,48,1,1,document
2026-07-01 19:51:11,rybar,81450,https://t.me/rybar/81450,"**▶**** **[**Итоги 1 июля**](https://rutube.ru/video/6c8e5c69ac787e30a12c9f523c104cc5/)
__видеосводка от руководителя проекта __@rybar__ Михаила Звинчука специально для __@SolovievLive

Запад продолжает ускоренно готовиться к долгосрочному противостоянию с Россией. **Кир Стармер** под занавес правления продавил оборонный пакет. В Еврокомиссии **Урсула фон дер Ляйен** выделяет отдельные средства под украинские дроны. Для киевского режима такие вливания — страховка на годы вперёд: без них не будет ни выплат, ни устойчивого производства БПЛА. 

Российская армия продолжает наступление. Группировка войск «Восток» развивает успех в **Запорожской области**.
На **Бурлукском направлении **группировка «Север» продвигается южнее Волчанска. Одновременно ВС РФ значительно нарастили удары по топливной инфраструктуре противника.

**Израиль** провёл масштабные испытания модернизированного «Железного купола». Последовательно укрепляют обороноспособность и в **Сербии**: подтверждены дополнительные закупки китайских сверхзвуковых ракет и ЗРК. 

**США** продолжают сотрясать скандалы. Выяснились детали того, как администрация Трампа провела контракт на строительство бального зала. Также всплыла история с секретными чатами в Signal с участием высокопоставленных чиновников, включая **Марко Рубио, Пита Хегсета и Джей Ди Вэнса.**

А в **Албании** не утихают массовые протесты из-за зятя Трампа: люди выступают против строительства роскошного комплекса в охраняемом заповеднике, главным бенефициаром которого выступает **Джаред Кушнер.**

__Об оборонных манёврах Запада, успехах российских войск и махинациях команды Трампа__ __смотрите в новом выпуске __[__«Разборов Рыбаря — Итоги дня»__](https://rutube.ru/video/6c8e5c69ac787e30a12c9f523c104cc5/)__.__
#дайджест #разбор #эфиры
**✈**** **[**RU**](https://t.me/rybar)** | ****✈**** **[**EN**](https://t.me/rybar_in_english)** | ****✉**** **[**MAX**](https://max.ru/Rybar)** 

****✉**** **[**VK**](https://vk.com/rybar_force)** | ****✉**** **[**RuTube**](https://rutube.ru/u/rybar/)** | ****✉**** **[**ОК**](https://ok.ru/group/70000041986659)** | ****✉**** **[**Дзен**](https://dzen.ru/rybar)**

****💸**[**Поддержать нас**](https://qr.nspk.ru/BS1A0068ID10D33B9IBAQRQ4M9T0NIFN?type=01&bank=100000000008&crc=36CB)",141966,21,,0,1,photo
2026-07-01 20:08:34,dva_majors,95484,https://t.me/dva_majors/95484,"Глава **__Российского фонда прямых инвестиций (РФПИ)__** и **__спецпредставитель президента РФ__** по инвестиционно-экономическому сотрудничеству **Кирилл Дмитриев** озаботился благополучием европейской экономики.

▪️1 июля в социальных сетях Дмитриев заявил, что европейцы хотят видеть Россию **партнером**: 
«...настоящие европейские лидеры и сами европейцы хотят видеть Россию своим партнером».❓

▪️Днем ранее, 30 июня, Дмитриев поддержал призывы немецкой оппозиции **прекратить бойкотирование Европой российских нефти и газа**:
«Это было бы очень **рационально**, поскольку позволило бы снизить затраты на электроэнергию, **остановить деиндустриализацию Германии** (❗️) и **поддержать ее экономику**, испытывающую трудности. Если бы только правительства стран ЕС были способны признавать свои ошибки и исправлять их, у Европы было бы гораздо больше **шансов на успех**❓».

Ранее Дмитриев неоднократно выступал с критикой энергетической политики Евросоюза, утверждая, что отказ от российских ресурсов наносит **ущерб экономике и конкурентоспособности Европы.**

✨Так трогательно, что спецпредставитель 🇷🇺**Российской Федерации** переживает о деиндустриализации **🇩🇪****Германии** и энергетических проблемах Европы. Вот только Верховный неделю назад говорил о том, страны 🚩НАТО перешли от поддержки Киева к **открытым заявлениям о подготовке к войне с Россией** и наращивают военные бюджеты. В чьих интересах тогда помогать военной промышленности противника ресурсами и поддерживать европейскую экономику, «__испытывающую трудности__»?

⚡️[**Два майора**](https://t.me/dva_majors/)
⭐️[**Два майора в МАХ**](https://max.ru/dva_majors)",101568,267,631,0,1,photo
2026-07-01 20:23:47,ngp_razvedka,25724,https://t.me/ngp_razvedka/25724,"Киев, как вы поняли, не нужен.

✈️ [НгП раZVедка](https://t.me/NgP_raZVedka) 🦇 [ДРГ в МАХ](https://max.ru/NgP_raZVedka) 📲",11274,27,20,0,0,
2026-07-01 20:26:16,ngp_razvedka,25725,https://t.me/ngp_razvedka/25725,"Дрессируются потихоньку. 

Спустились в пидвалы.

✈️ [НгП раZVедка](https://t.me/NgP_raZVedka) 🦇 [ДРГ в МАХ](https://max.ru/NgP_raZVedka) 📲",11706,29,15,0,1,document
2026-07-01 20:35:28,ngp_razvedka,25726,https://t.me/ngp_razvedka/25726,"Зеленский сообщил, что срочно возвращается из Ирландии домой, говорит хочет быть со своим народом, в то время, пока Украину будут обстреливать. 

В Израиль собрался)

✈️ [НгП раZVедка](https://t.me/NgP_raZVedka) 🦇 [ДРГ в МАХ](https://max.ru/NgP_raZVedka) 📲",12823,52,23,0,0,
2026-07-01 20:58:17,ngp_razvedka,25727,https://t.me/ngp_razvedka/25727,"Ну и к репарациям. Самое время выплатить врагу вот хотя бы за Тульскую область. 

Чтобы писюны по кустам собирали, хвостоголовые. 


Напоминаем, что вы [можете](https://t.me/NgP_raZVedka/25709) поучаствовать в акции для всех желающих и тоже выиграть возможность отправить репарацию врагу. 

Кроме того, если вы не хотите ждать случайностей, то для вас [существует](https://t.me/NgP_raZVedka/25715) другая акция, которая позволит вам с гарантией доставить подпись до врага по самые тылы.

Птицы в любом случае полетят на врага, но некоторые из них могут прихватить с собой ваше послание на борт.
Проект, естественно, не коммерческий и несёт сугубо временный характер, на период технической модернизации редакции и некоторых экспериментов, потому если хотели поучаствовать - не откладывайте. 

✈️ [НгП раZVедка](https://t.me/NgP_raZVedka) 🦇 [ДРГ в МАХ](https://max.ru/NgP_raZVedka) 📲",11685,8,1,0,1,photo
2026-07-01 21:00:55,rybar,81451,https://t.me/rybar/81451,"📝**Хроника специальной военной операции **📝
__За 1 июля 2026 года__

🧨Российские войска продолжают начатую недавно кампанию по выводу из строя украинских **АЗС** в различных областях страны: за сегодня зафиксировано огневое поражение** еще семи заправок**. Удары также наносятся по складским помещениям в **Харькове** и **Николаевской** **области**.

Украинские формирования преимущественно сконцентрированы на атаках по объектам в Крыму, где после недавних налетов сохраняется тяжелая обстановка с бензином и энергоснабжением. Под удар дронов также попала **Пенза** и **Курган**, расположенный в двух тысячах километров от фронта, сведений о жертвах и значительных разрушениях не поступало.

➡️На [**Бурлукском** **направлении**](https://t.me/rybar/81448) подразделения 69 дивизии группировки «Север» продвинулись к югу от **Волчанска**, заняв **Украинское**, есть сообщения и о более масштабных успехах, но пока без конкретики и кадров объективного контроля. 

➡️На [**Восточно-Запорожском направлении**](https://t.me/rybar/81449) группировка «Восток» с боями продвигается в **Запорожской** **области**, бойцы 55 дивизии морской пехоты установили контроль над населенным пунктом **Копани**. 

➡️На** Западно-Запорожском** направлении противник не прекращает атак на позиции группировки «Днепр». К западу от **Малых** **Щербаков** ударами БЛА подразделения ВС РФ уничтожают занятые противником блиндажи.

**📎**** Карты в высоком разрешении:

🔸Обстановка в зоне специальной военной операции (**[**ru**](https://i.ibb.co/qYf7hnBc/01-07-1.jpg)**; **[**en**](https://i.ibb.co/YBGLbS4p/01-07-1.jpg)**)**
**
🔸Бурлукское направление (**[**ru**](https://i.ibb.co/gL1RpLnW/04.jpg)**; **[**en**](https://i.ibb.co/kgXC976k/04.jpg)**)**
**
🔸Восточно-Запорожское направление (**[**ru**](https://i.ibb.co/zhxy7srh/13.jpg)**; **[**en**](https://i.ibb.co/LXVzLqWr/13.jpg)**)

🔸Западно-Запорожское направление (**[**ru**](https://i.ibb.co/tw5DWVfV/15-2.jpg)**; **[**en**](https://i.ibb.co/kswgCrrm/15-2.jpg)**)

****📍**** Онлайн-карты доступны по подписке на ****map.rybar.ru**
#дайджест #Днепропетровск #Запорожье #Славянск #Россия #Украина
✈️ [**RU**](https://t.me/rybar) | ✈️ [**EN**](https://t.me/rybar_in_english) | ✉️ [**MAX**](https://max.ru/Rybar)

✉️ [**VK**](https://vk.com/rybar_force) | ✉️ [**RuTube**](https://rutube.ru/u/rybar/) | ✉️ [**ОК**](https://ok.ru/group/70000041986659) | ✉️ [**Дзен**](https://dzen.ru/rybar)

💸 [**Поддержать нас**](https://qr.nspk.ru/BS1A0068ID10D33B9IBAQRQ4M9T0NIFN?type=01&bank=100000000008&crc=36CB)",167216,62,,0,1,photo
2026-07-01 21:00:56,rybar,81454,https://t.me/rybar/81454,,179742,66,,0,1,photo
2026-07-01 21:00:56,rybar,81453,https://t.me/rybar/81453,,180892,63,,0,1,photo
2026-07-01 21:00:56,rybar,81452,https://t.me/rybar/81452,,172069,62,,0,1,photo
2026-07-01 21:15:03,rybar,81455,https://t.me/rybar/81455,"📝**Главное от Рыбаря**📝
__дайджест материалов за 1 июля__

Компания ударов по украинским АЗС [идет полным ходом](https://t.me/rybar/81447), но важно не забывать и о нефтебазах. Как и о том, что [сваливать](https://t.me/rybar/81444) все неудачи на «дух Анкориджа» контрпродуктивно.

❗️Подробнее об этих и других темах читайте в нашем дайджесте.

➡️**Рыбарь** @rybar — говорим о сложном просто.

__Основной ресурс нашего аналитического центра. 
Самые важные и интересные материалы.__

▪️Хроника [СВО](https://t.me/rybar/81451), успехи на [Бурлукском направлении](https://t.me/rybar/81448), бои на [Восточно-Запорожском направлении](https://t.me/rybar/81449)
▪️Арты ко Дню [ветерана](https://t.me/rybar/81433) боевых действий
▪️Лазер для [бомб](https://t.me/rybar/81441) с УМПК
▪️Кадры [уничтожения](https://t.me/rybar/81442) украинских БЭК 
▪️История [лейтенанта](https://t.me/rybar/81443) Александра Суразова 
▪️О «духе [Анкориджа](https://t.me/rybar/81444)»
▪️Мерц хочет [забрать](https://t.me/rybar/81445) деньги с накоплений граждан
▪️Как подготовиться к [следующему](https://t.me/rybar/81446) раунду переговоров?
▪️Удары по [украинским](https://t.me/rybar/81447) АЗС

➡️**АЗИАТАРЬ ****@rybar_Pacific**

Глава МИД **т.н. Украины** посетил **Сеул** — стороны [обсудили](https://t.me/rybar_pacific/2740) вопрос освобождения двух пленных северокорейцев. В **Токио** хотят [взять](https://t.me/rybar_pacific/2741) оборонную промышленность под государственный контроль. А в **Австралии** [проходят](https://t.me/rybar_pacific/2744) очередные военные тренировки с участием **американцев** и японцев.

➡️**АМЕРИКАРЬ ****@rybar_america**
 
В США не отменят право на [гражданство](https://t.me/rybar_america/1732) по рождению, на праймериз демократов в Колорадо [победила](https://t.me/rybar_america/1734) бариста, Белый дом [собирает](https://t.me/rybar_america/1737) списки шпионов, а с передовой ИИ-модели Anthropic [сняли](https://t.me/rybar_america/1736) ограничения.

➡️**АФРИКАРЬ ****@rybar_Africa**

Американцы методично [продавливают](https://t.me/rybar_africa/4254) объединение Ливии через диалог с Хафтаром и Триполи, делая ставку на общую армию и выборы — главная цель нефть и вытеснение российских структур. Тем временем в Буркина-Фасо совершают резкий кульбит: власти [принимают](https://t.me/rybar_africa/4259) израильского посла, разворачиваясь от Ирана к Иерусалиму.

➡️**БАЛКАНАРЬ ****@balkanar**

В Албании не утихают антиправительственные [протесты](https://t.me/balkanar/2227), а в Хорватии разгорается [конфликт](https://t.me/balkanar/2231) между президентом и премьер-министром. Напряжение нарастает вокруг Боснии: западные кураторы никак не могут договорится о [кандидатуре](https://t.me/balkanar/2228) Верховного представителя.

➡️**ЕВРОПАРЬ ****@evropar**

В аэропортах Европы — [коллапс](https://t.me/evropar/2087), американцы продолжают вести сложную [игру](https://t.me/evropar/2091) с европейскими союзниками, а в Эстонии скоро [закончатся](https://t.me/evropar/2082) приличные заведения.

➡️**КАВКАЗАРЬ ****@caucasar**

Алиев в **Баку** вновь [принял](https://t.me/caucasar/1983) нуждающихся **европейцев**, которым грузины [попытались](https://t.me/caucasar/1982) донести им свою значимость. **Армяне** [продолжают](https://t.me/caucasar/1979) курс **евроинтеграцию**, но попутно [строят](https://t.me/caucasar/1981) инфраструктуру на **евразийские** деньги вместе с иранцами.

➡️**ЛАТИНАРЬ ****@rybar_latam**

Президент Сальвадора [готовится](https://t.me/rybar_latam/3260) к новым выборам, Мачадо [не пустили](https://t.me/rybar_latam/3262) в Венесуэлу, чилийский наемник [расстрелял](https://t.me/rybar_latam/3265) сослуживцев из Колумбии на т.н. Украине, а в Коста-Рике [завершилась](https://t.me/rybar_latam/3266) крупнейшая операция против картелей.

➡️**ОРИЕНТАРЬ ****@rybar_mena**

Пока над Багдадом [летали](https://t.me/rybar_mena/5712) БЛА, к югу от Йемена пираты [захватывали](https://t.me/rybar_mena/5717) торговое судно. В это время переговоры по [Ормузу](https://t.me/rybar_mena/5713) продолжались, а заблокированные иранские [активы](https://t.me/rybar_mena/5716) все-таки вернут властям в Тегеране.

➡️**ТУРАНАРЬ ****@rybar_stan**** 
**
Наследие Ага Хана [пришло](https://t.me/rybar_stan/2283) в Киргизию, а немцы в [поисках](https://t.me/rybar_stan/2284) потерянной нефти прибыли в Астану.
©️[**Подписывайтесь на все каналы**](https://t.me/addlist/kONcGnoFQxU1NmQy)©️
#дайджест #итоги

✉️ [**VK**](https://vk.com/rybar_force) | ✉️ [**RuTube**](https://rutube.ru/u/rybar/) | ✉️ [**ОК**](https://ok.ru/group/70000041986659) | ✉️ [**Дзен**](https://dzen.ru/rybar)

💸[**Поддержать нас**](https://qr.nspk.ru/BS1A0068ID10D33B9IBAQRQ4M9T0NIFN?type=01&bank=100000000008&crc=36CB)",248588,19,,0,1,webpage
2026-07-01 21:28:52,ngp_razvedka,25728,https://t.me/ngp_razvedka/25728,"Переходим к БОЛЬШИМ птичкам.

Хохлы, давайте поспорим, что вы ее пропустите?)

✈️ [НгП раZVедка](https://t.me/NgP_raZVedka) 🦇 [ДРГ в МАХ](https://max.ru/NgP_raZVedka) 📲",11335,15,9,0,1,photo
2026-07-01 21:50:43,ngp_razvedka,25729,https://t.me/ngp_razvedka/25729,"Дорогие друзья, недруги, а также читатели украинских блогеров и пропагандистов. 

Дело обстоит не так, как вы себе представляете. 

- перед массированным ударом необходимо проводить долгую и кропотливую разведку местности и целей, поскольку средства поражения очень дорого стоят, а также мы люди гуманные (по недосмотру) и не комбим всякие жилые будки врага. 
Удар готовится несколько дней, иногда неделю, в том числе применяются БПЛА для разведки, они летают в том числе над Киевом, да да, мы имеем возможность летать над Киевом и регулярно это делаем. 

Естественно, наши заклятые партнёры с мощнейшими разведывательными средствами и системами это все замечают и знают, кокаинский сваливает из страны загодя, например он прекрасно знал о готовящемся по Киеву ударе ещё дня три назад от американцев.
Мог не знать список целей, но факт подготовки точно знал. 

Само собой нельзя взять и отменить удар, похерив долгую и кропотливую работу, только потому что осел апокалипсиса покинул Украину. 
Немного больше критического мышления, охохлеете ведь иначе, только в представлении украинцев все вертится вокруг них и сообразно их видению мира, но России все таки присуща жёсткая централизованная система управления.

✈️ [НгП раZVедка](https://t.me/NgP_raZVedka) 🦇 [ДРГ в МАХ](https://max.ru/NgP_raZVedka) 📲",16213,84,40,0,1,photo
2026-07-01 22:15:33,ngp_razvedka,25730,https://t.me/ngp_razvedka/25730,"МОСТЫ! (призываем).

Тут вот хохлы выложили снимок с западных спутников и чОт ноют. 
Говорят, что клятые москали взяли и в кратчайшие сроки навели две переправы в районе моста на Геническ, который ранее получил некоторые повреждения в результате ударов БПЛА, и создав обходные пути, могут беспрепятственно приступить к ремонту моста. 

⚠️ Для тех, кто уже несётся с криками ""аррря, вы выложили фотку, и сейчас хохлы нанесут туда удары дронами и фламингами"" повторяем, что этот снимок взят на их же ресурсах. 
Естественно, они могут ударить по понтону или насыпи, эффект будет примерно такой же долгосрочный, пока не заменят поврежденную часть понтона или не поправят насыпь. 

Вот вся эта история с потужными атаками на некоторые мосты примерно такого же плана.

✈️ [НгП раZVедка](https://t.me/NgP_raZVedka) 🦇 [ДРГ в МАХ](https://max.ru/NgP_raZVedka) 📲",12373,34,20,0,1,photo
2026-07-01 22:58:46,ngp_razvedka,25731,https://t.me/ngp_razvedka/25731,"Искандар Накиев прибыл на место несения службы. 

✈️ [НгП раZVедка](https://t.me/NgP_raZVedka) 🦇 [ДРГ в МАХ](https://max.ru/NgP_raZVedka) 📲",10951,18,4,0,0,
2026-07-01 23:00:47,ngp_razvedka,25732,https://t.me/ngp_razvedka/25732,"Приняли 14 ракет.
Это сколько в долларах? Репарации, надо сказать, мощные.

✈️ [НгП раZVедка](https://t.me/NgP_raZVedka) 🦇 [ДРГ в МАХ](https://max.ru/NgP_raZVedka) 📲",10819,37,1,0,0,
2026-07-01 23:06:08,ngp_razvedka,25733,https://t.me/ngp_razvedka/25733,"Неужели? А были надежды на то, что передумают в полете?😁

✈️ [НгП раZVедка](https://t.me/NgP_raZVedka) 🦇 [ДРГ в МАХ](https://max.ru/NgP_raZVedka) 📲",11039,21,1,0,1,photo
2026-07-01 23:08:52,ngp_razvedka,25734,https://t.me/ngp_razvedka/25734,"Ну и ещё два Искандера вошли. 

Сейчас выйдет ПеПеО и всандалит в многобудку ракету, с криком ""не так хохлов гасите, вот как надо!""

✈️ [НгП раZVедка](https://t.me/NgP_raZVedka) 🦇 [ДРГ в МАХ](https://max.ru/NgP_raZVedka) 📲",11223,39,5,0,0,
2026-07-01 23:10:10,ngp_razvedka,25735,https://t.me/ngp_razvedka/25735,"Ещё один Искандер.

Ух и богатый транш сегодня переводят хохлу.

✈️ [НгП раZVедка](https://t.me/NgP_raZVedka) 🦇 [ДРГ в МАХ](https://max.ru/NgP_raZVedka) 📲",11030,24,5,0,0,
2026-07-01 23:14:54,ngp_razvedka,25736,https://t.me/ngp_razvedka/25736,"А, ну и вот. 

✈️ [НгП раZVедка](https://t.me/NgP_raZVedka) 🦇 [ДРГ в МАХ](https://max.ru/NgP_raZVedka) 📲",11140,51,17,0,1,document
2026-07-01 23:16:56,ngp_razvedka,25737,https://t.me/ngp_razvedka/25737,"Ну сейчас Герани малость разуплотнят ПеПеО и вкрутим им вторую порцию ракет. 

✈️ [НгП раZVедка](https://t.me/NgP_raZVedka) 🦇 [ДРГ в МАХ](https://max.ru/NgP_raZVedka) 📲",11183,21,1,0,0,
2026-07-01 23:19:40,ngp_razvedka,25738,https://t.me/ngp_razvedka/25738,"Кстати, вы знали что если на пустой пенопластовый планер, который по сути своей ничего не стоит за исключением двигателя, повесить некоторых приблуд, то хохлы тратят весьма ценные ракеты на сбитие таких целей?😏

А что это значит?😏

✈️ [НгП раZVедка](https://t.me/NgP_raZVedka) 🦇 [ДРГ в МАХ](https://max.ru/NgP_raZVedka) 📲",11768,26,2,0,0,
2026-07-01 23:30:42,ngp_razvedka,25739,https://t.me/ngp_razvedka/25739,"Одичалые шарашат по многобудкам. 
Осуждать не будем. 

✈️ [НгП раZVедка](https://t.me/NgP_raZVedka) 🦇 [ДРГ в МАХ](https://max.ru/NgP_raZVedka) 📲",11591,33,6,0,1,document
2026-07-01 23:42:50,ngp_razvedka,25740,https://t.me/ngp_razvedka/25740,"Товарищи украинцы, ну что вы в самом деле, что значит ПВО не сбивает ракеты?

А оно у вас там для сбития ракет что ли? Пацаны гасят многобудки, как и положено, отстаньте от людей, работают же. 

✈️ [НгП раZVедка](https://t.me/NgP_raZVedka) 🦇 [ДРГ в МАХ](https://max.ru/NgP_raZVedka) 📲",11572,30,1,0,0,
2026-07-01 23:48:42,ngp_razvedka,25741,https://t.me/ngp_razvedka/25741,"Итого, ПВО вражеской столицы сейчас находится в таком состоянии, что не может противостоять+- средней волне баллистических ракет.

Нужен дешёвый аналог Искандера, очень нужен. 
Что там у персов в этом классе? Надо бы совершить с ними культурный обмен, по старой доброй традиции. 

А почему бы и нет, собственно? Понятно, что Искандер вершина технической мысли, страшнейшее оружие, но спамить вражеское небо нужно чем-то дешёвым и попроще. 

✈️ [НгП раZVедка](https://t.me/NgP_raZVedka) 🦇 [ДРГ в МАХ](https://max.ru/NgP_raZVedka) 📲",11902,36,18,0,0,
2026-07-01 23:50:28,ngp_razvedka,25743,https://t.me/ngp_razvedka/25743,,11837,40,,0,1,document
2026-07-01 23:50:28,ngp_razvedka,25742,https://t.me/ngp_razvedka/25742,"Так, титаны поразили ещё одну многобудку, молодцы, чуваки.

✈️ [НгП раZVедка](https://t.me/NgP_raZVedka) 🦇 [ДРГ в МАХ](https://max.ru/NgP_raZVedka) 📲",11893,40,5,0,1,photo
2026-07-02 00:09:50,ngp_razvedka,25744,https://t.me/ngp_razvedka/25744,"Несбиваемых ракет не бывает, любую модификацию можно сбить, другое дело цена вопроса. 

Уничтожение волны Искандеров требует такого сосредоточения сил и таких материальных трат, что как видим, даже Киеву напичканном западным ПВО это не удается. 

Сбивать можно даже межконтинентальные баллистические ракеты, но стоимость средств противодействия такова, что невозможно их сделать большое количество. 

Постарайтесь, друзья, запомнить, что уничтожение любой цели возможно, но помимо прочего всегда стоит экономическая сторона вопроса. 

✈️ [НгП раZVедка](https://t.me/NgP_raZVedka) 🦇 [ДРГ в МАХ](https://max.ru/NgP_raZVedka) 📲",12450,27,7,0,1,photo
2026-07-02 01:27:52,ngp_razvedka,25745,https://t.me/ngp_razvedka/25745,"В Харькове с заправками будет сложно.

✈️ [НгП раZVедка](https://t.me/NgP_raZVedka) 🦇 [ДРГ в МАХ](https://max.ru/NgP_raZVedka) 📲",12520,51,88,0,1,document
2026-07-02 01:34:19,ngp_razvedka,25746,https://t.me/ngp_razvedka/25746,"Киев, занятных размеров пожар. 
Вот сразу же видно, склад с чипсами горит.)

✈️ [НгП раZVедка](https://t.me/NgP_raZVedka) 🦇 [ДРГ в МАХ](https://max.ru/NgP_raZVedka) 📲",13758,56,61,0,1,document
2026-07-02 03:54:07,dva_majors,95485,https://t.me/dva_majors/95485,"**ПОДЪЁМ!**
[**
Два майора **](https://t.me/dva_majors)**✨****  **[**Два майора в МАХ**](https://max.ru/dva_majors)",93853,45,3,0,1,document
2026-07-02 03:56:00,dva_majors,95486,https://t.me/dva_majors/95486,"**#Сводка**** на утро 2 июля 2026 года**

▪️ ВС России ночью нанесли массированный удар по [**Киеву**](https://t.me/warhistoryalconafter/275246) ракетным вооружением воздушного и морского базирования, а также ударными БПЛА, в т.ч. реактивными, что затруднило работу МОГов противника. В городе – пожары и разрушения. Настораживает тот факт, что Зеленский в очередной раз заранее публично предупредил о готовящемся ударе, показательно были заблаговременно закрыты киевские АЗС в преддверии атаки. Также удары пришлись по** Запорожью, Харькову и Павлограду**.

▪️ Над **Ленинградской** **областью** ночью сбиты 7 БПЛА противника. Еще 5 – на подлёте к **Москве**. В **Крыму** из-за налетов снова осложняется ситуация с электроснабжением, власти региона сообщили о блекауте в Феодосии и Армянске, ремонтных работах в Саках. Более 25 дронов сбито в **Ростовской** **области**.

▪️ На **Сумском** **направлении** в Шосткинском районе штурмовики ГрВ ""Север"" продолжают вести стрелковые бои в Бачевске и окрестностях. В Сумском районе - бои в Писаревке, Марьино, в селе Новая Сечь, посёлке Хотень. В Краснопольском районе стрелковые бои продолжаются в лесных массивах. Жители Сумской области в социальных сетях жалуются, что после активизации ударов ВС России в большинстве МКД нету электричества с 30 июня. Также во многих домах отсутствует водоснабжение.

▪️ В **Рыльске** **Курской** **области** – 6 раненых после ударов ВСУ. Прошлой ночью БПЛА ВСУ также разбросали взрывные устройства на двух площадях в Рыльске, при попытке разминировать боевую часть погиб взрывотехник ОМОН Росгвардии, ранен сотрудник полиции.

▪️ На **Харьковском** **направлении** штурмовые подразделения ГрВ «Север» продолжают наступательные действия в посёлке Казачья Лопань и прилегающих лесных массивах. На Волчанском участке бои продолжаются в районе кладбища села Лосевка, в Земляном Яре. Освобожден н.п. Освобожден н.п. Украинское Волчанского района. На Великобурлукском участке наши штурмовые группы продолжают вести стрелковые бои в селе Петро-Ивановка и в окрестностях населенного пункта, а также в лесных массивах около сёл Бударки и Землянки.

▪️ В **Белгородской** **области** в селе Малакеево беспилотник ударил по частному дому, погиб мужчина, его жена ранена. На окраине села Зенино пострадал боец подразделения «Орлан». В Борисовке от детонации FPV-дрона мужчина и женщина получили осколочные ранения. Госпитализирован мужчина, получивший акубаротравму в результате атаки FPV-дрона на спецтехнику в Шебекино.  В Волоконовке FPV-дрон сдетонировал на предприятии, ранен мужчина. Ряд населенных пунктов под ударами врага.

▪️ На **Купянском** **направлении** сообщают об отражении контратаки ВСУ с использованием бронетехники. Южнее из Купянск-Узлового демонстрируются кадры присутствия наших малых штурмовых групп, углубляющихся в городскую застройку. Выравнивается фронт в районе н.п. Подолы.

▪️ Продолжаются бои за **Красный** **Лиман** и окрестности. Минобороны России ведет подсчет занятых нашими штурмовиками домов.

▪️Не прекращаются бои в северной части **Константиновки**, ВС России ведут тяжелые наступательные бои.

▪️Идут бои на восточной окраине **Доброполья**. Задачей противника является максимально долгое сдерживание наших сил для возведения укрепрайонов на следующем эшелоне обороны.

▪️ГрВ «Восток» на востоке Запорожской области взяла под контроль небольшой населенный пункт **Копани Запорожской области.**

▪️В **Запорожской** **области** за предыдущие сутки на дороге Днепровка - Заповитное атаке БПЛА подверглись два гражданских автомобиля. Также под удар беспилотника попал гражданский автомобиль у  села Константиновка Мелитопольского округа. В пгт Михайловка пострадал мужчина В г. Каменка-Днепровская ранения получила местная жительница. В селе Семёновка Пологовского округа беспилотник ударил частному дому, ранена женщина.

▪️ В **Херсонской** **области** за предыдущие из-за ударов БПЛА ВСУ, в т.ч. по дороге М-17 «Чаплинка — Аскания-Нова» пострадали восемь мирных жителей. Повреждения инфраструктуры зафиксированы в 14 населённых пунктах области. Под ударами большегрузные автомобили.

**Сводку составили: **[**Два майора**](https://t.me/dva_majors/)",319776,411,136,0,1,webpage
2026-07-02 04:07:36,dva_majors,95487,https://t.me/dva_majors/95487,"Минобороны России:

Вооруженными Силами Российской Федерации **__в ответ на__** террористические атаки киевского режима на гражданскую инфраструктуру на территории России нанесен массированный удар высокоточным оружием большой дальности воздушного, наземного, морского базирования и ударными беспилотными летательными аппаратами, в результате которого поражены предприятия военной промышленности и объекты топливно-энергетического комплекса в городе **Киеве и Киевской области, а также инфраструктура военных аэродромов в Днепропетровской, Полтавской, Черкасской, Черниговской и Киевской областях.

**[**Два майора **](https://t.me/dva_majors)**✨****  **[**Два майора в МАХ**](https://max.ru/dva_majors)",99473,145,125,0,0,
2026-07-02 04:16:03,dva_majors,95488,https://t.me/dva_majors/95488,"Противник распространяет кадры удара и пожара на НПЗ **в Кстово Нижегородской области.**

[**Два майора **](https://t.me/dva_majors)**✨****  **[**Два майора в МАХ**](https://max.ru/dva_majors)",99877,304,60,0,1,photo
2026-07-02 04:18:23,dva_majors,95492,https://t.me/dva_majors/95492,,101247,230,,0,1,document
2026-07-02 04:18:23,dva_majors,95491,https://t.me/dva_majors/95491,,106827,234,,0,1,document
2026-07-02 04:18:23,dva_majors,95490,https://t.me/dva_majors/95490,,102692,241,,0,1,photo
2026-07-02 04:18:23,dva_majors,95489,https://t.me/dva_majors/95489,"Киев ночью и после ударов.

[**Два майора **](https://t.me/dva_majors)**✨****  **[**Два майора в МАХ**](https://max.ru/dva_majors)",101294,232,204,0,1,photo
2026-07-02 04:51:24,rybar,81456,https://t.me/rybar/81456,"**#Сводка**** на утро 2 июля 2026 года**

▪️ ВС России ночью нанесли массированный удар по [**Киеву**](https://t.me/warhistoryalconafter/275246) ракетным вооружением воздушного и морского базирования, а также ударными БПЛА, в т.ч. реактивными, что затруднило работу МОГов противника. В городе – пожары и разрушения. Настораживает тот факт, что Зеленский в очередной раз заранее публично предупредил о готовящемся ударе, показательно были заблаговременно закрыты киевские АЗС в преддверии атаки. Также удары пришлись по** Запорожью, Харькову и Павлограду**.

▪️ Над **Ленинградской** **областью** ночью сбиты 7 БПЛА противника. Еще 5 – на подлёте к **Москве**. В **Крыму** из-за налетов снова осложняется ситуация с электроснабжением, власти региона сообщили о блекауте в Феодосии и Армянске, ремонтных работах в Саках. Более 25 дронов сбито в **Ростовской** **области**.

▪️ На **Сумском** **направлении** в Шосткинском районе штурмовики ГрВ ""Север"" продолжают вести стрелковые бои в Бачевске и окрестностях. В Сумском районе - бои в Писаревке, Марьино, в селе Новая Сечь, посёлке Хотень. В Краснопольском районе стрелковые бои продолжаются в лесных массивах. Жители Сумской области в социальных сетях жалуются, что после активизации ударов ВС России в большинстве МКД нету электричества с 30 июня. Также во многих домах отсутствует водоснабжение.

▪️ В **Рыльске** **Курской** **области** – 6 раненых после ударов ВСУ. Прошлой ночью БПЛА ВСУ также разбросали взрывные устройства на двух площадях в Рыльске, при попытке разминировать боевую часть погиб взрывотехник ОМОН Росгвардии, ранен сотрудник полиции.

▪️ На **Харьковском** **направлении** штурмовые подразделения ГрВ «Север» продолжают наступательные действия в посёлке Казачья Лопань и прилегающих лесных массивах. На Волчанском участке бои продолжаются в районе кладбища села Лосевка, в Земляном Яре. Освобожден н.п. Освобожден н.п. Украинское Волчанского района. На Великобурлукском участке наши штурмовые группы продолжают вести стрелковые бои в селе Петро-Ивановка и в окрестностях населенного пункта, а также в лесных массивах около сёл Бударки и Землянки.

▪️ В **Белгородской** **области** в селе Малакеево беспилотник ударил по частному дому, погиб мужчина, его жена ранена. На окраине села Зенино пострадал боец подразделения «Орлан». В Борисовке от детонации FPV-дрона мужчина и женщина получили осколочные ранения. Госпитализирован мужчина, получивший акубаротравму в результате атаки FPV-дрона на спецтехнику в Шебекино.  В Волоконовке FPV-дрон сдетонировал на предприятии, ранен мужчина. Ряд населенных пунктов под ударами врага.

▪️ На **Купянском** **направлении** сообщают об отражении контратаки ВСУ с использованием бронетехники. Южнее из Купянск-Узлового демонстрируются кадры присутствия наших малых штурмовых групп, углубляющихся в городскую застройку. Выравнивается фронт в районе н.п. Подолы.

▪️ Продолжаются бои за **Красный** **Лиман** и окрестности. Минобороны России ведет подсчет занятых нашими штурмовиками домов.

▪️Не прекращаются бои в северной части **Константиновки**, ВС России ведут тяжелые наступательные бои.

▪️Идут бои на восточной окраине **Доброполья**. Задачей противника является максимально долгое сдерживание наших сил для возведения укрепрайонов на следующем эшелоне обороны.

▪️ГрВ «Восток» на востоке Запорожской области взяла под контроль небольшой населенный пункт **Копани Запорожской области.**

▪️В **Запорожской** **области** за предыдущие сутки на дороге Днепровка - Заповитное атаке БПЛА подверглись два гражданских автомобиля. Также под удар беспилотника попал гражданский автомобиль у  села Константиновка Мелитопольского округа. В пгт Михайловка пострадал мужчина В г. Каменка-Днепровская ранения получила местная жительница. В селе Семёновка Пологовского округа беспилотник ударил частному дому, ранена женщина.

▪️ В **Херсонской** **области** за предыдущие из-за ударов БПЛА ВСУ, в т.ч. по дороге М-17 «Чаплинка — Аскания-Нова» пострадали восемь мирных жителей. Повреждения инфраструктуры зафиксированы в 14 населённых пунктах области. Под ударами большегрузные автомобили.

**Сводку составили: **[**Два майора**](https://t.me/dva_majors/)",139999,63,,1,1,webpage
2026-07-02 05:01:01,rusich_army,30162,https://t.me/rusich_army/30162,"🤙**Доброго утра, дорогие друзья!**

__И́же во всем ми́ре му́ченик Твои́х, я́ко багряни́цею и ви́ссом,/ кровьми́ Це́рковь Твоя́ украси́вшися, те́ми вопие́т Ти Христе́ Бо́же лю́дем Твои́м щедро́ты Твоя́ низпосли́, мир жи́тельству Твоему́ да́руй, и душа́м на́шим ве́лию ми́лость.

__🤙[Архангел Спецназа!](https://t.me/rusich_army)

🤙[Архангел Спецназа в MAX!](https://max.ru/arx_spn)",96958,9,39,0,1,photo
2026-07-02 05:04:20,dva_majors,95493,https://t.me/dva_majors/95493,"В течение ночи, в период с **20.00 мск 1 июля до 7.00 мск 2 июля**, дежурными средствами ПВО перехвачены и уничтожены **327** украинских беспилотных летательных аппаратов самолетного типа над территориями Астраханской, Белгородской, Брянской, Волгоградской, Воронежской, Калужской, Курской, Ленинградской, Нижегородской, Новгородской, Орловской, Псковской, Ростовской, Саратовской, Тамбовской, Тульской областей, Московского региона, Краснодарского края, Республики Крым и над акваториями Азовского и Черного морей, - Минобороны России.

[**Два майора **](https://t.me/dva_majors)**✨****  **[**Два майора в МАХ**](https://max.ru/dva_majors)",95968,62,21,0,0,
2026-07-02 05:08:02,wargonzo,35231,https://t.me/wargonzo/35231,,33861,61,,0,1,photo
2026-07-02 05:08:02,wargonzo,35230,https://t.me/wargonzo/35230,,34440,48,,0,1,photo
2026-07-02 05:08:02,wargonzo,35229,https://t.me/wargonzo/35229,,32789,48,,0,1,photo
2026-07-02 05:08:02,wargonzo,35228,https://t.me/wargonzo/35228,,31005,48,,0,1,photo
2026-07-02 05:08:02,wargonzo,35227,https://t.me/wargonzo/35227,,31662,58,,0,1,photo
2026-07-02 05:08:02,wargonzo,35226,https://t.me/wargonzo/35226,,31815,48,,0,1,photo
2026-07-02 05:08:02,wargonzo,35225,https://t.me/wargonzo/35225,,30018,58,,0,1,photo
2026-07-02 05:08:02,wargonzo,35224,https://t.me/wargonzo/35224,"⚡️Фронтовая сводка на утро 02.07.26⚡️

**Запорожский фронт**
На Каменском направлении об изменениях в ЛБС не сообщается. **(Рис. 1.1**)

На Гуляйпольском направлении МО РФ сообщило об установлении контроля в населённом пункте Копани, расположенного в 1 километре от освобождённого накануне Ровного. Выше по фронту идут бои в районе Искры. **(Рис. 1.2)**

**Донецкий фронт**
На Красноармейском направлении войска РФ продвигаются и занимают новые позиции в восточной части Шевченко, а также южнее и западнее посёлка. Идут бои в районе Кутузовки и в районе Золотого Колодезя и Кучерова Яра. **(Рис. 2.1)**

В Константиновке ВС РФ продвигаются в микрорайоне Новосёловка и в районе Осыково.

На Краснолиманском направлении ВС РФ ведут наступательные действия в лесном массиве национального парка «Святые горы». Фиксируется продвижение войск РФ в районах населённых пунктов Редкодуб, Карповка, Новое, Шандриголово, Новосёловка, Дробышево. На Северском участке ВС РФ настуапют у Ореховатки. Сообщается об успехах в восточной части Рай-Александровки. (**Рис. 2.2) **

**Харьковский фронт**
На Купянском направлении ВС РФ продвигаются в районе Подолов и Куриловки, занимают новые позиции в Купянске-Узловом. В Купянске войска РФ наступают в многоэтажной застройке центра города, сообщается о восстановлении контроля над территорией горбольницы. **(Рис. 3.1)**

На Волчанском направлении ВС РФ продвигаются в районе Лосевки и Украинского, а также у населённых пунктов Бударки и Землянки. Продолжаются активные бои в Казачьей Лопани. **(Рис. 3.2, 3.3)**

**Сумской фронт**
Идут бои в районах населённых пунктов Хотень, Писаревка, Новая Сечь, а также в районе сёл Бачевск и Сопычь. **(Рис. 4)**

__Смотрите ежедневные сводки от аналитического отдела проекта
__@wargonzo",32209,59,,0,1,photo
2026-07-02 05:28:08,vysokygovorit,23237,https://t.me/vysokygovorit/23237,"**🚊 ГОРОДСКОЙ ТРАМВАЙ: КОМФОРТ, СКОРОСТЬ, ЭКОЛОГИЧНОСТЬ, ВМЕСТИТЕЛЬНОСТЬ**

Работаю в своём избирательном округе — **г. Саратове.**

Ознакомился **с подготовкой к запуску ПАССАЖИРСКОГО ДВИЖЕНИЯ в рамках предпоследнего этапа МОДЕРНИЗАЦИИ САМОГО ПРОТЯЖЁННОГО ТРАМВАЙНОГО МАРШРУТА.**

Обкатка завершена ❗️ 

**‼️ СЕГОДНЯ НАЧАЛОСЬ ПАССАЖИРСКОЕ ДВИЖЕНИЕ.**

В ходе реализации **МАСШТАБНОГО ПРОЕКТА ПО МОДЕРНИЗАЦИИ ТРАМВАЙНОЙ СЕТИ:**

**📌 создано заново 67 километров трамвайных путей;

📌 обновлён подвижной состав: 61 трёх-, двух-, односекционный новый вагон,** каждый их которых оборудован кондиционерами, валидаторами, навигацией, разъёмами для зарядки телефона;

📌 установлены** новые остановочные павильоны** с информационными табло;

**📌 заменена контактная сеть и тяговые подстанции;

📌 реконструирован путепровод** через железнодорожные пути;

**📌 в 2 раза увеличена средняя скорость** передвижения трамваев.

Подобная **модернизация городского электротранспорта** проходит **не только в Саратове, но ещё в 7 субъектовых центрах** нашей страны — **Волгограде, Нижнем Новгороде, Курске, Липецке, Ярославле, Краснодаре и Перми. **

По моему мнению, в крупных городах, где сохранились **ВЫДЕЛЕННЫЕ ПОЛОСЫ** под трамвайное сообщение, **необходимо в приоритетном порядке развивать городской электротранспорт — ТРАМВАЙ ❗️ **

**При нынешнем СОВРЕМЕННОМ подвижном составе,** который выпускают отечественные производители, можно **С КОМФОРТОМ И СКОРОСТЬЮ перевозить максимальное количество жителей, обеспечивая доступность, не загрязняя экологию, уменьшая пробки на дорогах.

Вместимость** одного трёхсекционного трамвая составляет **ДО 260 ЧЕЛОВЕК.**
Что может** заменить порядка 200 легковых автомобилей.**

По сути, это **НАЗЕМНОЕ МЕТРО.**
Но только стоимость такого проекта **В РАЗЫ ДЕШЕВЛЕ ❗️ **

Со своей стороны считаю: **ОБЯЗАТЕЛЬНО НАДО РАСШИРЯТЬ ГЕОГРАФИЮ ЭТОГО ПРОЕКТА И РЕАЛИЗОВЫВАТЬ ЕГО В ДРУГИХ ГОРОДАХ НАШЕЙ СТРАНЫ.**

На примере **Саратова** вижу, что **ЗА СКОРОСТНЫМ ТРАМВАЕМ БУДУЩЕЕ.**

А как вы считаете?

📲 [Подписывайтесь на мой канал в МАХ!](https://max.ru/vv_volodin)",97356,34,,1,1,document
2026-07-02 05:33:27,sashakots,62771,https://t.me/sashakots/62771,,49880,462,,0,1,photo
2026-07-02 05:33:27,sashakots,62770,https://t.me/sashakots/62770,,53612,461,,0,1,document
2026-07-02 05:33:27,sashakots,62769,https://t.me/sashakots/62769,,49512,461,,0,1,photo
2026-07-02 05:33:27,sashakots,62768,https://t.me/sashakots/62768,,47847,461,,0,1,document
2026-07-02 05:33:27,sashakots,62767,https://t.me/sashakots/62767,,45890,461,,0,1,document
2026-07-02 05:33:27,sashakots,62766,https://t.me/sashakots/62766,,46778,461,,0,1,document
2026-07-02 05:33:27,sashakots,62765,https://t.me/sashakots/62765,,46711,462,,0,1,document
2026-07-02 05:33:27,sashakots,62764,https://t.me/sashakots/62764,,46142,462,,0,1,photo
2026-07-02 05:33:27,sashakots,62763,https://t.me/sashakots/62763,"Массированный комбинированный удар по Украине. Разбор прилетов

К четырём утра в воздухе была почти вся линейка того, что у нас есть на дальнюю руку.
Х-101 — от «стратегов». «Калибры» — с Чёрного моря. «Искандер-М» — по столичному кластеру. «Цирконы» — впервые за долгое время в такой концентрации по одной цели. И «Герани» — «двойки» и «тройки». Реактивные «Герани-3» в этот раз работали серией: над Оболонью, Подолом, на Борисполь, на Бровары.

Первая волна пошла на Киев ещё в 20:35 — «двойки» и «тройки» через Черниговщину и Сумщину. Около 01:50 — баллистика с «Цирконами». В 02:35 и 03:10 — крылатые ракеты через тот же северо-восточный коридор, часть свернула на столицу с востока. Параллельно — «Калибры» с моря на юг.
Классические клещи. 

Киев. Столичный узел
По украинским пабликам, по столичной агломерации отработали не менее пятнадцати «Искандеров». Плюс «Цирконы». Плюс «Герани-3» — реактивные, скоростные, идущие ниже радарного поля.

Первое подтверждение по цели — нефтебаза на окраине столицы. Это уже не Дарницкий район, где на прошлой неделе тушили «складские помещения» — это часть киевского топливного узла ВСУ.

Второе — ТЭЦ-5 в Голосеевском районе. По ней работали баллистикой. Одновременно баллистика падала в районе Киевской ГЭС в Вышгороде. Голосеевская ТЭЦ и вышгородская гидроэлектростанция — это два ключевых генерирующих объекта столичной энергосистемы. Одна снимает пиковую тепловую нагрузку зимой, вторая — балансирующая мощность.

Третье — «огненный гриб на несколько десятков метров» в Борщаговках, юго-запад Киева. По характеру пламени и вторичному горению — топливо. Возможно, ещё один узел ТЭК.

Четвёртое — Дарницкий район, «Рембаза». Там дислоцируется личный состав сразу трёх воинских частей, в том числе Нацгвардии. Пожар на «складе травы», который эволюционировал в масштабное горение с чёрным дымом на весь город — сигнатура склада ГСМ на балансе воинской части.

Военные аэродромы в самой Киевской области — Васильков, Гостомель, Красная Слободка — тоже в контуре работы. По следам предыдущих циклов это стандартный набор.

Киевская область. Пять районов
Начальник КОВА признаёт «последствия» в пяти районах: Бучанский, Броварский, Обуховский, Фастовский, Вышгородский.
Раскладка — от него самого:

Полтавщина. Аэродромы и НПЗ-контур
Про Полтавщину — короче всего, но конкретнее всего. По линии ведомства — «инфраструктура военных аэродромов». По OSINT — Миргородский район остаётся приоритетной точкой. Миргородская авиабаза — это то, что осталось от полтавского истребительного узла после ударов 2024 года по Су-27.

Плюс полтавский газовый пояс. По нему били в конце июня — то же самое накладывается на нынешний удар: газораспределительные станции, обеспечивающие энергоснабжение промышленности, работали в 148 районах суточной сводки.

Черниговщина. Ракетный коридор
Через Черниговщину этой ночью прошли три волны крылатых ракет. Она — не просто транзит. По области отработали и предметно: аэродромы и объекты хранения.
Аэродром Городня, аэродром на подступах к Чернигову — стандартный набор целей для Х-101. 

Черкасщина. Умань, Черкассы, Красная Слободка
Черкасский узел — Умань и Черкассы. Пункт логистики западной техники, откуда её перебрасывают под Днепропетровск и на Запорожское направление. По предыдущим циклам отсюда работают эшелоны с бронетехникой и танкерами.
В сводке МО РФ — «инфраструктура военных аэродромов». Судя по коридору «Калибров», проходящему через Кировоградскую область на запад, часть ракет шла именно на этот кластер.

Днепропетровщина. Замыкающий сегмент
Днепропетровщина — пятая в списке МО РФ. По ней в тот же оперативный цикл били по:

• Павлограду — компоненты для дронов и ракетного топлива;

• сети АЗС в тыловой части области — не менее пяти станций работой «Гераней»;

• «инфраструктуре военных аэродромов» — это скорее всего Днепр-Аэропорт и подскок под Кривым Рогом.

[Подпишись на Коца в МАКС](https://max.ru/kots).

@sashakots",43162,465,,0,1,document
2026-07-02 05:58:17,epoddubny,27989,https://t.me/epoddubny/27989,"#СВОиЛюди 

Одной из главных задач [Ассоциации ветеранов СВО](https://t.me/veteranysvo) является сохранение памяти о погибших товарищах. Для тех, кто вернулся с фронта это не просто задача - это священный долг.

Александр Николаев из мордовского села Старые Найманы стал инициатором строительства в населенном пункте мемориального комплекса, в основе которого храм во имя святителя Николая Чудотворца и монумент землякам, погибшим в военных конфликтах. Здесь же военная техника, рядом планируется открыть краеведческий музей, где защитникам Отечества будет посвящена отдельная экспозиция. Мемориал увековечит и имена сельчан - участников СВО.

Александр один из тысяч активных участников крупнейшего ветеранского сообщества страны. О значении Ассоциации ветеранов СВО для боевых товарищей он размышляет в нашем видеоролике.",31715,15,0,0,1,document
2026-07-02 06:01:59,rusich_army,30163,https://t.me/rusich_army/30163,"🤙 **__Дорогие друзья!__**

От лица нашей команды и десантников 83 ОДШБР с Сумского направления, говорим вам огромное спасибо [за прошедший «День Сотки» честно](https://t.me/rusich_army/30118) и от всей души!

Благодаря вам и вашей поддержке подразделение ВДВ получило.

▪️ MAVIC 3 PRO  — 5 шт

Это даёт им возможность выполнять поставленные задачи более эффективно. 

Продолжаем в том же духе! Спасибо!

🤙[Архангел Спецназа](https://t.me/rusich_army)!

❗️🤙 [Если не грузит видео - смотрите у нас в MAX](https://max.ru/arx_spn)",94464,6,18,0,1,document
2026-07-02 06:05:16,ngp_razvedka,25751,https://t.me/ngp_razvedka/25751,,12531,46,,0,1,photo
2026-07-02 06:05:16,ngp_razvedka,25750,https://t.me/ngp_razvedka/25750,,12545,46,,0,1,photo
2026-07-02 06:05:16,ngp_razvedka,25749,https://t.me/ngp_razvedka/25749,,12739,46,,0,1,photo
2026-07-02 06:05:16,ngp_razvedka,25748,https://t.me/ngp_razvedka/25748,,12392,45,,0,1,document
2026-07-02 06:05:16,ngp_razvedka,25747,https://t.me/ngp_razvedka/25747,"Эх, хорошо-то как.

✈️ [НгП раZVедка](https://t.me/NgP_raZVedka) 🦇 [ДРГ в МАХ](https://max.ru/NgP_raZVedka) 📲",12364,46,66,0,1,document
2026-07-02 06:17:06,dva_majors,95494,https://t.me/dva_majors/95494,"📝**Главное от Рыбаря**📝
__дайджест материалов за 1 июля__

Компания ударов по украинским АЗС [идет полным ходом](https://t.me/rybar/81447), но важно не забывать и о нефтебазах. Как и о том, что [сваливать](https://t.me/rybar/81444) все неудачи на «дух Анкориджа» контрпродуктивно.

❗️Подробнее об этих и других темах читайте в нашем дайджесте.

➡️**Рыбарь** @rybar — говорим о сложном просто.

__Основной ресурс нашего аналитического центра. 
Самые важные и интересные материалы.__

▪️Хроника [СВО](https://t.me/rybar/81451), успехи на [Бурлукском направлении](https://t.me/rybar/81448), бои на [Восточно-Запорожском направлении](https://t.me/rybar/81449)
▪️Арты ко Дню [ветерана](https://t.me/rybar/81433) боевых действий
▪️Лазер для [бомб](https://t.me/rybar/81441) с УМПК
▪️Кадры [уничтожения](https://t.me/rybar/81442) украинских БЭК 
▪️История [лейтенанта](https://t.me/rybar/81443) Александра Суразова 
▪️О «духе [Анкориджа](https://t.me/rybar/81444)»
▪️Мерц хочет [забрать](https://t.me/rybar/81445) деньги с накоплений граждан
▪️Как подготовиться к [следующему](https://t.me/rybar/81446) раунду переговоров?
▪️Удары по [украинским](https://t.me/rybar/81447) АЗС

➡️**АЗИАТАРЬ ****@rybar_Pacific**

Глава МИД **т.н. Украины** посетил **Сеул** — стороны [обсудили](https://t.me/rybar_pacific/2740) вопрос освобождения двух пленных северокорейцев. В **Токио** хотят [взять](https://t.me/rybar_pacific/2741) оборонную промышленность под государственный контроль. А в **Австралии** [проходят](https://t.me/rybar_pacific/2744) очередные военные тренировки с участием **американцев** и японцев.

➡️**АМЕРИКАРЬ ****@rybar_america**
 
В США не отменят право на [гражданство](https://t.me/rybar_america/1732) по рождению, на праймериз демократов в Колорадо [победила](https://t.me/rybar_america/1734) бариста, Белый дом [собирает](https://t.me/rybar_america/1737) списки шпионов, а с передовой ИИ-модели Anthropic [сняли](https://t.me/rybar_america/1736) ограничения.

➡️**АФРИКАРЬ ****@rybar_Africa**

Американцы методично [продавливают](https://t.me/rybar_africa/4254) объединение Ливии через диалог с Хафтаром и Триполи, делая ставку на общую армию и выборы — главная цель нефть и вытеснение российских структур. Тем временем в Буркина-Фасо совершают резкий кульбит: власти [принимают](https://t.me/rybar_africa/4259) израильского посла, разворачиваясь от Ирана к Иерусалиму.

➡️**БАЛКАНАРЬ ****@balkanar**

В Албании не утихают антиправительственные [протесты](https://t.me/balkanar/2227), а в Хорватии разгорается [конфликт](https://t.me/balkanar/2231) между президентом и премьер-министром. Напряжение нарастает вокруг Боснии: западные кураторы никак не могут договорится о [кандидатуре](https://t.me/balkanar/2228) Верховного представителя.

➡️**ЕВРОПАРЬ ****@evropar**

В аэропортах Европы — [коллапс](https://t.me/evropar/2087), американцы продолжают вести сложную [игру](https://t.me/evropar/2091) с европейскими союзниками, а в Эстонии скоро [закончатся](https://t.me/evropar/2082) приличные заведения.

➡️**КАВКАЗАРЬ ****@caucasar**

Алиев в **Баку** вновь [принял](https://t.me/caucasar/1983) нуждающихся **европейцев**, которым грузины [попытались](https://t.me/caucasar/1982) донести им свою значимость. **Армяне** [продолжают](https://t.me/caucasar/1979) курс **евроинтеграцию**, но попутно [строят](https://t.me/caucasar/1981) инфраструктуру на **евразийские** деньги вместе с иранцами.

➡️**ЛАТИНАРЬ ****@rybar_latam**

Президент Сальвадора [готовится](https://t.me/rybar_latam/3260) к новым выборам, Мачадо [не пустили](https://t.me/rybar_latam/3262) в Венесуэлу, чилийский наемник [расстрелял](https://t.me/rybar_latam/3265) сослуживцев из Колумбии на т.н. Украине, а в Коста-Рике [завершилась](https://t.me/rybar_latam/3266) крупнейшая операция против картелей.

➡️**ОРИЕНТАРЬ ****@rybar_mena**

Пока над Багдадом [летали](https://t.me/rybar_mena/5712) БЛА, к югу от Йемена пираты [захватывали](https://t.me/rybar_mena/5717) торговое судно. В это время переговоры по [Ормузу](https://t.me/rybar_mena/5713) продолжались, а заблокированные иранские [активы](https://t.me/rybar_mena/5716) все-таки вернут властям в Тегеране.

➡️**ТУРАНАРЬ ****@rybar_stan**** 
**
Наследие Ага Хана [пришло](https://t.me/rybar_stan/2283) в Киргизию, а немцы в [поисках](https://t.me/rybar_stan/2284) потерянной нефти прибыли в Астану.
©️[**Подписывайтесь на все каналы**](https://t.me/addlist/kONcGnoFQxU1NmQy)©️
#дайджест #итоги

✉️ [**VK**](https://vk.com/rybar_force) | ✉️ [**RuTube**](https://rutube.ru/u/rybar/) | ✉️ [**ОК**](https://ok.ru/group/70000041986659) | ✉️ [**Дзен**](https://dzen.ru/rybar)

💸[**Поддержать нас**](https://qr.nspk.ru/BS1A0068ID10D33B9IBAQRQ4M9T0NIFN?type=01&bank=100000000008&crc=36CB)",75484,0,13,1,1,webpage
2026-07-02 06:17:56,dva_majors,95495,https://t.me/dva_majors/95495,"В МАХ появились комментарии

▪️**  **[**Два майора в МАХ**](https://max.ru/dva_majors)

▪️https://max.ru/dva_majors

▪️Или набирайте в поиске МАХ ""Два майора""

✨Нас с вами там уже более 350 тысяч человек.",87501,18,61,0,1,photo
2026-07-02 06:33:00,dva_majors,95496,https://t.me/dva_majors/95496,"**Каналы противника:**

Россия [запустила](https://t.me/dva_majors/95487) по Украине 74 ракеты и 496 дронов различных типов. 

[**Два майора **](https://t.me/dva_majors)**✨****  **[**Два майора в МАХ**](https://max.ru/dva_majors)",85487,81,119,0,1,webpage
2026-07-02 06:35:10,rybar,81458,https://t.me/rybar/81458,"📝**Распад «личного бренда» Европы****📝**
__Как идентичность исчезает под давлением стандартизации__

Идея Старого Света скоро станет для новых поколений чем‑то совершенно непонятным. Европа, которая подарила миру университеты, романтическую литературу, классическую музыку и национальные кухни, добровольно сдаёт свои позиции и превращается в усреднённый «рынок услуг». 

Несколько десятилетий европейские страны жертвовали своими национальными интересами ради «идеалов Евросоюза»: директивы ЕС унифицировали стандарты на шоколад, вино, мясо и мебель, а демографическое давление, серии кризисов и смена потребительских привычек сделали остальное. 

В результате «визитные карточки» национальных культур — французское вино, немецкий автомобиль, испанская коррида, бельгийский шоколад — либо теряют свой первоначальный смысл, либо оказываются под прямым экономическим ударом.

🔻**Германия: автопром как национальная мифология**

▪️BMW, Mercedes, Volkswagen долгое время были не просто марками автомобилей, а отождествлялись с немецким образом жизни и экономическим превосходством страны.

▪️С 2017 по 2023 год производство автомобилей в Германии упало с 5,65 до 4,1 млн единиц. У «большой тройки» продажи также снизились, а 2025 год стал переломным: все три концерна зафиксировали суммарную прибыль в €24,9 млрд, что стало наихудшим показателем с 2020 года. 

▪️Кризис усиливается и демографией: в условиях стареющего населения и хронической нехватки квалифицированных рабочих делают концерны не способны удерживать производства внутри Германии.

▪️Параллельно интеграция мигрантов в индустриальные профессии идёт медленно и конфликтно, что подрывает сам образ «нации инженеров», на котором десятилетиями строился немецкий автопром.
🔻**Бельгия: шоколад без какао**

▪️Бельгийский шоколад регулировался королевским указом с 1894 года: продукт должен был содержать минимум 35% чистого какао. Это был акт государственной воли по защите национального символа от «улучшайзингов».

▪️В 2003 году ЕС нанёс первый удар и разрешил добавлять в шоколад до 5% растительных жиров, не являющихся маслом какао. Производители в Бельгии и Франции сопротивлялись, но директива вступила в силу. 

▪️По сей день не существует ни одного нормативного акта ЕС, защищающего само наименование «бельгийский шоколад». Технически любая компания из любой страны ЕС может напечатать «Belgian chocolate» на обёртке и не нарушить ни одного закона.

▪️Кризис 2025 года добавил к правовой уязвимости экономическую катастрофу. Barry Callebaut — крупнейший в мире производитель шоколада — зафиксировал в 2024/25 году падение объёма продаж шоколада на 5,3%, а поставок какао — на 12,8%. В ответ концерн заключил партнёрство с компанией Planet A Foods для продвижения заменителя шоколада ChoViva — продукта, изготовленного из семян подсолнечника.

🔻**Дания: уют, который превратили в товар**

▪️«Хюгге» — это датская концепция уюта, теплоты и близости. Ключевой её смысл состоял именно в отказе от показного потребления: хюгге нельзя купить, потому что это, в первую очередь, образ жизни, а не на вещи.

▪️Британская и американская культурная индустрия переработали хюгге в один из самых коммерчески успешных лайфстайл-трендов 2010-х: книги, свечи, шерстяные носки, интерьерные аксессуары — всё это стали называть «хюгге-продуктами». 

▪️Датское туристическое ведомство сегодня использует хюгге как инструмент маркетинга, превращая в товар нечто, что изначально было прямой противоположностью культа потребления.
«Личные бренды» европейских стран столетиями складывались как система смыслов: почему французы пьют вино за обедом, почему немецкий инженер не допускает брака, почему датский сосед приглашает посидеть у камина. 

❗️Именно эта система смыслов очень мешала идеям глобализации и быстро пошла под нож, оказавшись уязвимой перед двойным давлением: административной унификацией ЕС, переводившей культуру в товарную категорию, и кризисами, которые вынуждали идти на компромиссы там, где раньше их не допускали.

📎[**Инфографика в высоком разрешении**](https://ibb.co/4nQwDL3Y)

📎[**English version**](https://ibb.co/JwGxyY0x)

#глобализм #ЕС #инфографика 
👁@evropar — на пороге смерти Европы

**💸**** **[**Поддержать нас**](https://qr.nspk.ru/BS1A0068ID10D33B9IBAQRQ4M9T0NIFN?type=01&bank=100000000008&crc=36CB)",155081,159,,1,1,photo
2026-07-02 06:49:22,sashakots,62772,https://t.me/sashakots/62772,"**ИНОСМИ Кризис Volkswagen и аргумент для Трампа **

**The European Conservative (Венгрия)**. «Германия теряет преимущество в автомобилестроении, Франция и Италия столкнулись с недозагруженностью заводов, Испания стала уязвимой из-за скромной роли производственной платформы, а Китай плотно обосновался на европейском рынке. Volkswagen грозит уже не просто внутренняя реструктуризация. Немецкий концерн рассматривает план сокращения, который коснется 100 тысяч рабочих мест по всему миру и приведет к закрытию четырех заводов в Германии — Ганновере, Цвиккау, Эмдене и Неккарзульме (последний выпускает Audi). Ранее было достигнуто соглашение с профсоюзами о ликвидации к 2030 году 50 тысяч рабочих мест. Из-за этой цифры крупнейшая промышленная компания Германии оказалась в эпицентре острейшего кризиса рабочей силы за последние десятилетия».

**Financial Times (Британия).** «Гонка вооружений в Европе обеспечивает 195 тысяч рабочих мест в американской оборонной промышленности благодаря заказам на сумму 300 миллиардов долларов — так считает ключевое лицо Североатлантического альянса. Это не что иное, как экономический аргумент для Дональда Трампа в пользу сохранения приверженности НАТО в преддверии саммита на следующей неделе. Конфликт на Украине и требование Трампа к Европе увеличить военные расходы под угрозой потери американской военной защиты подстегнули резкий рост оборонных бюджетов, хотя непредсказуемое отношение президента к Организации Североатлантического договора заставило многие европейские столицы с осторожностью полагаться на Вашингтон в вопросах собственной безопасности».

**Military Watch Magazine (США). **«ВМФ России готовится вернуть в строй свой самый грозный надводный боевой корабль: после масштабнейшей за всю историю российского флота модернизации тяжелый атомный ракетный крейсер ""Адмирал Нахимов"" проходит заключительные ходовые испытания. Реконструкция на верфи ""Севмаш"" заняла более десяти лет. За это время крейсер класса ""Киров"" (проект 1144 ""Орлан"") был оснащен совершенно новыми боевыми системами, датчиками и ракетным вооружением, что продлит срок его службы на десятилетия. Ожидается, что возвращение судна на службу значительно укрепит Северный флот, поскольку при оценке его возможностей аналитики уделяют первостепенное внимание непревзойденной огневой мощи, дальнобойности и способности выдерживать повреждения. При этом часто упускается из виду выдающаяся скорость, хотя крейсеры класса ""Киров"" на сегодняшний день — быстрейшие из крупных боевых кораблей».

@sashakots",44018,36,,0,0,
2026-07-02 06:50:09,dva_majors,95497,https://t.me/dva_majors/95497,"Операторы взвода БПЛА с Константиновского направления благодарят читателей канала за помощь в недавнем [сборе](https://t.me/dva_majors/94374) для их подразделения.

Спасибо каждому, кто не остается в стороне и помогает фронту!
**Всё для Фронта! Всё для Победы! **

⭐️ Ссылка на актуальный сбор для защитников неба Крыма: 
https://t.me/dva_majors/95473
—
[БФ Два майора](https://t.me/front_narod/4696)",84839,1,0,0,1,document
2026-07-02 07:00:00,vysokygovorit,23238,https://t.me/vysokygovorit/23238,"**Искусственный интеллект — новый буст для вашей карьеры**

Если вы застряли в одной должности, не знаете, куда двигаться дальше, и чувствуете себя неуверенно из-за нехватки знаний, вам обязательно нужно повышать квалификацию. 

Сегодня есть простой и рабочий способ получить быстрый карьерный рост —** нейросети.**

С ИИ вы получаете одно решение, которое убирает сразу несколько проблем: систематизирует навыки, открывает новые карьерные треки и делает вашу работу легче и стабильнее.

На курсе [«Нейросети на практике»](https://moscow.mba/programs/course/online/neyroseti-na-praktike?utm_source=influence&utm_medium=telegram&utm_campaign=deninf_ai_pr&utm_content=vysokygovorit&utm_term=02_07_26) от Московской Бизнес Академии вы получите пошаговый маршрут, с которым:

• **освободите 5+ часов в неделю** за счет автоматизации;
• **научитесь работать с любыми данными** и применять свои знания;
• **создадите личного ИИ-агента** — полноценного цифрового помощника;
• **заберете готовую базу из 100+ рабочих промптов** под конкретную профессию.

**Бонус** от Московской Бизнес Академии — бессрочный доступ к материалам, персональный куратор, помощь в оформлении портфолио и трудоустройстве.

[Оставьте заявку на сайте](https://moscow.mba/programs/course/online/neyroseti-na-praktike?utm_source=influence&utm_medium=telegram&utm_campaign=deninf_ai_pr&utm_content=vysokygovorit&utm_term=02_07_26), введите промокод `ЭДДА` и **получите выгодную скидку 50%.**

__Реклама: АНО ДПО ""МБА"" , ИНН ____9725034765____, erid: 2VtzqxMGLKj__",59261,21,,0,0,
2026-07-02 07:03:33,rusich_army,30165,https://t.me/rusich_army/30165,"**💬****Киев в огне****💬**

ВС РФ этой ночью нанесли один из самых массированных за последнее время ударов по всей Украине, где основной целью стал Киев и его окрестности.

**▪️****Что попало под удар?
**
▪️ Прилёты зафиксированы почти во всех районах Киева и области — в Дарницком, Броварском, Обуховском, Фастовском и Вышгородском районах города.

▪️ Одной из целей ВС РФ стал логистический центр в Чайке, который является одним из самых крупных на Украине, а используется он в интересах ВСУ для доставки и хранения БпЛА в Николаевской области.

▪️ К слову о Николаевской области, российскими беспилотниками была атакована Новая Одесса, где под удар попали склады хранения БпЛА.

▪️ В Киеве также атакованы Киевское центральное конструкторское бюро и еще одно логистическое предприятие.

▪️ Также взрывы отмечались в промзоне на востоке Киева, в том числе в районе Рембазы и в гаражном кооперативе.

▪️ Помимо этого, атакованы аэродром «Антонов», а также возникло возгорание на юге Киева, где оценочно находилась позиция ПВО.

▪️В ударе ВС РФ использовали «Герани», гиперзвуковые крылатые ракеты «Циркон», баллистические ракеты «Искандер-М», ракеты Х-101, а также новые «Бандероли».

Также ВС РФ поразили хранилище газа, используемое в интересах ВСУ, в районе города Запорожье, в результате пожара уничтожено до 25 емкостей с газом

❗️Именно такие удары требуется проводить регулярно для снижения производственных и логистических мощностей противника. В Киеве сконцентрированы основные сборочные цеха БпЛА.

А атаки на нефтебазы и другие топливные объекты позволят создать коллапс в снабжении на линии фронта, что с учетом тяжелой обстановки в Крыму и Новороссии вполне оправданно.

🤙[Архангел Спецназа](https://t.me/rusich_army)!

❗️🤙 [Если не грузит видео - смотрите у нас в MAX](https://max.ru/arx_spn)",110605,103,77,0,1,photo
2026-07-02 07:04:26,dva_majors,95498,https://t.me/dva_majors/95498,"✨**Сбор** **на Добропольское направление**✨
605 человек приняли участие сборах за сутки!

⚡️ Десантники нуждаются в народной поддержке! Для сопровождения штурмовых групп и ведения разведки операторам необходимы дроны, а так же оборудование для mesh-сети.

▪️Mavic 4Т - 400 000 ₽
▪️Mavic 3Pro -2шт- 400 000 ₽
▪️Mesh-система - 1 200 000 ₽

**Необходимо: 2 000 000 ₽
**Собрано за сутки: 223 986 ₽**
**Собрано всего: 1 536 122 ₽ 
Осталось собрать: **463 878 ₽**

**-**
**Реквизиты для добровольных 
пожертвований: **
✔️любым удобным способом **на сайте** «Два майора» - https://dva-majors.ru 
✔️ на счет БФ «Два майора» перевод **по СБП** без комиссии:  https://qr.nspk.ru/AS1A002SNGS125GG8HFRLP618Q3H3GRI?type=01&bank=100000000111&crc=DF0D
✔️T-Банк: https://pay.cloudtips.ru/p/4641cedb
✔️**для юридических лиц **(покажите друзьям - бизнесменам!): 
ИНН: 2365033577
КПП: 236501001
БИК: 040349602
Р/с 40703810530000007491
—
Карта Сбербанка физического лица (Е.В.М.), **представителя Фонда**: 
2202206209199178
`2202206209199178`

**Всё для Фронта! **🇷🇺 

Наш официальный сайт:
https://dva-majors.ru
—
[БФ Два майора](https://t.me/front_narod)",82806,1,17,0,1,document
2026-07-02 07:11:52,sashakots,62773,https://t.me/sashakots/62773,"Удар по Киеву. Подробный разбор пораженных целей

Список поражённых объектов в Киеве в этот раз читается как оглавление всей украинской ракетно-беспилотной программы. 

«Радионикс» — научно-производственная база систем управления для крылатых ракет большой дальности «Фламинго», оперативно-тактических «Файер Пойнт-7 и -9», управляемых «Нептун-МД» и зенитных ракет по проекту «Клон». То самое предприятие, что тянет за собой головки самонаведения и радиоэлектронную начинку почти для всей украинской дальнобойной номенклатуры. 

Рядом — «Атлон Авиа», ключевой производитель ударных дронов  большой дальности, включая БЭКи «Магура УА» и участие в программе «Лютого». И головной актив всей программы — ГП «Антонов», основная сборочная площадка Ан-196 «Лютый», того самого дрона-камикадзе, которым Киев бьёт по нашим нефтебазам и промышленным объектам в глубоком тылу.

Дальше — АО «Киевский радиозавод» и «Тримен-Украина»: прицельные комплексы для украинских танков и БМП, оптика для бронетехники, комплектующие практически ко всем разведывательным и ударным БпЛА, микросборки для ЗРК и РЭБ. Отдельно — «Киев-25» (ПВ Групп Украина), где производят и хранили аппаратуру комплекса РЭБ «Лима» для подмены навигационных сигналов в системах наведения. 

Логистическое плечо программы тоже накрыто: транспортно-логистический центр «МЛП-Чайка» в Киевской области использовался для хранения дальнобойных БпЛА, боевых частей и импортных комплектующих. Склад ГСМ «Киев-3» (Грандтерминал), питавший дизелем воинские части киевского гарнизона, включая ПВО объектовой обороны и группировку в зоне боевых действий. Плюс газораспределительные станции, обеспечивающие работу самих оборонных заводов.

Одновременный удар по аэродромной инфраструктуре сразу в пяти областях — Днепропетровской, Полтавской, Черкасской, Черниговской и Киевской: сжать возможности носителей, площадок подскока и рассредоточения авиации ВСУ.

Иллюзий по итогам одной ночи строить не стоит. Часть производства «Лютого» и «Фламинго» уже вынесена за пределы Украины — в Польшу и страны Прибалтики. Часть площадок в Киеве после прошлогодних ударов работает распределённо, в разнесённых цехах и подземных участках. Это работа на недели и месяцы: методично прореживать научно-производственный контур, срезать логистику и топливо, накрывать аэродромный периметр. Сегодня — «Радионикс», «Антонов», «Атлон Авиа» и «Чайка». До этого — августовская серия по «Спецоборонмашу» и «Киеву-22». Дальше — то, что киевский режим ещё считает своим глубоким тылом.

@sashakots",41343,339,,0,1,photo
2026-07-02 07:14:28,epoddubny,27991,https://t.me/epoddubny/27991,,53393,237,,0,1,photo
2026-07-02 07:14:28,epoddubny,27990,https://t.me/epoddubny/27990,"**Разбор ударов по целям в Киеве подробно **

В Киеве поражены: 

– агрегатно-детальное предприятие радиоэлектронной промышленности ООО «РАДИОНИКС» – ключевая научно-производственная база, выпускающая системы управления  крылатых ракет большой дальности наземного базирования «Фламинго», оперативно-тактических ракет «Файер Пойнт-7, -9», управляемых ракет «Нептун-МД» и зенитных управляемых ракет (проект «Клон»). Также, продукция предприятия напрямую влияет на боевые возможности ВВС Украины и их способность противостоять системам противовоздушной обороны;

– сборочное предприятие радиоэлектронной промышленности (ООО «Научно-производственная компания «АТЛОН АВИА»). Одно из ключевых предприятий ВПК Украины, обеспечивающее ВСУ беспилотными летательными аппаратами большой дальности Ан-196 «Лютый», ударными БпЛА «Магура УА», а также БпЛА других типов и барражирующими боеприпасами;

– сборочное предприятие авиационной промышленности 
(ГП «Антонов») – основная производственная база на Украине, осуществляющая разработку и выпуск пилотируемых летательных аппаратов военного назначения, а также сборку и модернизацию беспилотных летательных аппаратов большой дальности Ан-196 «Лютый»;

– ракетный агрегатно-детальный завод (АО «Киевский радиозавод», ООО «ТРИМЕН-УКРАИНА») – ведущее предприятие, осуществляющее модернизацию прицельных комплексов для всех типов танков и БМП, производящихся 
на Украине, выпуск оптических прицелов и приборов наведения для бронетехники, а также комплектующих практически для всех разведывательных и ударных БпЛА. Кроме того, интегральные схемы, элементы микросборок для ЗРК, РЭБ и авиационной техники, выпускаемые предприятием, напрямую влияют на боевые возможности данных систем, состоящих на вооружении ВСУ;

– промышленное предприятие КИЕВ-25 («ПВ ГРУПП УКРАИНА»), осуществляющее производство и хранение программно-аппаратных средств комплекса радиоэлектронной борьбы «Лима» для подмены навигационных сигналов в системах наведения высокоточных средств поражения;

– транспортно-логистический центр «МЛП-ЧАЙКА», используемый для хранения беспилотных летательных аппаратов большой дальности, боевых частей и боеприпасов к ним, а также различных комплектующих к вооружению и технике, поступающих из-за рубежа;

– склад горюче-смазочных материалов КИЕВ-3 (ООО «Грандтерминал»), обеспечивающий поставки дизельного топлива 
с линейной производственно-диспетчерской станции Новоград-Волынский для воинских частей киевского гарнизона, в том числе обеспечивающих противовоздушное прикрытие военных объектов. Кроме того, дизельное топливо с данного склада направляется подразделениям ВСУ в зону боевых действий;

– газораспределительные станции в Киеве и Киевской области, обеспечивающие работу предприятий украинского ВПК.

Массированный удар высокоточным оружием большой дальности воздушного, наземного, морского базирования и ударными БПЛА был нанесён в ответ на террористические атаки киевского режима на гражданскую инфраструктуру на территории России. Кроме предприятий военной промышленности и объектов ТЭК в Киеве, удары были нанесены по инфраструктуре военных аэродромов в Днепропетровской, Полтавской, Черкасской, Черниговской и Киевской областях.

[Подпишись ТГ](https://t.me/epoddubny) / [Подпишись МАХ](https://max.ru/epoddubny)",52543,241,0,0,1,photo
2026-07-02 07:22:36,wargonzo,35241,https://t.me/wargonzo/35241,,39802,86,,0,1,photo
2026-07-02 07:22:36,wargonzo,35240,https://t.me/wargonzo/35240,,40498,84,,0,1,photo
2026-07-02 07:22:36,wargonzo,35239,https://t.me/wargonzo/35239,,38947,86,,0,1,photo
2026-07-02 07:22:36,wargonzo,35238,https://t.me/wargonzo/35238,,36475,84,,0,1,photo
2026-07-02 07:22:36,wargonzo,35237,https://t.me/wargonzo/35237,"**Украина подверглась массированному удару
**
Армия России нанесла массированный ракетно-дроновый удар по Киеву, Харькову, Днепропетровску и ряду других населённых пунктов Украины. По сообщениям противника, в обстреле применялись дроны типа «Герань», баллистические ракеты «Искандер», гиперзвуковые «Цирконы» и модифицированные ракеты ЗРК С-400.

Всего по Киеву было выпущено около 60 различных ракет и более 100 беспилотников.

Минобороны России заявляет об успешном поражении предприятий военной промышленности и объектов топливно-энергетического комплекса в городе Киев и Киевской области. Под ударом оказалась также инфраструктура военных аэродромов в других областях.

Наблюдателями отмечается активное применение реактивных дронов «Герань-3», крылатых ракет «Калибр», запущенных из акватории Чёрного моря и Х-101 с воздуха. Судя по снимкам и пожарам, в Киеве зафиксированы поражения ряда электростанций, топливных баз и складских помещений.

👉🏻 [Присоединяйтесь к WarGonzo в MAХ](https://max.ru/WarGonzo)",35156,85,,0,1,photo
2026-07-02 07:35:10,dva_majors,95499,https://t.me/dva_majors/95499,"🇬🇧**‼️****В Британии протестировали дальнобойные ракеты для Украины**

В рамках проекта **Brakestop**, запущенного британским минобороны в ноябре 2024 года, прошли тесты **готовых к выпуску изделий**.  Техзадание проекта предусматривало разработку ракет дальностью **не менее 500 км**, БЧ **225 кг,** скоростью более **600 км/ч,** ценой не более **400 тыс. фунтов стерлингов** без боеголовки и возможность производства **не менее 20 ед. в месяц.**

В результате в финале конкурса **3 из 27** подавших заявки производителя продемонстрировали на специализированном испытательном полигоне «Гебридские острова» свои **варианты**:

◾**MBDA UK** – ракета **Crossbow** с турбореактивным двигателем и собственной системой визуальной навигации, дальностью 800 км;
◾**MGI Engineering** – **TigerShark** с дальностью 900 км;
◾**Rotron Aerospace** – **SkyLance** с дальностью 1200 км за счёт применения пропеллерного двигателя.

**Следующий этап** – доработка, выпуск улучшенных образцов, пусковые установки, машины поддержки и дальнейшие испытания, **включая на ****🇺🇦****Украине,****⚡️**** то есть по территории ****🇷🇺****России.**

Brakestop позиционируется как более дешевая и массовая замена крылатой ракете **Storm Shadow** (около 2,8 млн долларов), а также более доступная в производстве **за счёт использования доступных на коммерческом рынке компонентов.**

✨Украину продолжат напичкивать **дешевыми и массовыми ракетами**, как это уже происходит с дронами и ракетами **Fire Point,**  производство которых вынесено **за пределы Украины**. И в этой гонке у запада **огромное преимущество** за счёт сильнейшей научно-производственной базы и возможности **свободно приобретать** любые компоненты для этих вооружений **на всех мировых рынках** (в отличие от России). **И так будет продолжаться бесконечно**, пока этот самый запад **не понесёт ущерб** за прямое участие в конфликте на стороне Украины.

[**Два майора**](https://t.me/dva_majors)
[**Два майора в МАХ**](https://max.ru/dva_majors)",133512,489,385,0,1,photo
2026-07-02 07:43:02,rybar,81459,https://t.me/rybar/81459,"📝**И можно без хлеба!**📝

Украинцы не прочь отгрызть европейцам руку по локоть и залезть прямо в их кошельки: минобороны т.н. Украины направило в Брюссель письмо с **призывом отдать им €6,6 млрд из Европейского фонда мира** — денег, которые предназначены для компенсаций странам ЕС за уже поставленное самим же украинцам оружие. 

Объясняется это [предложение](https://www.internazionale.it/ultime-notizie-reuters/2026/07/01/ukraine-seeks-6-6-billion-from-eu-s-peace-fund-for-military-aid) витиеватыми формулировками, которые, видимо должны были убедить европейцев, что «это для их же блага». Мол, раз европейские армии всё равно недофинансированы, то лучше направить эти средства сразу на закупку вооружений для ВСУ, минуя __долгую бюрократию с возмещением затрат союзникам__.

Но в европейских столицах эту идею восприняли куда холоднее, и первым публично обозначились представители Польши. Они уже заявили, что не намерены отказываться от причитающихся им выплат из фонда: для польского бюджета это реальные миллиарды, которыми закрывают дыру после масштабных поставок вооружений, техники и боеприпасов. 

❗️Насчёт того, что думают сами евробюрократы об этой сделке века, мы пока не знаем, но им теперь, как минимум, придётся сделать какое-то заявление, да так чтобы никого не обидеть. 

Но пока выбор довольно скуден: либо войти в конфронтацию с союзниками, урезая их компенсации, либо публично заявиьт, что Европейский фонд мира прежде всего служит интересам национальных бюджетов, а не превращается в общий «военный кошелёк» для всех страждущих. 

Хотя есть и третий вариант — поступить как всегда: пообщать «поддержку», а потом разыгрывать трения между властями разных стран и ничего не делать.

В чём выгода европейцев, всё равно пока загадка. Неужели в том, что __если дать украинцам ещё денег, они сами защитят Европу?__
#ЕС #Украина
👁@evropar — на пороге смерти Европы

**💸**** **[**Поддержать нас**](https://qr.nspk.ru/BS1A0068ID10D33B9IBAQRQ4M9T0NIFN?type=01&bank=100000000008&crc=36CB)",153981,43,,1,1,webpage
2026-07-02 07:52:09,ngp_razvedka,25752,https://t.me/ngp_razvedka/25752,"Титаны ПеПеО знищили ~~4 жилых комплекса ~~ 48 ракет и 476 беспилотников, из запущенных 74 ракет и 496 БПЛА.

Остаётся открытым вопрос, как 20 Гераней и 26 ракет развалили 30 объектов. 
Вот интересно, они хоть сами верят в отчёты могучего пепео?

✈️ [НгП раZVедка](https://t.me/NgP_raZVedka) 🦇 [ДРГ в МАХ](https://max.ru/NgP_raZVedka) 📲",12211,51,20,0,0,
2026-07-02 08:00:00,vysokygovorit,23239,https://t.me/vysokygovorit/23239,"Глядя на европейское перевооружение, нужно осознавать одну простую вещь. Они стремятся максимально долго продлить сопротивление хохла в первую очередь потому, что осознают недостаточность своих арсеналов и своих усилий по переоснащению войск для возможной войны с Россией.

Украина сейчас имеет больше брони, артиллерии, ПВО и ракетных установок чем любая другая страна Европы, кроме Польши разве что – пушек и танков у поляков больше. Для всех остальных, война украинского масштаба закончится за месяц, в ходе которого сгорит в «килл-зоне» оставшийся арсенал, после чего останется сушить весла, памятуя, что в возможной войне с НАТО Россия явно не станет сдерживать себя в выборе целей, как и оружия. Поэтому остается снабжать дронами хохла и надеяться, что мы устанем раньше, чем хохол кончится.  

Самым интересным будет потом разбирать, куда в итоге денутся те огромные деньги, которые предназначены для перевооружения европейских армий, например, сто миллиардов евро из специального немецкого фонда. Налицо траты пока в основном у уже помянутых поляков, и то, если присмотреться, то параметры своей армии они измеряют не по задаче «повоевать с Россией» а по задаче «быть сильнее Германии». По самолетам с кораблями пока не очень, но стараются явно.

[Старше Эдды в Мах](https://max.ru/vysokygovorit)",105754,246,,0,0,
2026-07-02 08:00:57,epoddubny,27992,https://t.me/epoddubny/27992,"**Удары по целям в регионах Украины**

__Днепропетровская область __

В Павлограде в результате применения БПЛА уничтожена газовая станция. Этот объект играл важную роль в инфраструктуре региона: он обеспечивал распределение газа как для нужд города, так и для работы промышленных предприятий. Вывод станции из строя влечет за собой сбой в работе коммунального сектора, и что самое важное – остановку производственных процессов в Павлоградском промышленном узле.

[Подпишись ТГ](https://t.me/epoddubny) / [Подпишись МАХ](https://max.ru/epoddubny)",28922,39,0,0,1,photo
2026-07-02 08:46:36,ngp_razvedka,25753,https://t.me/ngp_razvedka/25753,"На Украине перебои с электричеством, в аномальную жару это весьма кстати. 

✈️ [НгП раZVедка](https://t.me/NgP_raZVedka) 🦇 [ДРГ в МАХ](https://max.ru/NgP_raZVedka) 📲",11662,19,12,0,0,
2026-07-02 08:47:18,wargonzo,35242,https://t.me/wargonzo/35242,"**Дроны с краской атаковали посольство РФ в Стокгольме**

Дипмиссию России в Швеции вновь атаковали беспилотниками. Один аппарат перед крушением опрокинул ёмкость с красной краской, второй нёс на себе макет самодельной бомбы.

В посольстве подчеркнули: вся полнота ответственности за эти выходки и их возможные последствия лежит исключительно на шведской стороне. Происходящее дипломаты расценивают не как рядовую провокацию, а как целенаправленное устрашение сотрудников.

Внешнеполитическое ведомство обратило внимание, что подобные инциденты в шведской столице перестали быть единичными — они превратились в тревожную закономерность.

👉🏻 [Присоединяйтесь к WarGonzo в MAХ](https://max.ru/WarGonzo)",27465,23,,0,1,photo
2026-07-02 08:48:49,epoddubny,27995,https://t.me/epoddubny/27995,,30643,52,,0,1,photo
2026-07-02 08:48:49,epoddubny,27994,https://t.me/epoddubny/27994,,30728,52,,0,1,photo
2026-07-02 08:48:49,epoddubny,27993,https://t.me/epoddubny/27993,"Удар по цехам АО ""Радиозавод"". 

Предприятие не в первый раз становится целью для ВС РФ: ранее киевский режим использовал мощности завода для производства средств РЭБ и РЛС. Атаки сокращали возможности предприятия. По последним данным, боевикам удалось здесь наладить выпуск комплектующих для ракетного вооружения и ударных БПЛА. Однако, и эти усилия противника были обнулены минувшей ночью. На территории завода масштабный пожар.

[Подпишись ТГ](https://t.me/epoddubny) / [Подпишись МАХ](https://max.ru/epoddubny)",28525,52,1,0,1,photo
2026-07-02 08:52:13,ngp_razvedka,25754,https://t.me/ngp_razvedka/25754,"Кстати, все заметили, насколько легче Киеву стало жить, после мифических выключенных ретрансляторов в Беларуси?

Черт возьми, как жаль что великие полководцы прошлого не обладали военным гением криворожского монарха, могли бы просто объявлять о победах.

✈️ [НгП раZVедка](https://t.me/NgP_raZVedka) 🦇 [ДРГ в МАХ](https://max.ru/NgP_raZVedka) 📲",12059,58,7,0,0,
2026-07-02 09:00:01,rusich_army,30166,https://t.me/rusich_army/30166,"**💬****Удары по нашим территориям****💬**

Сегодняшний удар по Украине – именно то, что должно производиться системно для поражения боевого и производственного потенциала противника, который каждый день атакует Россию.

В ночь на 2 июля подразделениями ПВО было уничтожено не менее 327 беспилотников над разными регионами страны. Всего за сутки поражено 460 дронов.

▪️ В этот раз география налета была очень обширной, поскольку противник вновь начал запускать дроны в направлении Ленинградской области.

Пока атаки были единичными, но полагаем, что в ближайшие дни налеты будут продолжаться с целью прорубания коридора пролета БпЛА к Питеру.

▪️Помимо этого, под удар попал Кстовский НПЗ в Нижегородской области. Кадры уже есть с разных ракурсов в украинском сегменте интернета.

Также дроны сбивали над Ставропольем, Калмыкией, Башкортостаном вчера днем. Также БпЛА фиксировали в Волгоградской и Саратовской областях.

А вчера было сбито две баллистические ракеты FP-9 в Подмосковье, а это уже звоночек. 

❗️И когда украинские паблики начнут кричать из-за ударов по Киеву, то пусть не удивляются. Главное, чтобы такие атаки на украинский ВПК были регулярными и эффективными.

🤙[Архангел Спецназа](https://t.me/rusich_army)!

❗️🤙 [Если не грузит видео - смотрите у нас в MAX](https://max.ru/arx_spn)",93571,88,39,0,1,photo
2026-07-02 09:05:00,rybar,81460,https://t.me/rybar/81460,"📝**Что обсудят на саммите НАТО?**📝 

На следующей неделе, 7–8 июля, в Анкаре соберутся лидеры НАТО. И на этот раз повестка выходит далеко за рамки протокольных деклараций: генсек альянса **Марк Рютте **прямо заявил, что союзники объявят о новых оборонных контрактах на **десятки миллиардов долларов.**

🖍Первый день целиком отдан «дню оборонной промышленности» — там будут подписывать сами контракты и меморандумы о взаимопонимании. Рютте обозначил и главную проблему, которую делегаты попытаются решить: **оборонные отрасли Европы остаются раздробленными**, в Вашингтоне слишком много бюрократии, а темпы внедрения инноваций отстают от того, что требует нынешняя военная реальность.

🚩Ключевая цифра саммита — 5% ВВП на оборону к 2035 году, из которых 3,5% пойдёт непосредственно на военные нужды, а оставшиеся 1,5% — на инфраструктуру безопасности и гражданскую устойчивость. Власти Турции как хозяева встречи подтвердили приверженность этой цели и заодно анонсировали расширение собственного производства систем ПВО и дальних ракет в рамках национального «воздушного щита».

🏳️При этом внутри альянса не всё так гладко, как выглядит на пресс-конференциях. Госсекретарь США **Марко Рубио** ещё в мае предупреждал, что в Анкаре поднимется вопрос недовольства президента Трампа темпами, с которыми союзники выполняют свои обязательства. Получается, что саммит станет не только площадкой для подписания контрактов, но и местом, где придётся разбираться с разногласиями о том, кто должен нести основную нагрузку — США или Европа.

📌Несмотря на громкие анонсы и ожидания, настоящим тестом для Анкары станет не сумма подписанных контрактов, а то, как быстро эти договорённости превратятся в реальные поставки. 

Оборонные компании альянса уже нарастили выпуск продукции на фоне растущего спроса. Однако возможности европейских экономик [не безграничны](https://t.me/evropar/2094) и переориентация гражданских производств (того же завода [Renault](https://t.me/evropar/1986)) под оборонку стало важным симптомом приближения к этим границам.
#НАТО #США #Турция
✈️ [**RU**](https://t.me/rybar) | ✈️ [**EN**](https://t.me/rybar_in_english) | ✉️ [**MAX**](https://max.ru/Rybar)

✉️ [**VK**](https://vk.com/rybar_force) | ✉️ [**RuTube**](https://rutube.ru/u/rybar/) | ✉️ [**ОК**](https://ok.ru/group/70000041986659) | ✉️ [**Дзен**](https://dzen.ru/rybar)

💸 [**Поддержать нас**](https://qr.nspk.ru/BS1A0068ID10D33B9IBAQRQ4M9T0NIFN?type=01&bank=100000000008&crc=36CB)",162017,52,,0,1,photo
2026-07-02 09:23:37,Sladkov_plus,15715,https://t.me/Sladkov_plus/15715,"В зоне СВО Российская армия теснит противника на всех направлениях. Сегодня, для полного освобождения Донбасса, наиболее важно взять под полный контроль Константиновку и окружающие ее территории. Это плацдарм для операций в Дружковке,    Краматорске и Славянске. Точно так, как два года назад Авдеевка стала плацдармом для того, чтоб окончательно отбросить противника от Донецка. 

ВСУ активно применяют БЛА в наших тылах, и мы всё активнее применяем маневренные огневые группы для сохранения безопасности наших дорог и коммуникаций в зоне проведения СВО. В тылах тоже идет работа МОГов, совершенствуется система ПВО.

Друзья, это мой канал на Максе:
https://max.ru/sladkovplus",56097,27,,0,1,document
2026-07-02 09:25:06,Sladkov_plus,15716,https://t.me/Sladkov_plus/15716,"Массированный комплексный удар по ВСУ и ВПК Украины. Детали - куда и чем били. Источник Минобороны России:

 
Вооруженными Силами Российской Федерации, в ответ
на террористические атаки киевского режима на гражданскую инфраструктуру на территории России, нанесен массированный удар высокоточным оружием большой дальности воздушного, наземного, морского базирования и ударными беспилотными летательными аппаратами по предприятиям военной промышленности, объектам топливно-энергетического комплекса
в городе Киев и Киевской области, а также инфраструктуре военных аэродромов в Днепропетровской, Полтавской, Черкасской, Черниговской и Киевской областях.
Поражены в городе Киеве:
агрегатно-детальное предприятие радиоэлектронной промышленности ООО «РАДИОНИКС» – ключевая научно-производственная база, выпускающая системы управления  крылатых ракет большой дальности наземного базирования «Фламинго», оперативно-тактических ракет «Файер Пойнт-7, -9», управляемых ракет «Нептун-МД» и зенитных управляемых ракет (проект «Клон»). Также, продукция предприятия напрямую влияет на боевые возможности ВВС Украины и их способность противостоять системам противовоздушной обороны;
сборочное предприятие радиоэлектронной промышленности (ООО «Научно-производственная компания «АТЛОН АВИА»). Одно из ключевых предприятий ВПК Украины, обеспечивающее ВСУ беспилотными летательными аппаратами большой дальности Ан-196 «Лютый», ударными БпЛА «Магура УА», а также БпЛА других типов и барражирующими боеприпасами;
сборочное предприятие авиационной промышленности
(ГП «Антонов») – основная производственная база на Украине, осуществляющая разработку и выпуск пилотируемых летательных аппаратов военного назначения, а также сборку и модернизацию беспилотных летательных аппаратов большой дальности Ан-196 «Лютый»;
ракетный агрегатно-детальный завод (АО «Киевский радиозавод», ООО «ТРИМЕН-УКРАИНА») – ведущее предприятие, осуществляющее модернизацию прицельных комплексов для всех типов танков и БМП, производящихся
на Украине, выпуск оптических прицелов и приборов наведения для бронетехники, а также комплектующих практически для всех разведывательных и ударных БпЛА. Кроме того, интегральные схемы, элементы микросборок для ЗРК, РЭБ и авиационной техники, выпускаемые предприятием, напрямую влияют на боевые возможности данных систем, состоящих на вооружении ВСУ;
промышленное предприятие КИЕВ-25 («ПВ ГРУПП УКРАИНА»), осуществляющее производство и хранение программно-аппаратных средств комплекса радиоэлектронной борьбы «Лима» для подмены навигационных сигналов в системах наведения высокоточных средств поражения;
транспортно-логистический центр «МЛП-ЧАЙКА», используемый для хранения беспилотных летательных аппаратов большой дальности, боевых частей и боеприпасов к ним, а также различных комплектующих к вооружению и технике, поступающих из-за рубежа;
склад горюче-смазочных материалов КИЕВ-3 (ООО «Грандтерминал»), обеспечивающий поставки дизельного топлива
с линейной производственно-диспетчерской станции Новоград-Волынский для воинских частей киевского гарнизона, в том числе обеспечивающих противовоздушное прикрытие военных объектов. Кроме того, дизельное топливо с данного склада направляется подразделениям ВСУ в зону боевых действий;
газораспределительные станции в Киеве и Киевской области, обеспечивающие работу предприятий украинского ВПК.

Дорогие друзья, не забывайте про мой Макс:
https://max.ru/sladkovplus",59438,79,,0,1,webpage
2026-07-02 09:27:14,Sladkov_plus,15718,https://t.me/Sladkov_plus/15718,"Минобороны России: 

Удар по складам в с. Чайки Бучанского района Киевской области. В результате поражения цели возник крупный пожар.

50.43755, 30.31183


Также крупный пожар разгорается в промышленной зоне на севере Киева (координаты 50°29'49.5""N 30°28'42.5""E)

Пожар возник в результате попадания баллистических ракет ""Искандер-М"" и/или крылатых ракет Х-101.

В промзоне находятся машиностроительный завод ""Евроформат"" и логистический склад ""Евротерминал""

Мой комментарий: 
Наши военные приняли решение более детально информировать об ударах по глубоким тылам Украины. Чтоб не создавалось впечатление, что мы только терпим.

Друзья, не забывайте про мой Макс:
https://max.ru/sladkovplus",64683,96,,0,1,webpage
2026-07-02 09:34:19,dva_majors,95500,https://t.me/dva_majors/95500,"Утверждено обвинительное заключение по уголовному делу в отношении 23-летнего жителя г. Усинска по признакам преступлений, предусмотренных ст. 275 УК РФ (государственная измена), ч. 2 ст. 205.5 УК РФ (участие в деятельности террористической организации), ч. 1 ст. 30, п. «а» ч. 2 ст. 205 УК РФ (приготовление к террористическому акту), п. «а», «в» ч. 2 ст. 205 УК РФ (террористический акт).

Уголовное дело возбуждено и расследовано УФСБ России по Республике Коми.

Установлено, что фигурант, действуя против интересов и безопасности Российской Федерации, инициативно вступил в контакт с представителем террористической организации, курируемой спецслужбами Украины, принял присягу и выполнил задание по подготовке террористического акта на объекте железнодорожной инфраструктуры г. Усинска.

В дальнейшем по указанию куратора фигурант произвел поджог одного из объектов связи на территории г. Усинска.

В настоящее время уголовное дело направлено в 1-й Западный окружной военный суд.

[**Два майора **](https://t.me/dva_majors)**✨****  **[**Два майора в МАХ**](https://max.ru/dva_majors)",80590,67,32,0,1,document
2026-07-02 09:46:53,dva_majors,95503,https://t.me/dva_majors/95503,,79046,2,,0,1,photo
2026-07-02 09:46:53,dva_majors,95502,https://t.me/dva_majors/95502,,81585,2,,0,1,photo
2026-07-02 09:46:53,dva_majors,95501,https://t.me/dva_majors/95501,"✨ **Фронтовая броня** ✨

💌 Весточка с фронта! 

__""**В новой броне и сразу на задачу**🫡"".__

Парни с Сумского направления делятся своей боевой работой. Утром получили наш бронекомплект, а вечером уже отправились в нем на боевую задачу! ✊ 

Бойцы выражают огромную благодарность всем, кто поддерживает народный проект ""Фронтовая броня""! ✌️

❗️ у кого телега уже совсем не едет и скрипит - мы все дублируем в [MAX](https://max.ru/join/5px4R-qLtnu-GE2L7K0lzYStf5GiclQnlTmmzsG-SxY)

🌸 Актуальный сбор на необходимый нам для производства бронекомплектов металл по [ссылке](https://t.me/dva_majors/90012).
🍎 У нас на канале продолжаем сборы на производственные расходы и текущие нужды.

✨[VБроне_31](https://t.me/Vbrone31) ⭐️[VБроне_31 в MAX](https://max.ru/join/5px4R-qLtnu-GE2L7K0lzYStf5GiclQnlTmmzsG-SxY)
✨[БФ ""Два Майора""](https://t.me/front_narod) ✨[Два Майора](https://t.me/dva_majors) ⭐️[Два Майора в MAX](https://max.ru/dva_majors)",77826,2,0,0,1,document
2026-07-02 09:52:39,epoddubny,27997,https://t.me/epoddubny/27997,"За размещение на территории страны оружия массового поражения, в том числе ядерного, выступило литовское Минобороны. 

Сейчас размещать на территории Литвы оружие массового поражения запрещает 137-я статья Конституции. Чтобы снять эти ограничения в документ нужно внести соответствуюшие правки. Министр обороны Робертас Каунас поддержал эту идею, заявив, что существующий бюрократический барьер ""не позволяет Литве в полной мере использовать оборонные возможности НАТО"".

[Подпишись ТГ](https://t.me/epoddubny) / [Подпишись МАХ](https://max.ru/epoddubny)",45573,36,1,0,0,
2026-07-02 09:53:33,dva_majors,95504,https://t.me/dva_majors/95504,"**Из выступления Пескова:**

▪️Герасимов утром доложил Путину о результатах массированного ответного удара ВС РФ по Киеву и другим населенным пунктам

▪️Массированный ответный удар ВС РФ наносился исключительно по военным и околовоенным украинским объектам;

▪️Путин практически ежедневно проводит встречи с Герасимовым;

▪️В Кремле видели информацию в СМИ о возможных президентских выборах на Украине, но официальных заявлений об этом не было;

▪️Легитимность Зеленского стоит под серьезным вопросом с точки зрения права;

▪️Надежная безопасность РФ и ее национальных интересов будет гарантирована, это не должно вызывать сомнений;

▪️Эскалация ЕС по отношению к РФ вынуждает Москву планировать дополнительные меры по обеспечению безопасности страны;

▪️РФ продолжит усиливать давление на киевский режим, чтобы достигнуть поставленных целей;

▪️Эскалация ЕС по отношению к РФ усугубляет и без того накаленную напряженность в Европе;

▪️РФ не может закрывать глаза на то, что Европа вступила на путь милитаризации и посвящает себя конфронтации с Москвой;

▪️Кремль не имеет информации, стоит ли ожидать финализации договоренностей РФ и КНР по ""Силе Сибири — 2"" на ВЭФ, это корпоративный процесс.

[**Два майора **](https://t.me/dva_majors)**✨****  **[**Два майора в МАХ**](https://max.ru/dva_majors)",81652,92,122,0,0,
2026-07-02 10:07:06,ngp_razvedka,25755,https://t.me/ngp_razvedka/25755,"Где вы этого нахватались?
Откуда взялась эта порочная логика, с которой бегает 1% неуравновешенных по всему рунету?

Какой рецепт победы вы предлагаете: немедленно перестать воевать, и тогда украинчики внезапно отрастят волевые руки вместо пушистых лапок и свергнут Зеленского?
А может быть западная элита снесет того, кого старательно вскормила и кто ее ПОЛНОСТЬЮ устраивает?
Быть может на западную элиту надавит их народ, ведь там демократия? Надавит тот самый народ, который боится включить в 41 градусную жару кондиционер, кормит неработающих маргиналов со всей планеты, покорно соглашается с тем, что развращают их детей и подвергают бесчеловечным экспериментам с сознанием, идентичностью и так далее?

Мы уже даже не говорим о том, что удары планируются долго и кропотливо, ещё до всяких Монако, что их нанесение имеет стратегическую целесообразность в определенный момент времени, пока условные ракеты не перевезли с завода на склад, и потому отменить что-то из-за фантазий о политическом крахе Зеленского ничего нельзя. 

Просто спрашиваем о самом элементарном, что по вашему должно сместить Зеленского и для чего Западу это делать?
В конце-концов в чем российский интерес политического перехода власти от одного украинского узурпатора к другому?
В этом есть интерес некоторых украинских элит, а именно олигархата, но почему мы должны учитывать интересы украинских олигархов?

✈️ [НгП раZVедка](https://t.me/NgP_raZVedka) 🦇 [ДРГ в МАХ](https://max.ru/NgP_raZVedka) 📲",17135,31,88,0,1,photo
2026-07-02 10:28:04,rybar,81465,https://t.me/rybar/81465,,150777,101,,0,1,document
2026-07-02 10:28:04,rybar,81464,https://t.me/rybar/81464,,154713,101,,0,1,document
2026-07-02 10:28:04,rybar,81463,https://t.me/rybar/81463,,152695,102,,0,1,document
2026-07-02 10:28:04,rybar,81462,https://t.me/rybar/81462,,150074,101,,0,1,photo
2026-07-02 10:28:04,rybar,81461,https://t.me/rybar/81461,"📝**Ночной удар**📝 

Российские войска нанесли комбинированный удар по объектам противника по всей территории т.н. Украины. Основное количество прилетов пришлось на **Киев**.

Как и в [предыдущий](https://t.me/rybar/81081) массированный налет, российские войска задействовали широкую номенклатуру боеприпасов, включая крылатые ракеты, а также гиперзвуковой «Циркон». Мониторинговые ресурсы также отмечали пуски «Бандеролей».

➡️Согласно заявлению Минобороны России, основными целями комбинированной атаки стали объекты военно-промышленного комплекса, задействованные для производства БЛА и ракет. В числе заявленных целей «Радионикс», «АТЛОН АВИА», ГП «Антонов» и еще несколько предприятий.

➡️При этом удары были нанесены и по топливно-энергетической инфраструктуре **Киева**. Одной из заявленных целей Минобороны в этом секторе стал склад горюче-смазочных материалов «Киев-3». 

Вследствие повреждения неназванных объектов энергетики часть **Киева** осталась без света. На фоне отсутствия напряжения в сети, в городе отменено несколько маршрутов электротранспорта.

❗️Информация о поражении объектов продолжает поступать. Власти уже заявили, что удар оказался самым масштабным. Однако стоит учитывать, что противник стабильно [преувеличивает ущерб ](https://t.me/rybar/81358)инфраструктуре, а также акцентирует внимание на сопутствующем ущербе.

📌Комбинированный удар эффективен тем, что позволяет значительно перегрузить систему противовоздушной обороны. Однако ошибочно считать, что пораженные цели уничтожены. 

По мере получения дополнительных данных для усиления эффекта будет целесообразно **повторить атаку через пару дней**, а возможно, даже в ближайшее время.
#Киев #Россия #Украина
✈️ [**RU**](https://t.me/rybar) | ✈️ [**EN**](https://t.me/rybar_in_english) | ✉️ [**MAX**](https://max.ru/Rybar)

✉️ [**VK**](https://vk.com/rybar_force) | ✉️ [**RuTube**](https://rutube.ru/u/rybar/) | ✉️ [**ОК**](https://ok.ru/group/70000041986659) | ✉️ [**Дзен**](https://dzen.ru/rybar)

💸 [**Поддержать нас**](https://qr.nspk.ru/BS1A0068ID10D33B9IBAQRQ4M9T0NIFN?type=01&bank=100000000008&crc=36CB)",146190,102,,0,1,document
2026-07-02 10:29:58,dva_majors,95514,https://t.me/dva_majors/95514,,86862,79,,0,1,photo
2026-07-02 10:29:58,dva_majors,95513,https://t.me/dva_majors/95513,,88902,78,,0,1,photo
2026-07-02 10:29:58,dva_majors,95512,https://t.me/dva_majors/95512,,91320,80,,0,1,photo
2026-07-02 10:29:58,dva_majors,95511,https://t.me/dva_majors/95511,,87717,79,,0,1,photo
2026-07-02 10:29:58,dva_majors,95510,https://t.me/dva_majors/95510,,86578,81,,0,1,photo
2026-07-02 10:29:58,dva_majors,95509,https://t.me/dva_majors/95509,,83507,82,,0,1,photo
2026-07-02 10:29:58,dva_majors,95508,https://t.me/dva_majors/95508,,79658,83,,0,1,photo
2026-07-02 10:29:58,dva_majors,95507,https://t.me/dva_majors/95507,,79819,79,,0,1,photo
2026-07-02 10:29:58,dva_majors,95506,https://t.me/dva_majors/95506,,77810,80,,0,1,photo
2026-07-02 10:29:58,dva_majors,95505,https://t.me/dva_majors/95505,"**Рубрика «Будни солдата».  
 
**Разбавим ленту фронтовыми котиками! 
—
Фронтовики, можете присылать нам фотографии/видео вашего быта: @media_front_bot, и мы их опубликуем (и отредактируем).

[**Два майора**](https://t.me/dva_majors)** **✨ [**Два майора в МАХ**](https://max.ru/dva_majors)",78562,79,12,0,1,photo
2026-07-02 10:34:00,wargonzo,35243,https://t.me/wargonzo/35243,"**«Оппонент не расслаблен — приходится побегать»: Оператор БПЛА — о выставлении, креативе и цене ошибки**

«Хантер» — бывший снайпер, а теперь оператор ударных дронов из группы «Пресса» спецназа «Ахмат» МО РФ рассуждает о том, как за три года война изменилась до неузнаваемости. Снайпером он был недолго, но уже тогда понял: классические военные специальности уходят в прошлое, уступая место технологиям. Теперь он видит цель через экран, а не через прицел. И главное отличие от многих других направлений, говорит он, — ты хотя бы видишь, что сделал. Результат — не абстракция, а конкретика: подавил точку — помог своим.

Оператор БПЛА — он же техник, наводчик и разведчик в одном лице. Система доведена до автоматизма, но расслабляться нельзя: противник разный, места разные, а от твоей работы зависят штурмовые группы. Самое сложное — даже не поражение цели, а передислокация и выставление, особенно когда оппонент бдит. Всё остальное — по накатанной. 

Полный репортаж корреспондента проекта @wargonzo [Ульяны Стриж](http://t.me/ulianaStrizh), снятый специально для «Первого канала», смотрите уже сегодня вечером на наших площадках.

[**👉🏻 Смотреть видео в MAX**](https://max.ru/WarGonzo/AZ8iaTWCVt8)

@wargonzo",25931,13,,0,1,document
2026-07-02 10:54:54,epoddubny,27998,https://t.me/epoddubny/27998,"Более 240 тысяч человек уже подписались на наш канал в МАКС. Благодарим за поддержку каждого читателя и дружеские каналы. Присоединяйтесь ➡️
https://max.ru/epoddubny/AZ8idUP7AE0",29627,6,0,0,1,webpage
2026-07-02 11:03:01,rusich_army,30168,https://t.me/rusich_army/30168,,36437,30,,0,1,photo
2026-07-02 11:03:01,rusich_army,30167,https://t.me/rusich_army/30167,"✍️**Память о «Щите» будет жить вечно. **

Нашему админу, [Егору «Щит» Капинскому](https://t.me/rusich_army/18510) установили памятник на могилу. 

Все его помнят и знают, он был светлым и добрым человеком, настоящим боевым братом и боевым офицером! 

__Со святы́ми упоко́й, Христе́, ду́шу раба́ Твоего́ Георгия, иде́же не́сть боле́знь, ни печа́ль, ни воздыха́ние, но жи́знь безконе́чная.__

Быть Воином - Жить вечно!

🤙[Архангел Спецназа](https://t.me/rusich_army)!

❗️🤙 [Если не грузит видео - смотрите у нас в MAX](https://max.ru/arx_spn)",73641,30,63,0,1,photo
2026-07-02 11:19:07,dva_majors,95515,https://t.me/dva_majors/95515,"Чтобы быть поближе к молодёжи в следующий раз ВС России могут запустить по врагу 67 ракет

🔹Реакция в интернете старых генералов удивит😂

[Блокнот пропагандиста](http://t.me/designersmil)",98848,162,35,0,0,
2026-07-02 11:19:41,rybar,81466,https://t.me/rybar/81466,"📝**Фронт без передышки****📝**

Союзные силы Армии Мали и Африканского корпуса ведут операции одновременно в десяти с лишним районах, срывая подготовку крупных наступлений и вынуждая боевиков распылять ресурсы.

➡️ Почему наступление «Джамаат Нусрат аль-Ислам валь-Муслимин» забуксовало и куда группировка перенаправила удары — разобрали [на нашем канале в **MAX**](https://max.ru/Rybar/AZ8ifgzrV6o).

❗️Подписывайтесь, чтобы не пропустить другие эксклюзивные материалы.",144739,16,,0,1,webpage
2026-07-02 11:21:03,dva_majors,95517,https://t.me/dva_majors/95517,,89038,371,,0,1,document
2026-07-02 11:21:03,dva_majors,95516,https://t.me/dva_majors/95516,"**Последствия ударов по украинским АЗС:**

Люди закупаются бензином. Проблемы ощущаются в Сумах, Харькове, Днепропетровске.

✨В ответ - ннна!

[**Два майора **](https://t.me/dva_majors)**✨****  **[**Два майора в МАХ**](https://max.ru/dva_majors)",88465,371,94,0,1,document
2026-07-02 11:44:00,rybar,81467,https://t.me/rybar/81467,"📝**Топливо всему голова**📝
__Как американцы готовятся к конфликту с Китаем?__

Азиатско-Тихоокеанский регион сложно представить без постоянного **американского** присутствия. Сеть союзников и военных баз позволяет американцам находиться в нескольких местах одновременно, по крайней мере, с точки зрения **сдерживания** стран, которые в США считают угрозами. 

Впрочем, и про подготовку к потенциальным боевым действиям американцы не забывают. И речь идет не столько о росте именно военных возможностей, сколько о **логистических хабах**, которые и будут поддерживать операции США в регионе. В первую очередь это касается **топливной инфраструктуры. **

В последнее время все чаще фиксируются попытки расширить ее за счет союзников. Так, например, топливные резервуары уже построены в австралийской бухте **Дарвина**. Не забыли в США и про соседнюю **Папуа-Новую Гвинею**, вложив в похожий проект приличные деньги — он сейчас реализуется в **Порт-Морсби.** 

В США также ищут подрядчика, который бы построил инфраструктуру для хранения топлива в филиппинском **Давао**, расположенном рядом с морем Сулавеси. Новая точка заправки добавляется к уже существующему коммерческому объекту, находящемуся в **бухте** **Субик**. 

🖍Таким образом, американцы создают удобные логистические пути, необходимые для дозаправки военных кораблей, действующих в регионе. Причем делают это с оглядкой на **Китай**, уводя новые объекты подальше от китайского присутствия в Южно-Китайском море, которое может представлять риск для ВМС США. 

❗️Главная же особенность такого подхода — **децентрализация**, то есть потенциальный удар Китая по одному топливному резервуару хоть и ограничит потенциал ВМС США, но не лишит возможности проводить дозаправку, что необходимо для продолжительных операций в регионе в рамках возможного военного конфликта.

[**Карта в высоком разрешении**](https://i.ibb.co/27Vr2x4q/image.jpg)**

**[**English version**](https://i.ibb.co/zVq3KX2H/EN.jpg)

#Австралия #Китай #США #ПапуаНоваяГвинея #Филиппины 
🏮@rybar_pacific — твой билет в тихоокеанскую неразбериху 

💸 [**Поддержать нас**](https://qr.nspk.ru/BS1A0068ID10D33B9IBAQRQ4M9T0NIFN?type=01&bank=100000000008&crc=36CB)",142743,34,,1,1,photo
2026-07-02 11:51:50,dva_majors,95520,https://t.me/dva_majors/95520,,83929,80,,1,1,photo
2026-07-02 11:51:50,dva_majors,95519,https://t.me/dva_majors/95519,,89629,80,,1,1,photo
2026-07-02 11:51:50,dva_majors,95518,https://t.me/dva_majors/95518,"⚡️ **Дроны атаковали российское посольство в Швеции.**

Один квадрокоптер сбросил на территорию дипмиссии контейнер с красной краской. Второй – с муляжом самодельного взрывного устройства – упал близко от здания посольства.

__""Последнее обстоятельство говорит о том, что мы имеем дело не просто с провокацией, а с откровенной попыткой запугивания сотрудников российской миссии. На это скажем прямо - не получится"", - заявили в дипмиссии.__

🎯 @opersvodki
💬 [ОС в MAX](https://max.ru/opersvodki)",82393,80,19,1,1,photo
2026-07-02 11:59:39,dva_majors,95521,https://t.me/dva_majors/95521,"❗️❗️ВСУ атаковали дроном пассажирский автобус Минск-Анапа на ⚡️погранпереходе ""Красный камень"" в Брянской области на границе🇷🇺 России и Беларуси🇧🇾, - пишет МЭШ

Внутри были 12 пассажиров и два водителя, пострадали два человека. Погранпереход сейчас закрыт, образовалась пробка, в которой стоят автомобили и автобусы.

[**Два майора **](https://t.me/dva_majors)**✨****  **[**Два майора в МАХ**](https://max.ru/dva_majors)",90455,398,181,0,1,photo
2026-07-02 12:01:00,rusich_army,30172,https://t.me/rusich_army/30172,,36279,29,0,1,1,photo
2026-07-02 12:01:00,rusich_army,30171,https://t.me/rusich_army/30171,,36664,29,0,1,1,photo
2026-07-02 12:01:00,rusich_army,30170,https://t.me/rusich_army/30170,,37342,29,0,1,1,photo
2026-07-02 12:01:00,rusich_army,30169,https://t.me/rusich_army/30169,"Сегодня бренд **«СВОД»** открывает продажи первой лимитированной футболки, посвящённой **ГОСТОМЕЛЬСКОМУ ДЕСАНТУ**.

Коллекция создана при поддержке проекта «Архангел Спецназа» и выпущена ограниченным тиражом. Данный дизайн ранее нигде не выпускался и больше повторяться не будет.

Размеры:
• M
• L
• XL
• 2XL

Стоимость футболки — 2 500 рублей.

При заказе от 10 футболок действует скидка 10%.

📦 Оформить заказ можно:
• в нашем боте — @SVODSHOPbot
• либо написать нам напрямую — @svodshop

Спасибо каждому, кто поддерживает наш проект.",75427,29,0,1,1,photo
2026-07-02 12:02:00,wargonzo,35244,https://t.me/wargonzo/35244,"**Литва рассматривает отмену запрета на размещение ядерного оружия**

В Литве обсуждается инициатива по изменению конституционной нормы, запрещающей размещение оружия массового поражения, включая ядерное. Министр обороны страны поддержал идею пересмотра этого положения, указав, что действующий запрет может не соответствовать текущей геополитической реальности.

При этом он подчеркнул, что речь не идёт о размещении ядерного оружия в мирное время.

«Никто не говорит о размещении какого-либо оружия массового поражения в Литве в мирное время. Однако мы являемся частью оборонного альянса НАТО. НАТО обладает ядерным потенциалом как для сдерживания, так и для обороны», — заявил министр.

Президент Литвы Гитанас Науседа также заявил, что значительная часть парламентских фракций считает конституционный запрет устаревшим и поддерживает его пересмотр.

Напомним, параллельно в Финляндии вступили в силу изменения законодательства, касающиеся обращения с ядерным оружием. С 1 июля начали действовать поправки в закон об атомной энергии, которые отменяют запрет на ввоз, изготовление, хранение и использование ядерного оружия на территории страны.

Ранее президент Александер Стубб заявлял, что Финляндия сохраняет приверженность ядерному разоружению, однако оставляет за собой право самостоятельно принимать решения в сфере ядерной политики.

После принятия поправок в Кремле заявляли, что подобный шаг будет расцениваться как прямая угроза безопасности.

👉🏻 [Присоединяйтесь к WarGonzo в MAХ](https://max.ru/WarGonzo)",24156,25,,0,1,photo
2026-07-02 12:11:13,sashakots,62774,https://t.me/sashakots/62774,"Глядя на европейское перевооружение, нужно осознавать одну простую вещь. Они стремятся максимально долго продлить сопротивление хохла в первую очередь потому, что осознают недостаточность своих арсеналов и своих усилий по переоснащению войск для возможной войны с Россией.

Украина сейчас имеет больше брони, артиллерии, ПВО и ракетных установок чем любая другая страна Европы, кроме Польши разве что – пушек и танков у поляков больше. Для всех остальных, война украинского масштаба закончится за месяц, в ходе которого сгорит в «килл-зоне» оставшийся арсенал, после чего останется сушить весла, памятуя, что в возможной войне с НАТО Россия явно не станет сдерживать себя в выборе целей, как и оружия. Поэтому остается снабжать дронами хохла и надеяться, что мы устанем раньше, чем хохол кончится.  

Самым интересным будет потом разбирать, куда в итоге денутся те огромные деньги, которые предназначены для перевооружения европейских армий, например, сто миллиардов евро из специального немецкого фонда. Налицо траты пока в основном у уже помянутых поляков, и то, если присмотреться, то параметры своей армии они измеряют не по задаче «повоевать с Россией» а по задаче «быть сильнее Германии». По самолетам с кораблями пока не очень, но стараются явно.

[Старше Эдды в Мах](https://max.ru/vysokygovorit)",21779,56,,1,0,
2026-07-02 12:31:22,rusich_army,30173,https://t.me/rusich_army/30173,,75595,16,15,0,1,document
2026-07-02 12:37:01,epoddubny,27999,https://t.me/epoddubny/27999,"ВСУ атаковали пассажирский автобус Минск — Анапа. Удар дроном был нанесён на погранпереходе ""Красный камень"" в Брянской области. По предварительным данным, в салоне автобуса находились 12 пассажиров и два водителя. Два человека получили травмы, – сообщают белорусские СМИ. 

[Подпишись ТГ](https://t.me/epoddubny) / [Подпишись МАХ](https://max.ru/epoddubny)",28128,82,0,0,0,
2026-07-02 12:37:44,sashakots,62775,https://t.me/sashakots/62775,"Удары по Киеву. Взгляд из первого ряда

Большое панорамное видео объективного контроля от американцев, спасибо им.

Что у противника с последствиями.

Электричество. Обесточены пять областей: Киев, Сумская, Донецкая, Харьковская, Запорожская. Тяжелее всего — на Сумщине, там без света остался максимум абонентов. ДТЭК на 2 июля объявил в Киеве и области почасовые отключения с 17:00 до 22:00. Плюс на «Укрэнерго» ложится летний пик — жара, кондиционеры, обвал импорта из Молдовы, Румынии, Словакии и Венгрии. По оценке главы союза потребителей коммунальных услуг Попенко, летние отключения могут доходить до шести-восьми часов в сутки.

Вода. Одесса. После аварийного обесточивания встал водоканал — Приморский и Хаджибейский районы остались без воды, в Киевском — упало давление. По четырём адресам город гоняет водовозки. Сроков восстановления «Инфоксводоканал» не называет. Параллельно украинские водоканалы поднимают тариф на 100–150 процентов — это уже не про войну, это про то, во что при Зеленском превращается коммуналка мирного тыла.

Связь. Vodafone Украина официально предупредил абонентов: после ночного удара по инфраструктуре сыплется фиксированный домашний интернет, не работают пополнение счёта и контакт-центр. Мобильная сеть держится только за счёт резерва на базовых станциях — до тех пор, пока не сядут аккумуляторы. Отдельный сюжет дня в киевской ленте — жалобы горожан, что «в бомбоубежищах нет интернета, это давит на психику». 

[Подпишись на Коца в МАКС](https://max.ru/kots).

@sashakots",25663,169,,0,1,document
2026-07-02 12:45:23,rusich_army,30174,https://t.me/rusich_army/30174,,82601,12,15,0,1,document
2026-07-02 12:51:36,dva_majors,95522,https://t.me/dva_majors/95522,"**Брянская область, губернатор:**

Украинские террористы с помощью БпЛА самолетного типа атаковали [**пассажирский туристический автобус** ](https://t.me/dva_majors/95521)на границе с Республикой Беларусь, в Злынковском районе Брянской области. Автобус следовал из Минска в Анапу.

В результате целенаправленного украинского удара по гражданским лицам осколочные ранения  получили два водителя автобуса. На место незамедлительно прибыла медицинская бригада, была оказана необходимая помощь. 

С пассажирами в пункте временного размещения работали психологи. Было обеспечено горячее питание. 

Граждане Беларуси перевезены в Гомельскую область. Шестеро россиян находятся в ПВР, где созданы все необходимые условия.

[**Два майора **](https://t.me/dva_majors)**✨****  **[**Два майора в МАХ**](https://max.ru/dva_majors)",85754,108,92,0,1,webpage
2026-07-02 13:00:55,sashakots,62776,https://t.me/sashakots/62776,"Русские флаги над Пискуновкой


Подразделения группировки войск «Южная» в ходе наступления освободили населённый пункт Пискуновка Донецкой Народной Республики. Об этом в сводке сообщает Минобороны.

Пискуновка — село Николаевской городской общины Краматорского района ДНР, крохотный н.п. с довоенным населением менее двух десятков человек, стоящее на правом берегу Северского Донца, у границы степного заповедника «Меловая флора». 

Расположено примерно в 15 километрах восточнее Славянска, в 4 километрах от Николаевки и в 2 километрах от Малой Пискуновки, об освобождении которой было объявлено 16 июня. Продвижение к Пискуновке вели подразделения 3-й общевойсковой армии — та же 7-я гвардейская мотострелковая Чистяковская бригада, что двумя неделями ранее заняла Малую Пискуновку и открыла движение вдоль южного берега Донца. В полосе ответственности «Южной» группировки за минувшие сутки противник потерял до 155 военнослужащих, три бронемашины, шесть орудий полевой артиллерии и станцию радиоэлектронной борьбы.

Тактически Пискуновка замыкает связку Малая Пискуновка — Пискуновка — Стародубовка вдоль правого берега Северского Донца. Дальше по логике — сама Стародубовка и охват Николаевки с севера, вдоль русла. Николаевка — северо-восточные ворота Славянско-Краматорской агломерации: через неё замыкается кольцо давления на Славянск с востока. 

Параллельно «Южная» продолжает грызть дугу Рай-Александровка — Малиновка — Дружковка южнее, а на константиновском фасе идёт зачистка юго-запада города. Пискуновка — верхняя, «речная» точка этого общего давления.

Сегодня Пискуновка, до этого Малая Пискуновка и Стародубовка. Дальше — Николаевка.

[Подпишись на Коца в МАКС](https://max.ru/kots).

@sashakots",103364,105,,0,1,document
2026-07-02 13:03:00,wargonzo,35245,https://t.me/wargonzo/35245,"**Обратный адрес для вражеских дронов: как работают с трофеями в «Ахмате»**

Группа «Пресса» спецназа «Ахмат» МО РФ работает на передовой без выходных. Командир подразделения рассказывает, почему его бойцы возвращаются даже после тяжёлых ранений: 

«Пацаны просто радеют за дело».

Единственное соревнование здесь — охота на вражеские дроны. Не ради спортивного интереса, а чтобы изучить технику противника и научиться её подавлять.

Главный трофей — не тот, который крупный или дорогой. А тот, который не удалось сбить и он пролетел над позициями. Если дрон прошёл — значит, его не подавили. Тогда в дело вступают стрелки. Сбивают, забирают, разбирают. А потом отправляют обратно. Таскать с собой чужую технику смысла нет: она занимает место, а главное — изучена, и теперь понятно, как с ней работать. 

Полный репортаж корреспондента проекта @wargonzo [Ульяны Стриж](http://t.me/ulianaStrizh), снятый специально для «Первого канала», смотрите уже сегодня вечером на наших площадках.

👉🏻 [**Смотреть видео в MAX**](https://max.ru/WarGonzo/AZ8i6CTAZwQ)

@wargonzo",23607,10,,0,1,document
2026-07-02 13:03:16,rusich_army,30175,https://t.me/rusich_army/30175,"😎 **Закошмарили**

Охота в самом разгаре и вот целая группа ВСУшников бегает по лесочку от нашего дрона. Оператор терпеливо выждал момент, когда можно будет поразить кабанчика и сделал это при первой же возможности. 

🤙[Архангел Спецназа](https://t.me/rusich_army)!

❗️🤙 [Если не грузит видео - смотрите у нас в MAX](https://max.ru/arx_spn)",76289,13,8,0,1,document
2026-07-02 13:04:54,ngp_razvedka,25758,https://t.me/ngp_razvedka/25758,,12186,79,,0,1,document
2026-07-02 13:04:54,ngp_razvedka,25757,https://t.me/ngp_razvedka/25757,,12180,80,,0,1,document
2026-07-02 13:04:54,ngp_razvedka,25756,https://t.me/ngp_razvedka/25756,"Спасибо, значит на этих локациях ещё есть заправки. 

Виноваты, наша ошибка, не будет.

✈️ [НгП раZVедка](https://t.me/NgP_raZVedka) 🦇 [ДРГ в МАХ](https://max.ru/NgP_raZVedka) 📲",12181,80,38,0,1,document
2026-07-02 13:07:32,epoddubny,28000,https://t.me/epoddubny/28000,"Глядя на европейское перевооружение, нужно осознавать одну простую вещь. Они стремятся максимально долго продлить сопротивление хохла в первую очередь потому, что осознают недостаточность своих арсеналов и своих усилий по переоснащению войск для возможной войны с Россией.

Украина сейчас имеет больше брони, артиллерии, ПВО и ракетных установок чем любая другая страна Европы, кроме Польши разве что – пушек и танков у поляков больше. Для всех остальных, война украинского масштаба закончится за месяц, в ходе которого сгорит в «килл-зоне» оставшийся арсенал, после чего останется сушить весла, памятуя, что в возможной войне с НАТО Россия явно не станет сдерживать себя в выборе целей, как и оружия. Поэтому остается снабжать дронами хохла и надеяться, что мы устанем раньше, чем хохол кончится.  

Самым интересным будет потом разбирать, куда в итоге денутся те огромные деньги, которые предназначены для перевооружения европейских армий, например, сто миллиардов евро из специального немецкого фонда. Налицо траты пока в основном у уже помянутых поляков, и то, если присмотреться, то параметры своей армии они измеряют не по задаче «повоевать с Россией» а по задаче «быть сильнее Германии». По самолетам с кораблями пока не очень, но стараются явно.

[Старше Эдды в Мах](https://max.ru/vysokygovorit)",21884,28,0,1,0,
2026-07-02 13:10:22,dva_majors,95523,https://t.me/dva_majors/95523,"**Константиновка: направление сосредоточения основных усилий Армии России**

**Историческая справка:** 16 апреля 2014 года Константиновский городской совет во главе с секретарём Ю. Г. Разумным принял решение поддержать проведение 11 мая на территории Донецкой области референдума об учреждении **Донецкой Народной Республики. 

**В ночь на 4 мая украинские каратели начали проведение **""__антитеррористической операции__"" на территории города. В Константиновке высадился десант из 2-х вертолётов**. Произошёл бой возле телевышки, было применено тяжёлое вооружение. Около 20:30 исчезли все украинские телевизионные каналы. В результате боя оборудование телевышки полностью вышло из строя. 

**После** отхода 5 июля 2014 года ополчения из **Славянска** ВСУ предприняли 5—6 июля **наступление**, в ходе которого заняли Константиновку, вернув её под контроль Украины. Над зданием городской администрации был водружена жовто-блакитная тряпка.

Во время проведения ""АТО"" Константиновка стала одним из главных укрепрайонов ВСУ. Позиции заливались специализированным железобетоном, более устойчивому к обстрелам, город до 2022 года готовился к обороне. На момент 2022 года в нем проживало 78 179 человек.

✨Сегодня ВС России ведут бои за Константиновку, ежедневно сообщая о количестве освобожденных зданий. Дальнейшие боевые действия прогнозируемо развернутся за Дружковку, Краматорск и Славянск. С севера и востока наши войска ведут наступательные действия, завершая штурм Красного Лимана и взяв не так давно Рай-Александровку.

Главная наступательная операция 2026 года в самом разгаре. Идут тяжелые бои.

[**Два майора **](https://t.me/dva_majors)**✨****  **[**Два майора в МАХ**](https://max.ru/dva_majors)",90938,113,17,0,1,photo
2026-07-02 13:17:01,epoddubny,28001,https://t.me/epoddubny/28001,"Британия сворачивает производство крылатой ракеты Storm Shadow, находившейся на вооружении порядка четверти века, и переключается на разработку более бюджетных ракет — в том числе для наращивания объёмов поставок вооружений Украине. Об этом сообщает издание UK Defence Journal со ссылкой на План оборонных инвестиций Королевства.

В рамках проекта Brakestop Министерство обороны Британии провело серию испытаний перспективных ракетных систем. Согласно техническому заданию, новые образцы должны соответствовать ряду параметров: дальность — не менее 500 км, масса боевой части — 225 кг, скорость — свыше 600 км/ч, стоимость — не более 400 тысяч фунтов стерлингов (для сравнения: цена ракеты Storm Shadow достигает примерно 2,1 миллиона фунтов без учёта боеголовки). При этом выпуск ракет нового типа планируется на уровне не менее 20 единиц в месяц.

Тестовые пуски состоялись на Гебридских островах. По итогам испытаний в финальную стадию вышли три образца:

– Crossbow (разработчик — MBDA UK) ракета с турбореактивным двигателем и автономной системой визуальной навигации, расчётная дальность — 800 км;

– TigerShark (разработчик — MGI Engineering) заявленная дальность полёта — 900 км;

– SkyLance (разработчик — Rotron Aerospace) дальность до 1200 км благодаря использованию пропеллерного двигателя.

По словам представителя британского правительства, с конца 2024 года применение ракет Storm Shadow периодически оказывалось затруднено из‑за зависимости от американских компонентов — в частности, систем наведения, а также необходимости использовать данные из США для корректировки траектории их полёта. 

Одним из преимуществ новых разработок, например ракеты Crossbow, является полная автономность в части навигации: она оснащена собственной системой визуальной ориентации и якобы не включает в себя комплектующие американского производства.

[Подпишись ТГ](https://t.me/epoddubny) / [Подпишись МАХ](https://max.ru/epoddubny)",27654,53,0,0,0,
2026-07-02 13:30:18,rybar,81468,https://t.me/rybar/81468,"📝**Архитектура контроля**📝
__Как США пытаются ограничивать технологии ИИ__

Экспортный контроль Соединенными Штатами в сфере искусственного интеллекта давно перестал быть узкой темой для инженеров и юристов по санкциям — сейчас это один из главных инструментов геополитической конкуренции и регулярная тема для СМИ. 

Система, которую США строили с 2022 года, прошла путь от простых ограничений на поставку чипов Nvidia в Китай до попытки контролировать само программное обеспечение, и на этом пути обнажились три фундаментальные проблемы — технические лазейки, растущее раздражение союзников и стремительное развитие китайских альтернатив.

🔻Показательнее всего эта эволюция видна в истории с Anthropic. 

▪️12 июня 2026 года Минторг США впервые применил положения Export Control Reform Act не к чипам, а к самой модели: секретарь Говард Лютник [направил](https://t.me/rybar_america/1583) компании директиву о немедленной приостановке доступа к моделям Fable 5 и Mythos 5 для всех иностранных пользователей, сославшись на риск использования разведками Китая и России. 

▪️У Anthropic не было технической возможности выборочно отключить только зарубежных клиентов, поэтому компания заблокировала модели для всех пользователей по всему миру — и лишь через 19 дней ограничения [сняли](https://t.me/rybar_america/1736), но взамен Anthropic согласилась заранее уведомлять правительство о новых моделях и проводить совместное тестирование. 

▪️По сути это первый прецедент добровольно-принудительного регулирования выпуска топовых моделей, и, что важно, **механизм не отменён** — правительство теперь обладает опробованной доктриной, применимой к **любой другой компании.**

▪️Реакция союзников на инцидент с Anthropic оказалась острее, чем ожидал Вашингтон. Макрон назвал директиву «националистической» мерой, канадский премьер Карни заговорил о необходимости диверсификации зависимостей, а в Евросоюзе это назвали прямой дискриминацией партнёров. Вот только вряд ли у __партнеров__ есть выбор, инвестировать в американские чипы все равно придется.

🖍Пока в Вашингтоне затыкают одну дыру, закрывая всем доступ к передовым моделям ИИ, тут же открывается другая. Самое уязвимое место всей системы — **облачный доступ:** ограничения на физические поставки чипов не мешают арендовать те же вычислительные мощности через AWS, Microsoft Azure или Google Cloud в офшорных дата-центрах, и **китайские компании этим активно пользовались**, получая доступ к запрещённым чипам Blackwell через площадки в Малайзии. 

🚩Палата представителей в январе 2026 года приняла Remote Access Security Act, приравнивающий аренду GPU к прямой поставке, но законопроект **до сих пор ждёт голосования** в Сенате, а параллельно появляется ещё один — Cloud Security Act, дающий провайдерам право добровольно сообщать о подозрительной активности. **Каждая закрытая брешь порождает новую**: разграничение юрисдикций, статус дата-центров в третьих странах, процедуры проверки клиентов.

📌**Китай** пока остаётся единственным игроком, которому действительно удалось создать **конкурентоспособную альтернативу** — модели вроде DeepSeek и Qwen в принципе не поддаются экспортному контролю, их можно скачать и развернуть локально без каких-либо технических следов происхождения, и это уже привело к тому, что **часть американских компаний сама переходит на китайские открытые модели ради экономии.**

❗️Из этого складывается довольно жёсткая логика: американский контроль над ИИ работает как система рубильников — но каждый раз, когда рубильник щёлкает, кто-то на другом конце уже строит обходной путь, будь то офшорный дата-центр, открытая китайская модель или собственный суверенный стек. 

Поэтому вопрос следующих лет не в том, удастся ли США удержать технологическое лидерство, а в том, сколько союзников и конкурентов решат, что **цена зависимости от американской инфраструктуры перестала окупаться**.
#ИИ #США #Китай
**✈️**** **[**RU**](https://t.me/rybar)** | ****✈️**** **[**EN**](https://t.me/rybar_in_english)** | ****✉️**** **[**MAX**](https://max.ru/Rybar) 

✉️ [**VK**](https://vk.com/rybar_force) | ✉️ [**RuTube**](https://rutube.ru/u/rybar/) | ✉️ [**ОК**](https://ok.ru/group/70000041986659) | ✉️ [**Дзен**](https://dzen.ru/rybar)

**💸**[**Поддержать нас**](https://qr.nspk.ru/BS1A0068ID10D33B9IBAQRQ4M9T0NIFN?type=01&bank=100000000008&crc=36CB)",151779,62,,0,1,photo
2026-07-02 13:32:35,dva_majors,95524,https://t.me/dva_majors/95524,"**Выход к Славянско-Краматорской агломерации**

Сегодня Минобороны России официально заявило об успехе в Пискуновке на Славянском направлении, продемонстрировав кадры из села с нашими военнослужащими.

✨Зачастую это может указывать на инфильтрацию передовых штурмовых групп в условиях взаимопроникновения позиций. Тем не менее, поступательное продвижение после взятия Рай-Александровки отрицать не могут даже каналы противника.

[**Два майора **](https://t.me/dva_majors)**✨****  **[**Два майора в МАХ**](https://max.ru/dva_majors)",86591,75,22,0,1,photo
2026-07-02 13:39:42,vysokygovorit,23241,https://t.me/vysokygovorit/23241,"Русские флаги над Пискуновкой


Подразделения группировки войск «Южная» в ходе наступления освободили населённый пункт Пискуновка Донецкой Народной Республики. Об этом в сводке сообщает Минобороны.

Пискуновка — село Николаевской городской общины Краматорского района ДНР, крохотный н.п. с довоенным населением менее двух десятков человек, стоящее на правом берегу Северского Донца, у границы степного заповедника «Меловая флора». 

Расположено примерно в 15 километрах восточнее Славянска, в 4 километрах от Николаевки и в 2 километрах от Малой Пискуновки, об освобождении которой было объявлено 16 июня. Продвижение к Пискуновке вели подразделения 3-й общевойсковой армии — та же 7-я гвардейская мотострелковая Чистяковская бригада, что двумя неделями ранее заняла Малую Пискуновку и открыла движение вдоль южного берега Донца. В полосе ответственности «Южной» группировки за минувшие сутки противник потерял до 155 военнослужащих, три бронемашины, шесть орудий полевой артиллерии и станцию радиоэлектронной борьбы.

Тактически Пискуновка замыкает связку Малая Пискуновка — Пискуновка — Стародубовка вдоль правого берега Северского Донца. Дальше по логике — сама Стародубовка и охват Николаевки с севера, вдоль русла. Николаевка — северо-восточные ворота Славянско-Краматорской агломерации: через неё замыкается кольцо давления на Славянск с востока. 

Параллельно «Южная» продолжает грызть дугу Рай-Александровка — Малиновка — Дружковка южнее, а на константиновском фасе идёт зачистка юго-запада города. Пискуновка — верхняя, «речная» точка этого общего давления.

Сегодня Пискуновка, до этого Малая Пискуновка и Стародубовка. Дальше — Николаевка.

[Подпишись на Коца в МАКС](https://max.ru/kots).

@sashakots",53113,32,,1,1,document
2026-07-02 13:49:22,sashakots,62779,https://t.me/sashakots/62779,,29911,225,,0,1,photo
2026-07-02 13:49:22,sashakots,62778,https://t.me/sashakots/62778,,30886,225,,0,1,photo
2026-07-02 13:49:22,sashakots,62777,https://t.me/sashakots/62777,"**В Киеве сгорел склад нацистского книгошлака **

Ночью прилёт в Киеве задел склад издательства BookChef. Сами издатели плачут: сгорела бóльшая часть из 800 тысяч книг. Полез смотреть, что именно там хранилось — и всё встало на свои места.

Начнём с адреса. Юридический офис BookChef — Киев, проспект Степана Бандеры, 8/16. Уже одно это — готовая эпитафия. Издательство имени Бандеры печатает книги про Бандеру на проспекте Бандеры.

Что горело:
▪️ «Степан Бандера: мифология украинской свободы» Игоря Загребельного. Прямая апология главаря ОУН — «проводника всей украинской нации».

▪️ «Национализм» Дмитрия Донцова. То самое главное произведение, которое на сайте BookChef рекламируют дословно так: «стал путеводной звездой для молодого поколения бойцов ОУН и УПА». Это они сами написали. Библия интегрального национализма — в открытой продаже как «база, без которой невозможна Великая Украина».

▪️ «УПА. История непокорённых» Владимира Вятровича. Того самого, что при Порошенко возглавлял Институт национальной памяти и на государственном уровне перекрашивал карателей в героев. Задача книги дословно: «увидеть в упорстве воинов УПА источник несгибаемости воинов ВСУ». Прямая связка: мясники Волыни → сегодняшние ВСУ.

▪️ «Заячий костёл» Василия Шкляра. Художественная реабилитация всей коллаборационистской интернационалки: литовец-эсэсовец бежит из советского лагеря, знакомится с бандеровцами, идёт с волынскими партизанами. Литовский полицай и украинский мясник — «братья по оружию».

▪️ «Око мира» — позиционируется как «первый в украинской литературе подростковый роман об УПА». Героизация карателей адресно упакована для детей.

▪️ «Антихрист. Том 3. Украина и Россия: война престолов» Василия Базива. Трёхтомник, где Россия названа «Ордой», «наследницей антихристианской Орды-России», а сегодняшняя война — «священной». Теологическая русофобия в трёх томах.

▪️ «Кнут и русские» Жермена де Ланьи. Переиздание французского памфлета XIX века про русских-варваров, живущих под кнутом.

▪️ «Философия украинской идеи» Оксаны Забужко — классика постколониального самолюбования.

▪️ Плюс методички НАТО про подготовку к войне с Россией, речи клоуна Зеленского, англоязычный экспорт про «оккупированный Россией Мариуполь» и посмертные жития боевиков ВСУ.

И вишенка. В том же каталоге — «Избранницы»: беллетристика про «красивых, беззаботных дам Рейха, жён влиятельных высокопоставленных лиц». Даже дамский роман — про эстетику нацистской верхушки.

800 тысяч экземпляров этого дерьма не поедут по школам, книжным сетям и библиотекам. Спасибо скажите.

@sashakots",28358,226,,0,1,photo
2026-07-02 14:07:51,rybar,81469,https://t.me/rybar/81469,"📝**День ветерана **📝
__на федеральный уровень__

Инициатива сделать [День ветеранов боевых действий](https://t.me/rybar/81433) федеральной памятной датой [прозвучала](https://www.kp.ru/online/news/7052128/) в Госдуме на фоне обращений от региональных ветеранских организаций — с таким предложением выступил начальник Главного штаба «Юнармии», Герой России Владислав Головин. 

По его словам, ветераны и их семьи живут во всех регионах страны, и было бы справедливо закрепить единую дату для всех россиян — сейчас памятные мероприятия проходят на региональном уровне, а федерального статуса у праздника пока нет.

📌Статус ветерана боевых действий за последние годы прошёл длинный путь от сравнительно небольшой группы участников чеченских войн, КТО на Кавказе и сирийского конфликта до символа, который сегодня понятен и близок практически каждой российской семье. 

СВО кардинально изменила восприятие этого статуса в обществе, и придание дате федерального уровня выглядит логичным продолжением этого сдвига — превращением локальной традиции в общегосударственный жест признания.
#ВСРФ #Россия
**✈**** **[**RU**](https://t.me/rybar)** | ****✈**** **[**EN**](https://t.me/rybar_in_english)** | ****✉**** **[**MAX**](https://max.ru/Rybar)

✉️ [**VK**](https://vk.com/rybar_force) | ✉️ [**RuTube**](https://rutube.ru/u/rybar/) | ✉️ [**ОК**](https://ok.ru/group/70000041986659) | ✉️ [**Дзен**](https://dzen.ru/rybar)

💸[**Поддержать нас**](https://qr.nspk.ru/BS1A0068ID10D33B9IBAQRQ4M9T0NIFN?type=01&bank=100000000008&crc=36CB)",137877,15,,0,1,webpage
2026-07-02 14:12:50,dva_majors,95525,https://t.me/dva_majors/95525,"**Херсонская область, губернатор: В прошедшие сутки из-за террористических атак киевского режима погиб один мирный житель, три человека получили ранения**

▪️ В **Новой Збурьевке** Голопристанского МО атака БПЛА унесла жизнь мужчины 1971 года рождения.

▪️ В **Днепрянах** Новокаховского ГО при ударе беспилотника ранения получил мужчина 1966 года рождения. Его госпитализировали в Новокаховскую ЦГБ.

▪️ В **Новой Збурьевке** Голопристанского МО в результате сброса боеприпаса с БПЛА пострадал мужчина 1962 года рождения. Доставлен в Скадовскую ЦРБ.

▪️В **Каховке** удар БПЛА привёл к ранению мужчины 1983 года рождения. Госпитализирован в Каховскую ЦРБ.

▪️ Повреждения инфраструктуры и имущества зафиксированы в **Великих Копанях, Великой Кардашинке, Горностаевке, Грушевке, Каланчаке, Каховке, Князе-Григорьевке, Любимовке, Новой Каховке, Новой Маячке, Питомнике, Приморском, Счастливом, Строгановке, Чаплинке и Червоном.**

▪️ __Без электроэнергии остаются Алешкинский, Великолепетихский, Верхнерогачикский, Голопристанский, Ивановский, Каланчакский, Каховский и Нижнесерогозский округа — **113 населённых пунктов**. Энергетики работают над скорейшим восстановлением электроснабжения.__

[**Два майора **](https://t.me/dva_majors)**✨****  **[**Два майора в МАХ**](https://max.ru/dva_majors)",84330,34,4,0,0,
2026-07-02 14:15:12,wargonzo,35246,https://t.me/wargonzo/35246,"**Самоубийца из Сухума или гробы на выбор
**[  ](https://dzen.ru/a/akTUI1Q8cGMax_ku)
__**Быль**

**Сергей Арутюнов**, специально для проекта __@wargonzo

В августе 2000 года Абхазский драмтеатр пригласили для участия в международном театральном фестивале в Болгарии «Сцена без границ». Инициаторы – московские друзья Абхазии, журналисты О. Дубинская и Д. Минченок. Ситуация была непростая: после того как банды Шеварднадзе и Китовани с треском изгнали за реку Ингур, никем не признанная республика находилась в условиях ельцинской блокады. Экономической и информационной. Жизнеобеспечение перекрыто, телефонная связь с родней и близкими невозможна. Через границу с РФ выпускали только женщин, мужчинам от 16 до 50 лет въезд-выезд был категорически закрыт. Трудно в это поверить: тогда на местах перехода специально созданные пункты поголовно всех проверяли на СПИД, обязывали сдать по двести граммов крови. Эдакий остров прокаженных на суше, этнографический заповедник. 

Двенадцать обидных и унизительных лет. В стране хорошо понимали всю ценность такого приглашения за рубеж. Только через культуру можно было рассказать о себе миру, приблизиться к признанию. Не очень уверенно, но решились поехать – поучаствовать. Глоток свежего воздуха был необходим. С помощью друзей в руководстве РФ и чуть ли не министра Примакова получили разрешение на поездку в другую страну. Везли свежую постановку режиссера Валерия Кове. Николай Эрдман — «Самоубийца». Перевод на абхазский. 

Главный герой пьесы, безработный обитатель коммуналки, разочаровался в жизни и решил покончить с собой. До этого момента на него никто не обращал внимания, зато теперь он стал важной фигурой. Нашлись те, кому его самоубийство оказалось выгодно. Одни предлагают герою стреляться ради любви; другие — ради религии; третьи - ради искусства. Устами мёртвого общество хочет сказать о том, что само выразить не способно. В итоге самоубийство прервал судьбоносный бой кремлёвских курантов. __(Может быть, подобный сигнал кого-нибудь и в Европе предостережет от ненужного суицида? Ред.) __Минималистичность постановки помогла артистам ярко показать взаимоотношения персонажей. Был готов уникальный спектакль, мощная труппа, шекспировский масштаб. Театр независимой республики выезжал за рубеж впервые после изнурительной войны. Добираться надо было до Москвы, потом самолётом в город фестиваля — Пловдив. Главный на форуме режиссер, в будущем министр культуры Болгарии, актер Стефан Данаилов.

👉🏻 [**Читать полностью на ДЗЕН**](https://dzen.ru/a/akTUI1Q8cGMax_ku)

@wargonzo",23956,3,,0,1,webpage
2026-07-02 14:38:09,epoddubny,28002,https://t.me/epoddubny/28002,"В Киеве немало предприятий, чья работа в последние годы стала частью военной хроники. ""Атлон Авиа"", пораженное минувшей ночью ВС РФ – одно из них. Из компании, начинавшей со сборки беспилотных систем, оно превратилось в один из заметных узлов украинского оборонного производства.

ООО ""Научно‑производственная компания ""Атлон Авиа"" было открыто в 2014 году. Сначала там велись опытно‑конструкторские работы и мелкосерийные сборки, но со временем, предприятие вышло на уровень, интересный для военных заказчиков.

Ключевой профиль компании – беспилотные летательные аппараты и барражирующие боеприпасы. Наиболее известные из них: Ан‑196 ""Лютый"" – БПЛА большой дальности, разработанный ГП ""Антонов"", также ""Магура УА"" – ударный беспилотник, рассчитанный на поражение наземных и надводных целей и комплексы вроде А1‑СМ ""Фурія"". 

Как видим, ""Атлон Авиа"" был одним из ключевых звеньев ВПК Украины, которое напрямую обеспечивало ВСУ дальнобойными беспилотниками. За что и поплатилось. В том же массиве целей минувшей ночью оказались и другие предприятия – например, ГП ""Антонов"", где разрабатывали, собирали и модернизировали ""Лютые"" или ""Радионикс"", выпускающий системы управления для ракет. 

Поражение производственных мощностей таких объектов работает на ограничение боевых возможностей противника. Российские РУКи подрезали лютые  ""крылья"". Не только в моменте, но и, надеемся, на долгосрочную перспективу.

[Подпишись ТГ](https://t.me/epoddubny) / [Подпишись МАХ](https://max.ru/epoddubny)",94461,148,0,0,1,photo
2026-07-02 14:45:56,sashakots,62780,https://t.me/sashakots/62780,"В Киеве немало предприятий, чья работа в последние годы стала частью военной хроники. ""Атлон Авиа"", пораженное минувшей ночью ВС РФ – одно из них. Из компании, начинавшей со сборки беспилотных систем, оно превратилось в один из заметных узлов украинского оборонного производства.

ООО ""Научно‑производственная компания ""Атлон Авиа"" было открыто в 2014 году. Сначала там велись опытно‑конструкторские работы и мелкосерийные сборки, но со временем, предприятие вышло на уровень, интересный для военных заказчиков.

Ключевой профиль компании – беспилотные летательные аппараты и барражирующие боеприпасы. Наиболее известные из них: Ан‑196 ""Лютый"" – БПЛА большой дальности, разработанный ГП ""Антонов"", также ""Магура УА"" – ударный беспилотник, рассчитанный на поражение наземных и надводных целей и комплексы вроде А1‑СМ ""Фурія"". 

Как видим, ""Атлон Авиа"" был одним из ключевых звеньев ВПК Украины, которое напрямую обеспечивало ВСУ дальнобойными беспилотниками. За что и поплатилось. В том же массиве целей минувшей ночью оказались и другие предприятия – например, ГП ""Антонов"", где разрабатывали, собирали и модернизировали ""Лютые"" или ""Радионикс"", выпускающий системы управления для ракет. 

Поражение производственных мощностей таких объектов работает на ограничение боевых возможностей противника. Российские РУКи подрезали лютые  ""крылья"". Не только в моменте, но и, надеемся, на долгосрочную перспективу.

[Подпишись ТГ](https://t.me/epoddubny) / [Подпишись МАХ](https://max.ru/epoddubny)",22709,35,,1,1,photo
2026-07-02 14:57:08,dva_majors,95526,https://t.me/dva_majors/95526,"🇺🇦Мэр Харькова пишет про поражение АЗС в городе. Фото жалостливого характера с места пока нет. Видно, утаскивают военную технику и тела в камуфляже. А потом фотосессия. 

[**Два майора **](https://t.me/dva_majors)**✨****  **[**Два майора в МАХ**](https://max.ru/dva_majors)",76969,59,28,0,0,
2026-07-02 15:01:01,rusich_army,30176,https://t.me/rusich_army/30176,"**💬****В-2А сбросили LRASM на учениях****💬**

Вчера в Тихом океане завершились масштабные учения под руководством ВС США Valiant Shield 26. В нем участвовали, помимо американцев, японские, канадские, а также австралийские и новозеландские подразделения.

Проходило оно с 22 июня по 1 июля, а задействовалось в них свыше 15 тысяч человек, 300 самолетов, включая F-35, около 30 боевых кораблей, а также привлекались к учебным задачам стратегические стелс-бомбардировщики В-2А.

▪️Они совершили свой полет 26-27 июня к берегам Гуама, и до сегодняшнего дня не было ясно, что они конкретно отрабатывали. Как выяснилось, В-2А приняли участие в нанесении удара новейшей LRASM (Long Range Anti-Ship Missile) по списанному кораблю USS Juneau.

Он выступал в качестве мишени. Применение LRASM с борта В-2А отмечено впервые. Также на этом учении в первый раз был задействован в полетах и разведывательном обеспечении стратегический БпЛА Ghost Bat из соства австралийских войск.

Японцы же, помимо задействования своей тактической авиации, отработали развертывание и пуски ракет с РСЗО HIMARS, которые были развернуты на японских островах относительно недавно для сдерживания Китая.

🤙[Архангел Спецназа](https://t.me/rusich_army)!

❗️🤙 [Если не грузит видео - смотрите у нас в MAX](https://max.ru/arx_spn)",66179,14,4,0,1,photo
2026-07-02 15:01:55,dva_majors,95527,https://t.me/dva_majors/95527,"**⚡️ КОНТРАКТ НА 1 ГОД: ОПЕРАТОР БПЛА (БЕЗ перевода в пехоту)⚡️**

Новое подразделение БПЛА открывает набор. 
Официальная замена срочной службы на профессиональный контракт!

💰 Условия и гарантии:
• Выплаты от 7 000 000 ₽ за первый год!
• Ежемесячное довольствие: от 330 000 ₽.
• 100% гарантия должности: в Отношении строго прописано «Оператор FPV». Штурмовиком вы не станете — здесь нет таких вакансий.

🛡 Требования к кандидатам:
⛔️ Строго без судимостей (включая погашенные).
⛔️ Без ВИЧ и сифилиса.
⚠️ Важно: с гепатитом С можно! Берут с направлением в специализированные полки (уточняйте детали у инструкторов пункта отбора).
✅ Нужно желание учиться военному делу и работать в команде.

⚙️ Также требуются: артиллеристы, водители, спецы ПВО и РЭБ (допускается погашенная судимость, з/п от 215 000 ₽).

📍 Почему оформляться именно через Ростов-на-Дону:
Берут всю логистику на себя! Покупают билеты из любого региона РФ ✈️. По приезду — бесплатное жилье и питание. Проводят медкомиссию за 2 дня (оплачивает муниципалитет). Восстанавливают утерянные документы.

Дело правое! Победа будет Za нами! 🇷🇺

**👇 Уточнить всю информацию   — ответят на все вопросы:
📞 8-938-1-55-55-59
📱 Telegram:**[** @kontrakt61 **](http://xn--61-6kc3bbqgrrd.xn--p1ai/go/3xyky5j7)**|**[** **](http://xn--61-6kc3bbqgrrd.xn--p1ai/go/3xyky5j7)**Бот:**[** @kontrakt61_bot 
**](http://xn--61-6kc3bbqgrrd.xn--p1ai/go/3xyky5j7)🌐 Сайт:[** контракт61.рф**](https://контракт61.рф/go/jl2uaod3)**
📱Макс: 8****(938)155-55-59**",76662,71,0,0,1,document
2026-07-02 15:03:53,ngp_razvedka,25759,https://t.me/ngp_razvedka/25759,"Только ""остров Москва, а не Крым"" может заставить Путина прекратить боевые действия
криворожский диктатор угрожает Москве. 

С учётом того, в какую сторону работают обычно его угрозы, можно сказать что Киев затопит.

✈️ [НгП раZVедка](https://t.me/NgP_raZVedka) 🦇 [ДРГ в МАХ](https://max.ru/NgP_raZVedka) 📲",12815,64,26,0,0,
2026-07-02 15:05:00,wargonzo,35247,https://t.me/wargonzo/35247,"**Главный ориентир — приказ: о чуйке, рисках и доверии командиру**

В одиночку на передовой не выжить. Командир группы сопровождения группы «Пресса» спецназа «Ахмат» объясняет: работа строится на постоянном обмене информацией в чатах взаимодействия. Если противник активничает — перестраховываются, ждут момента для заскока. Риск попасть в западню исключают ещё на стадии подготовки.

А что насчёт «чуйки»? Она, конечно, работает. Но главный ориентир — приказ. Командир сказал — значит, делают. Без лишних вопросов и сомнений.

Полный репортаж проекта @wargonzo, снятый специально для «Первого канала», смотрите уже через два часа на наших площадках.

👉🏻 [**Смотреть видео в MAX**](https://max.ru/WarGonzo/AZ8jW01jT8w)

@wargonzo",23055,11,,0,1,document
2026-07-02 15:08:08,rybar,81470,https://t.me/rybar/81470,"📝**Обещания на экспорт**📝
__о перспективах армяно-европейского сближения__

После визита в Азербайджан глава Еврокомиссии **Урсула фон дер Ляйен** отправилась в Армению, где вместе с премьером **Николом Пашиняном** вновь [говорила](https://armenpress.am/ru/video/1254532) о перспективах европейского будущего республики. Вот только между громкими заявлениями и реальностью по-прежнему существует большая дистанция.

🔻**Что проговорили?**

▪️Пашинян и фон дер Ляйен подтвердили курс на дальнейшее углубление сотрудничества между Арменией и ЕС.

▪️В Брюсселе заявили о готовности предоставить армянским товарам дополнительные торговые преференции на рынке ЕС.

▪️Фон дер Ляйен пообещала поддержку Армении в случае дальнейших экономических проблем в отношениях с Россией.

▪️В ЕС также намерены участвовать в развитии транспортной инфраструктуры Южного Кавказа, где важную роль отводят Армении.

🖍Заявления звучат красиво, однако конкретики в них немного. В Брюсселе уже не первый год рассказывают о новых возможностях для армянского бизнеса, но пока доля Евросоюза во внешней торговле Армении [остается](https://t.me/caucasar/740)** несопоставимой** с российским рынком.

🚩Обещание открыть для армянских товаров рынок с 450 млн потребителей тоже не без нюанса. Европейский рынок остается одним из самых конкурентных и зарегулированных в мире, да и логистические проблемы Армении никуда не исчезают. Поэтому заменить традиционные экспортные направления одними лишь политическими декларациями **не получится.**

🏳️Не менее туманно выглядят и инфраструктурные проекты. В ЕС активно продвигают новые транспортные маршруты через Закавказье, однако многие из этих инициатив пока существуют преимущественно в презентациях и меморандумах.

❗️По сути, в Брюсселе продолжают предлагать армянам надежду на европейское будущее в обмен на **дальнейшее дистанцирование** от прежних экономических партнеров. Но на деле тут работает старая европейская формула: больше политических обещаний сегодня и **меньше конкретных обязательств** на завтра.
#Армения #ЕС
🗻@caucasar – не думай о Кавказе свысока

💸[**Поддержать нас**](https://qr.nspk.ru/BS1A0068ID10D33B9IBAQRQ4M9T0NIFN?type=01&bank=100000000008&crc=36CB)",133831,32,,1,1,photo
2026-07-02 15:19:18,sashakots,62781,https://t.me/sashakots/62781,"**Франция снова отпускает захваченный танкер**

Интересные у них санкции. «Заплатите миллион — и можете отчаливать». Ровно так, если убрать юридическую вату, звучит вердикт прокуратуры французского Бреста по танкеру Tagor.

Судно, шедшее из Мурманска, ВМС Франции взяли на абордаж 31 мая — в 700 километрах от берега. В нейтральных водах. Чужой военный корабль высаживает досмотровую группу на гражданский танкер посреди Атлантики. Государственное пиратство в чистом виде, на первый взгляд. А на второй - рэкет.

Подробно расписал «схематоз» [в МАКСе. Подписывайся](https://max.ru/kots/AZ8jZWcqGd0), чтобы знать больше!

@sashakots",30912,91,,0,1,photo
2026-07-02 15:33:00,dva_majors,95537,https://t.me/dva_majors/95537,,75181,68,,0,1,photo
2026-07-02 15:33:00,dva_majors,95536,https://t.me/dva_majors/95536,,80247,69,,0,1,photo
2026-07-02 15:33:00,dva_majors,95535,https://t.me/dva_majors/95535,,76686,68,,0,1,photo
2026-07-02 15:33:00,dva_majors,95534,https://t.me/dva_majors/95534,,77873,69,,0,1,photo
2026-07-02 15:33:00,dva_majors,95533,https://t.me/dva_majors/95533,,76786,80,,0,1,photo
2026-07-02 15:33:00,dva_majors,95532,https://t.me/dva_majors/95532,,75605,68,,0,1,photo
2026-07-02 15:33:00,dva_majors,95531,https://t.me/dva_majors/95531,,72882,69,,0,1,photo
2026-07-02 15:33:00,dva_majors,95530,https://t.me/dva_majors/95530,,73360,69,,0,1,photo
2026-07-02 15:33:00,dva_majors,95529,https://t.me/dva_majors/95529,,71055,74,,0,1,photo
2026-07-02 15:33:00,dva_majors,95528,https://t.me/dva_majors/95528,"**Рубрика «Будни солдата».  
 
**Разбавим ленту фронтовыми котиками! 
—
Фронтовики, можете присылать нам фотографии/видео вашего быта: @media_front_bot, и мы их опубликуем (и отредактируем).

[**Два майора**](https://t.me/dva_majors)** **✨ [**Два майора в МАХ**](https://max.ru/dva_majors)",70227,69,74,0,1,photo
2026-07-02 15:35:13,dva_majors,95538,https://t.me/dva_majors/95538,"Противник пишет, что на этой неделе мы вынесли около 70 азс. На карте (отмечены не все) видно, что это не тотальная топливная блокада, задевающая гражданских (как это делает хунта), а выбивание логистики на подходах к фронту, прежде всего

[Блокнот пропагандиста](http://t.me/designersmil)",78788,180,34,0,1,photo
2026-07-02 15:41:46,vysokygovorit,23242,https://t.me/vysokygovorit/23242,"[Прошло две недели](https://t.me/ia_steklomoy/26593) – Павел Дуров так и не прокомментировал запрет соцсетей для несовершеннолетних в ОАЭ.

По аналогичной ситуации в Великобритании Павел Валерьевич [высказывался весьма жестко](https://www.kommersant.ru/doc/8738642), не говоря уж о блокировке Telegram в РФ и Индии. А тут ничего.
__
«Для меня никогда не было целью стать богатым. Для меня всё в жизни было направлено на то, чтобы стать свободным. И, насколько это возможно, моя жизненная миссия состояла в том, чтобы позволить другим людям тоже стать в некотором смысле свободными. Я надеялся, что они смогут выразить эту свободу, используя платформы, которые мы создаем или которые создал я».__

Из интервью Такеру Карлсону, 2024 год.

Штош, у всякой свободы есть предел. В случае с Павлом Валерьевичем им оказался паспорт ОАЭ. Ноль осуждения.",58700,285,,1,1,photo
2026-07-02 15:44:33,sashakots,62784,https://t.me/sashakots/62784,,28986,43,,0,1,photo
2026-07-02 15:44:33,sashakots,62783,https://t.me/sashakots/62783,,29018,43,,0,1,photo
2026-07-02 15:44:33,sashakots,62782,https://t.me/sashakots/62782,"**Мой репортаж. Наш ответ «Хорнету»**

Короткая команда, резкий толчок направляющей — и серое тело с винтом в носу швыряет в воздух. Двигатель захлёбывается на высокой ноте, выравнивается, и «птичка» уходит в низкие облака над летней зеленью. Несколько секунд ее ещё видно: тонкая, едва заметная чёрточка на сером небе. Потом она растворяется. И где-то там, за десятки километров, во вражеском тылу скоро станет на одну машину, склад или пункт управления меньше.

Расчёт уже сворачивает треногу. Для них это рутина — один вылет из множества подобных. В тыловой точке борт собирается, ближе к фронту запускается, оператор сидит в третьей. Эти парни исповедовали «миддлстрайк» задолго до того, как он стал «модным трендом». Аудитория неискушённая полагает, что средний удар на глубину 100–150 километров — это изобретение нашего противника.

Хотя бить по логистическим артериям, жечь бензовозы и фуры, уничтожать прифронтовую инфраструктуру начали мы. И ещё до того, как в небе над трассами Донбасса и Новороссии появились американские «Хорнеты» и «Батоны», мы уже кошмарили врага там, где он ещё вчера чувствовал себя в полной безопасности. В том числе и этими серыми «крыльями», имя которым БМ-70.

[Читайте мой большой репортаж](https://www.kp.ru/daily/277794/5270927/) о боях в миддлстрайке.

@sashakots",25366,45,,0,1,photo
2026-07-02 15:45:11,dva_majors,95539,https://t.me/dva_majors/95539,"✨То есть в ранении белорусов, по мнению **Госсекретаря Совбеза Белоруссии Вольфовича**,  виноваты белорусы. Не украинские нацисты.

Также представитель **союзного государства **[заявил](https://t.me/belarusian_silovik/75571):

🇧🇾""__Уважаемые соотечественники, воздержитесь сегодня от поездок. Вы подвергаете опасности и себя, и своих близких, тех, кто с вами едет. Гарантировать безопасность в таких поездках вам никто не сможет, пока не прекратится специальная военная операция. Надо думать своей головой, принимать правильное решение""__.

✨Товарищи Белорусы. Готовьте МОГи. Отсидеться не получится, увы.

[**Два майора **](https://t.me/dva_majors)**✨****  **[**Два майора в МАХ**](https://max.ru/dva_majors)",75441,231,216,0,0,
2026-07-02 15:47:39,epoddubny,28003,https://t.me/epoddubny/28003,"Русские флаги над Пискуновкой


Подразделения группировки войск «Южная» в ходе наступления освободили населённый пункт Пискуновка Донецкой Народной Республики. Об этом в сводке сообщает Минобороны.

Пискуновка — село Николаевской городской общины Краматорского района ДНР, крохотный н.п. с довоенным населением менее двух десятков человек, стоящее на правом берегу Северского Донца, у границы степного заповедника «Меловая флора». 

Расположено примерно в 15 километрах восточнее Славянска, в 4 километрах от Николаевки и в 2 километрах от Малой Пискуновки, об освобождении которой было объявлено 16 июня. Продвижение к Пискуновке вели подразделения 3-й общевойсковой армии — та же 7-я гвардейская мотострелковая Чистяковская бригада, что двумя неделями ранее заняла Малую Пискуновку и открыла движение вдоль южного берега Донца. В полосе ответственности «Южной» группировки за минувшие сутки противник потерял до 155 военнослужащих, три бронемашины, шесть орудий полевой артиллерии и станцию радиоэлектронной борьбы.

Тактически Пискуновка замыкает связку Малая Пискуновка — Пискуновка — Стародубовка вдоль правого берега Северского Донца. Дальше по логике — сама Стародубовка и охват Николаевки с севера, вдоль русла. Николаевка — северо-восточные ворота Славянско-Краматорской агломерации: через неё замыкается кольцо давления на Славянск с востока. 

Параллельно «Южная» продолжает грызть дугу Рай-Александровка — Малиновка — Дружковка южнее, а на константиновском фасе идёт зачистка юго-запада города. Пискуновка — верхняя, «речная» точка этого общего давления.

Сегодня Пискуновка, до этого Малая Пискуновка и Стародубовка. Дальше — Николаевка.

[Подпишись на Коца в МАКС](https://max.ru/kots).

@sashakots",23321,23,1,1,1,document
2026-07-02 15:58:56,vysokygovorit,23243,https://t.me/vysokygovorit/23243,"Включил сейчас песню Моряк группы Агата Кристи. Та самая, где вино и гашиш, Истанбул и Париж, так вот, в нынешнем изводе после вмешательства скрепоносцев она звучит так: Вино и** *,** Истанбул и Париж. 

Выключил, долго думал и придумал бизнес-проект: Тур-поездки в Минск для прослушивания оригинала Агаты Кристи и Сектора Газа. Кто и зачем это делает, я искренне и решительно не понимаю. Заблюрил слово** *,** а то мало ли что.

[Старше Эдды в Мах](https://max.ru/vysokygovorit)",60406,134,,0,0,
2026-07-02 16:01:58,dva_majors,95540,https://t.me/dva_majors/95540,"Пока коллеги с канала Два майора отмечают попытки отдельных должностных лиц в Союзном государстве снизить градус возмущения от подлой атаки ВСУ по белорусскому автобусу https://t.me/dva_majors/95539

 Центр дезинформации Совбеза Украины цинично врёт, что никаких ударов по белорусским автобусам не было

🔹Здесь видна одна из центральных технологий контрпропаганды врага. Такие заявления для укрСМИ, как официальные темники. Теперь никому нельзя даже подумать, что Украина атаковала гражданский транспорт с белорусами. А если подумают или не так напишут, это при необходимости - статья. Совбез же разъяснял, как думать
[
Блокнот пропагандиста](http://t.me/designersmil)",74307,45,10,1,1,photo
2026-07-02 16:17:44,rybar,81471,https://t.me/rybar/81471,"📝**Освобождение Пискуновки**📝

Подразделения группировки войск «Юг» освободили очередной населенный пункт на **Славянском направлении**. На северном фланге под контроль ВС РФ перешла **Пискуновка**, что к западу от **Кривой Луки**.

➡️Хотя гвардейцами 7 мотострелковой бригады уже развернуты [флаги](https://t.me/shock3OA/7850) по всей территории села, в его окрестностях пока еще сохраняется присутствие украинских формирований, которые занимают ранее организованные в массиве меловых отложений опорные пункты. 

Некоторое время назад, когда **Славянское направление** было **Северским**, в подобных блиндажах противник порой находился по нескольку месяцев, снабжаясь дронами на «Старлинке». Однако сейчас у ВС РФ куда больше средств противодействия подобной тактике.

➡️Южнее **Кривой** **Луки**, в лесополосах между ней и **Калениками**, как раз ликвидированы такие опорные пункты украинских формирований. Это позволит дальше продвигаться на запад и расширять вклинивание к югу от **Северского Донца**.

В Сети уже появились заявки о выходе российских подразделений чуть ли не на окраины **Николаевки**. Тем не менее пока это весьма оптимистичные сообщения. Да, малые группы просачивания и разведгруппы уже могут продвигаться в сторону этого населенного пункта. Однако о каких-то закреплениях или зацепах говорить пока крайне рано.

➡️В окрестностях [освобожденной](https://t.me/rybar/81171) недавно **Рай-Александровки** продолжаются бои. Украинские формирования пытаются растянуть столкновение в ближайших лесополосах, а также удержать опорный пункт к западу этого населенного пункта. Обстановка здесь остается сложной. Улучшить ее можно будет по мере развития дальнейшего наступления со стороны **Юрковки** на север.

❗️Параллельно с ростом активности на линии соприкосновения российским подразделениям удалось нарастить и [частоту ударов](https://t.me/The_Wrong_Side/29768) как по **Николаевке**, так и по **Славянско-Краматорской** агломерации, которую украинские формирования сейчас готовят к обороне, насыщая города не только личным составом, но и фортификациями. В частности, на нескольких улицах Краматорска прямо посреди дороги начали устанавливать «егозу» и «тетраэдры».

📌А с учетом кампании ударов ВС РФ по логистике противника, у ВСУ уже началась гонка со временем за возможность стянуть как можно больше сил в **Славянск** и соседние населенные пункты агломерации, поскольку потерь при доставке грузов и личного состава у ВСУ все больше и больше, а АЗС горят почти по всей прифронтовой зоне.

Если у Вас есть дополнения по обстановке, Вы хотите, чтобы мы подсветили успехи Вашего подразделения, — Вы всегда можете написать нам в бот обратной связи 
@rybar_feedback_bot

**📍**[**Карта в высоком разрешении**](https://i.ibb.co/7JJdhtrw/02-07.jpg)**

****📍**[**English version **](https://i.ibb.co/n87RXsXX/02-07-EN.jpg)

📍**Онлайн-карты доступны по подписке на ****map.rybar.ru**

#Россия #Славянск #Украина
✈️ [**RU**](https://t.me/rybar) | ✈️ [**EN**](https://t.me/rybar_in_english) | ✉️ [**MAX**](https://max.ru/Rybar)

✉️ [**VK**](https://vk.com/rybar_force) | ✉️ [**RuTube**](https://rutube.ru/u/rybar/) | ✉️ [**ОК**](https://ok.ru/group/70000041986659) | ✉️ [**Дзен**](https://dzen.ru/rybar)

💸[**Поддержать нас**](https://qr.nspk.ru/BS1A0068ID10D33B9IBAQRQ4M9T0NIFN?type=01&bank=100000000008&crc=36CB)",130618,98,,0,1,photo
2026-07-02 16:31:55,wargonzo,35248,https://t.me/wargonzo/35248,"**Хоррор от Паустовского**
[   ](https://dzen.ru/a/akZmG1NPAymq_WW5)
Вы думали, мы будем говорить о Паниковском? Нет, мы зайдем с другой стороны — туда, где советская литература встречается с голливудским хоррором, а Боб Дилан оказывается заперт в одной комнате с Константином Паустовским. Это путешествие не для тех, кто ищет легких ответов, — оно для тех, кто готов разглядеть в мемуарных строчках чердачный люк, из которого на вас смотрят мясистые пальцы с синими ногтями.

Здесь Клайв Баркер соседствует с «Мелким бесом», а лысый капитан «Геркулеса» оказывается братом-близнецом пришельца из «Ангара-18». Мы пройдем по Арбату, где на мемориальной доске вдруг проступает лицо мафиози из фильма Франческо Рози, и заглянем в гостиничный номер без окон, где время застыло на сорока минутах четвертого.

Это текст о том, как мир тесен, даже когда он разделен железным занавесом. О том, как слова, брошенные на другом конце планеты, обретают пароль, адресованный лично тебе. И о том, что в любой книге, написанной где угодно, скрыто ровно то, чем так не любят делиться эстеты и снобы.

В это путешествие подписчиков проекта @wargonzo проводит [Георгий «Гарик» Осипов (Граф Хортица)](https://t.me/bespoleznieiskopaemie). Не надо упрямиться...

👉🏻 [**Читать полностью на ДЗЕН**](https://dzen.ru/a/akZmG1NPAymq_WW5)

@wargonzo",22558,6,,0,1,webpage
2026-07-02 16:34:58,dva_majors,95541,https://t.me/dva_majors/95541,"✨**Защитим небо над Крымом**!✨

Морпехи 810-й бригады в составе **мобильных огневых групп, **выполняющих задачи по противодействию беспилотникам противника в Крыму необходима народная поддержка! 

Для дооснащения **МОГ** нужны:

▪️Пикап дизель - 900 000 ₽
▪️Тепл. прицел -2шт- 250 000 ₽
▪️Прож. Сова -2шт- 300 000 ₽
▪️Авто рации -2шт- 50 000 ₽

**Необходимо: 1 500 000 ₽**
Собрано за сутки: 223 986 ₽
Осталось собрать: **1 276 014 ₽**
**-**
**Реквизиты для добровольных 
пожертвований: **
✔️любым удобным способом **на сайте** «Два майора» - https://dva-majors.ru 
✔️ на счет БФ «Два майора» перевод **по СБП** без комиссии:  https://qr.nspk.ru/AS1A002SNGS125GG8HFRLP618Q3H3GRI?type=01&bank=100000000111&crc=DF0D
✔️T-Банк: https://pay.cloudtips.ru/p/4641cedb
✔️**для юридических лиц **(покажите друзьям - бизнесменам!): 
ИНН: 2365033577
КПП: 236501001
БИК: 040349602
Р/с 40703810530000007491
—
Карта Сбербанка физического лица (Е.В.М.), **представителя Фонда**: 
2202206209199178
`2202206209199178`

**Всё для Фронта! **🇷🇺 

Наш официальный сайт:
https://dva-majors.ru
—
[БФ Два майора](https://t.me/front_narod)",70511,16,27,0,1,document
2026-07-02 16:35:53,vysokygovorit,23244,https://t.me/vysokygovorit/23244,"В том, что таджикский банк [заблокировал счёт военблогера Романа Сапонькова,](https://t.me/RSaponkov/13558) ибо тот находится под санкциями ГУР Украины, ничего удивительного нет.

На сайте посольства Таджикистана по сей день висит вот это надменное послание. И не припомню, были ли принесены извинения жертвам теракта в Крокусе от лица народа Таджикистана? Была ли предложена помощь семьям погибших от государства Таджикистан? 

Ну конечно, нет. У преступности же нет национальности. Ну только если это не русский школьник. Помните это? 

""Посольство Таджикистана в России взяло на контроль убийство 10-летнего таджикского ребенка в школе в Одинцово Московской области и направило официальное письмо в Министерство иностранных дел России. Этот вопрос находится под контролем посольства Таджикистана в России"".

Уважаемые контролеры. Там в Дагестане задержали молодого экстремиста, из местных, который при этом админил паблики по скулшутингу, по заданию ГУР Украины. 

Вспоминается, как массово различные среднеазиатские блогеры и политики рассуждали о том, что средь русских царит сплошная ненависть к приездим. Нацисты, ага. Русские ксенофобы.  

А оказывается, и парень из школы маленько с головой не в дружбе, и курировал его ваххабит с Кавказа. И стоит за всем ГУР. Из-за санкций котрого у русского волонтёра таджикский банк закрывает счёт. 

Такая вот, как говорил один политик, ЗАГОГУЛИНА. 

Но почему же происходит все так странно? Почему среднеазиатское государство позволяет себе такие демарши, и такое поведение? Это при том, что половина бюджета страны зависит от переводов трудовых мигрантов, находящихся в России. А [при этом, как верно замечено, Россия постоянно финансирует какие-то гуманитарные проекты в Таджикистане. 
](https://t.me/warhistoryalconafter/275331)
Попустительство диаспорам, вертолетная раздача паспортов, снисходительное отношение к выходкам этнобандитов, свободное функционирование этнических клубов ММА, отсутствие внятной реакции на провокационные заявления тамошних политиков. Нет ли между этими фактами и поведением соседнего  государства какой-то связи?  

Давайте думать, подсказывайте.",60617,208,,1,1,photo
2026-07-02 16:37:55,dva_majors,95542,https://t.me/dva_majors/95542,"**Что и требовалось доказать** в курилку [Двух майоров](https://t.me/dva_majors) под наш репост о вражеском темнике тут же набежали боты всех мастей пояснять, что удара по белорусским гражданам не было, отрабатывая команду совбеза Украины 

[Блокнот пропагандиста](http://t.me/designersmil)",75281,16,16,1,1,photo
2026-07-02 16:38:46,dva_majors,95543,https://t.me/dva_majors/95543,"**Крым. Аксенов:**

**Жители северной части Крыма сегодня оказались в наиболее непростой ситуации из-за действий противника. 

В ходе выезда в города Армянск, Красноперекопск и в Красноперекопский район посетил ****⚡️****пограничные посты, автомобильные пункты пропуска, ключевые предприятия, где пообщался с людьми, а также провел рабочие совещания.**

Отмечу: несмотря на то, что враг тестирует на нас новые технологии ведения дроновой войны, система противодействия совершенствуется. Ситуацию выровняем. С дежурными службами определили основные направления работы.

Поручил главам администраций муниципалитетов решить вопрос оказания помощи гражданам, проживающим в негазифицированных населенных пунктах, ввиду отсутствия стабильного электроснабжения. По каждому абоненту должны предприниматься отдельные управленческие действия.

Также уже сейчас понятно, что предприниматели Армянска и прилегающих сел, Красноперекопска и Красноперекопского района, Джанкоя и Джанкойского района нуждаются в дополнительных мерах поддержки, в ближайшее время они будут разработаны.

На данный момент задачей и органов власти на местах, и депутатского корпуса является выстраивание полноценной коммуникации с гражданами. Здесь важно своевременно доносить информацию до населения, а также максимально оперативно решать вопросы, волнующие граждан. Все, кто не будет участвовать в общественной жизни, в организации адресной, персональной помощи людям, в дальнейшей перспективе работать в Крыму не будут. Это долг, который нужно выполнять.

**Благодарю крымчан за понимание и терпение. Нахожусь на связи со всеми службами круглосуточно, держу ситуацию на личном контроле. Предпринимаем все необходимые действия. Вместе мы пройдем все испытания.**

[**Два майора **](https://t.me/dva_majors)**✨****  **[**Два майора в МАХ**](https://max.ru/dva_majors)",77567,85,71,0,1,document
2026-07-02 16:41:50,rybar,81472,https://t.me/rybar/81472,"📝**Периодичность — не всегда преимущество**📝

**Кирилл Фёдоров** [подводит](https://t.me/warhistoryalconafter/275296) итог пяти массированным обстрелам Киева за последние два месяца и фиксирует чёткую закономерность: удары повторяются примерно раз в две недели, с похожим составом средств — около 500 дронов, по 20–30 крылатых и баллистических ракет.  

🖍Регулярность ударов — с одной стороны, действительно хороший показатель сам по себе: ресурсы для подобных налетов появляются стабильно, а производство покрывает потребности в средствах поражения хотя бы частично.

🚩Но именно **предсказуемый двухнедельный цикл** — это уязвимость, снижающая эффект от ударов: противник быстро учится прогнозировать сроки накопления боекомплекта для массированного удара и заблаговременно менять дислокацию важных объектов при возможности, или уходить в укрытия.

То же самое касается и **привычки бить по ночам**. У противника давно нет необходимости работать круглосуточно или исключительно по ночам, а потому удары днем позволили бы поразить больше квалифицированного персонала. Тем более, что по российским заводам ВСУ бьют чаще всего утром — к первой рабочей смене, стремясь убить побольше людей.

📌Даже при спутниковой разведке НАТО и системах оповещения ВСУ о вылетах дронов и ракет, относительно внезапные **дневные** удары остаются возможными — и здесь есть прямой резерв для повышения эффективности: разнообразие по времени ударов лишит противника комфортного окна для подготовки.
#Киев #Россия #Украина
✈️ [**RU**](https://t.me/rybar) | ✈️ [**EN**](https://t.me/rybar_in_english) | ✉️ [**MAX**](https://max.ru/Rybar)

✉️ [**VK**](https://vk.com/rybar_force) | ✉️ [**RuTube**](https://rutube.ru/u/rybar/) | ✉️ [**ОК**](https://ok.ru/group/70000041986659) | ✉️ [**Дзен**](https://dzen.ru/rybar)

💸[**Поддержать нас**](https://qr.nspk.ru/BS1A0068ID10D33B9IBAQRQ4M9T0NIFN?type=01&bank=100000000008&crc=36CB)",130748,88,,0,1,webpage
2026-07-02 16:46:26,epoddubny,28004,https://t.me/epoddubny/28004,"**Битва за небо. Новые кадры: FPV‑расчёты сковывают действия противника на Добропольском направлении**

На Добропольском направлении расчёты FPV‑дронов соединения СпН группировки войск ""Центр"" ведут методичную работу по нейтрализации тяжёлых ударных гексакоптеров ВСУ. На счету парней уже около сотни уничтоженных аппаратов.

Эти машины — серьёзная угроза: оснащённые системой сброса боеприпасов, они способны наносить удары днём и ночью, но и у них есть куда более маневренный и быстрый противник – наши FPV‑перехватчики. 

Системная работа FPV‑расчётов даёт ощутимый эффект: боевой потенциал ВСУ на Добропольском направлении заметно снижается, а логистика снабжения на передовой оказывается под серьёзным давлением. В условиях, когда каждый беспилотник — это не просто техника, а инструмент огневого воздействия и поддержки, потеря сотни таких машин становится для противника очень чувствительным ударом.

[Подпишись ТГ](https://t.me/epoddubny) / [Подпишись МАХ](https://max.ru/epoddubny)",30439,28,0,0,1,document
2026-07-02 16:50:15,dva_majors,95544,https://t.me/dva_majors/95544,"На каждую силу найдётся контрсила. На каждое действие — противодействие. На попытки изоляции Крыма через удары по логистике, мостам, фурам, автобусам и бензовозам найдутся те, кто с этим не согласится. **Мы** с этим не согласимся.

Крымчане и севастопольцы! Вы этого врага лучше всех знаете. В 2014 году Россия помогла вам выбраться из этого чванливого и агрессивного государства-неудачника. Теперь они мстят вам. Пугают блокадой, блокаутом и локдауном, стращают десантом и депрессантом. Не пора ли вам показать хохлам характер и средний палец? Мне кажется, пора.

Мне сейчас нужны мужчины-добровольцы, настоящие терминаторы, для вооружённого сопровождения грузов в Крым и Севастополь. На пикапах с пулеметными спарками, с дронами-перехватчиками. 

Мне нужны мужчины-воины для подготовки расчетов зенитно-пулеметных комплексов, которые способны гарантированно расстрелять любую воздушную цель.

Мне нужны дополнительные боевые зенитные расчёты беспилотных перехватчиков, способных сшибать с севастопольских и крымских облаков хохлячьи ""птахи"". Операторов таких расчётов мы сами подготовим в своих учебных центрах. Главное, чтоб была охота и азарт почистить небо, за@ранное хохлами.

Оформлять будем быстро, в том числе через Крымский военкомат. Выплаты за трофеи будут однозначно. Контракт ровно год. Все добровольцы Сармата по социальным правам и боевым выплатам приравнены к военнослужащим. Покажете себя героями, представлю к госнаградам. Как оформить анкету на заход, сами разберётесь, зайдя сюда https://bars-sarmat.ru

Короче, хохлодауны, хрен вам, а не локдауны!",78531,219,12,1,1,photo
2026-07-02 16:59:01,sashakots,62787,https://t.me/sashakots/62787,,32070,55,,0,1,photo
2026-07-02 16:59:01,sashakots,62786,https://t.me/sashakots/62786,,32093,55,,0,1,photo
2026-07-02 16:59:01,sashakots,62785,https://t.me/sashakots/62785,"ВЕЧЕРНИЙ ЗВОН:
днюха уходящего дня

Да, сегодня свой 166-й день рождения отмечает Владивосток. Но если вы захотите поздравить с этим праздником  жителя Влада (на Владик он может   обидеться), то как следует подготовьтесь. 

Несколько лет назад  «Комсомолка» составила словарь, который позволяет легко адаптироваться в городе  у моря даже самому что ни на есть сухопутному гостю.
Иначе приморские бесы могут ох как запутать!

Чифаньки – бесчисленные китайские забегаловки и кафе. 

Набки – набережные,  на которых до талого гуляет народ. 

Чайки - бичи и прочие халявщики.

Ну, и конечно японки – это во Владе не про женщин. Приморский бытописатель иномарок Василий Авченко собрал бренды, прочно укоренившиеся в дальневосточном народе: «Сайра» (Toyota Soarer), «Хорёк» (Toyota Harrier), «Степан» (Honda Stepwagon)…
– Но больше всего мне нравятся «Виноград» (Nissan Wingroad) и «Пузотёрка» (любая низкая машина)!

Если в ленте есть земляки, можно отметить днюху нашего Влада любимым тестом:

ТЫ ИЗ ВЛАДИВОСТОКА:

- если никогда не назовешь крузак  «Круизером»

если не знаешь что у краба есть палочки

если пробка в небо тебя не удивляет

если при влажности 80% ты расправляешь жабры

если из своего окна на 1-м этаже можешь заглянуть в соседнее на 9-м

__Надо ли удивляться, что когда мне выпадает радость встретиться на СВО с морпехами Тихоокеанского флота, первые минуты знакомства не расшифрует и ЦРУ!
__
@sashakots",28289,56,,0,1,photo
2026-07-02 17:01:01,rusich_army,30177,https://t.me/rusich_army/30177,"🪖** НАЧИНАЕМ ДНИ «СОТКИ».
**
Друзья, бои не утихают, нужно как можно больше ликвидировать расчеты противника, а чтобы их вычислять - нужны дроны. 

Вы можете помочь рублем и обеспечить бойцов всем необходимым для эффективного уничтожения противника.

Давайте поднажмем!  

КАРТА СБЕР - 2202206942850285 (СВЕТЛАНА.Б)

СБП СТРОГО СБЕРБАНК (не переводите на другие банки, только Сбербанк) - +79300311880

**для юридических лиц **(покажите друзьям - бизнесменам!): 
ЛИЦЕВОЙ СЧЕТ: `40817810310003113485`
ИНН: `7707083893`
КПП: `332802001`
БИК: `041708602

ВОЗВРАТОВ ПЛАТЕЖЕЙ НЕ ДЕЛАЕМ!`",62982,7,0,0,1,photo
2026-07-02 17:03:20,dva_majors,95548,https://t.me/dva_majors/95548,,95763,241,,0,1,photo
2026-07-02 17:03:20,dva_majors,95547,https://t.me/dva_majors/95547,,96107,241,,0,1,photo
2026-07-02 17:03:20,dva_majors,95546,https://t.me/dva_majors/95546,,94152,241,,0,1,photo
2026-07-02 17:03:20,dva_majors,95545,https://t.me/dva_majors/95545,"🇷🇺 2 июля глава ЛНР Леонид Пасечник сообщил об ударах украинских БПЛА по автомобильным стоянкам в Алчевске и Красном Луче. В результате атак:

▪️В __Алчевске__ загорелись **пять грузовиков** (__фото пресс-службы МЧС России по ЛНР__)
▪️В __Красном Луче__ повреждения получили **четыре машины.**

За день до этого, в ночь на 1 июля, ВСУ атаковали стоянку грузовиков в Ленинском районе **__Донецка__**. 

▪️В результате удара сгорело **более 20 фур❗️.** Хотя на фото видно, что на автостоянке было свободное пространство, чтобы хотя бы **рассредоточить автотранспорт**.

Одновременно с этим, как сообщил мэр Донецка Алексей Кулемзин, в Калининском районе города беспилотники атаковали автопарк микроавтобусов, в результате чего сгорели **пять автомобилей.**

✨ У врага давно **нет необходимости экономить БПЛА-камикадзе**: 🇪🇺__европейский промышленный тыл__ обеспечит ВСУ дронами даже в случае полного уничтожения промышленных предприятий на Украине. Последние месяцы указывают на то, что противник охотится даже **за единичными фурами**, пытаясь создать экономические и логистические проблемы в приграничных регионах РФ.

📌 Боевая часть [__модернизированных__ дронов **FP-2**](https://t.me/dva_majors/94739) **уже увеличена до 200 кг**, что примерно эквивалентно БЧ авиабомбы **ФАБ-500**.

**В очередной раз стоит напомнить:** любое скопление транспортных средств в приграничной зоне — приоритетная цель для дронов противника. Систематический характер [__информационно-боевой операции__](https://t.me/dva_majors/95110) врага требует пересмотра подходов к организации и маскировки в том числе гражданских стоянок и логистики в регионах.

⚡️[**Два майора**](https://t.me/dva_majors/)
⭐️[**Два майора в МАХ**](https://max.ru/dva_majors)",81954,244,28,0,1,photo
2026-07-02 17:04:48,wargonzo,35249,https://t.me/wargonzo/35249,"⚡️Спецрепортаж WG⚡️На высоте: Философия Победы операторов FPV⚡️
[  ](https://dzen.ru/video/watch/6a46606ae6981a6e82d0ec84)
Дождь, болото и смена трёх машин. Съёмочная группа проекта @wargonzo добралась до позиций [группы «Пресса» спецназа «Ахмат» МО РФ ](https://t.me/kamerton_press)в русском приграничье. Погода сыграла на руку — противник не летает, а значит, есть время поговорить с теми, кто каждый день работает по целям. 

Один из бойцов группы — 22-летний «Хантер». Воевал штурмовиком, прошёл окружение под Бахмутом, а теперь работает на «Мавиках», FPV и «Ланцетах». Рассказывает, как за три года выработалась система: подготовка техники с вечера, контроль батарей, резерв на один борт больше — иначе ошибки не прощаются. А ещё — как охотятся на вражеские дроны и почему трофеи отправляют обратно.

Его товарищ уточняет: задача оператора БПЛА — не просто поразить цель, а подавить огневые точки перед штурмом, чтобы свои заходили без потерь. Чутьё здесь — это не мистика, а взаимодействие с соседями и обмен информацией в чатах. А жирный трофей — не тот, который большой или дорогой, а тот, который пролетел мимо и не был подавлен. Тогда начинается свободная охота... 

Смотрите большой репортаж с передовой, снятый спецкорром проекта @wargonzo [Ульяной Стриж](http://t.me/ulianaStrizh), специально для «Первого канала»:

👉🏻 [**Смотреть на RUTUBE**](https://rutube.ru/video/b0dcbf4e8d79f207191a8b450cbc3eb6)

👉🏻 [**Смотреть в ВК**](https://vkvideo.ru/video-148321046_456248826)

👉🏻 [**Смотреть на ДЗЕН**](https://dzen.ru/video/watch/6a46606ae6981a6e82d0ec84)

👉🏻 [**Смотреть в МАХ**](https://max.ru/WarGonzo/AZ8jxuwZCPU)

@wargonzo",28821,17,,0,1,webpage
2026-07-02 17:17:00,rybar,81473,https://t.me/rybar/81473,"📝**Ненависть без границ**📝
__Деколонизаторы готовят смену?__

Давненько мы не слышали о дискуссиях по расчленению России, даже стало казаться, будто тема потихоньку забывается. Но, как [выяснилось](https://t.me/dntreadonme/2643), дело живет усилиями активистов уже на просторах СНГ.

🖍В частности речь про многочасовой курс под названием **«Россия и деколонизация»**, где каждого желающего учат объяснять, почему русские — оккупанты. При этом одной страной организаторы не ограничились и подключили к процессу «экспертов» из **Казахстана**.

🚩Биография авторов и лекторов этого, уже** третьего по счету, курса** соответствует его содержанию. Среди них — осужденная за покушение на теракт** Зара Муртазалиева **и признанная экстремистом **Юлия Хазагаева**. Показательно, что компанию радикалов разбавил сотрудник **Даремского университета **Владимир Понизовский. Это в очередной раз подчеркивает отсутствие брезгливости **британской академической **среды, когда речь заходит о войне с Россией.

🔻**Кто целевая аудитория?**

▪️Поскольку далеко не каждого заинтересует столь **специфическая тема**, то, судя по всему, организаторы пытаются привлечь исследователей или студентов **профильных вузов,** занимающихся этнографией и регионоведением, как в России, так и в соседних с ней странах.

▪️В этом плане особое внимание уделяется **Казахстану**, откуда в качестве соавтора курса привлечена преподаватель **Карагандинского университета Айнаш Мустояпова**. Ее работы по «деколонизации сознания» граждан республики активно встраиваются в местную медийную повестку. 

▪️Не обошлось и без казахской** ЛГБТ-активистки*** **Жанар Секербаевой**, перепрофилировавшейся в борца с «русским империализмом».

📌Такой** полумаргинальный** набор спикеров не должен смущать, ведь именно так расширяется** деколониальный дискурс.** Впрочем, основу для своей идеологии они черпают из работ более подготовленных экспертов вроде обосновавшегося в Праге писателя-иноагента** Сергея Медведева** или сотрудника Европейского университета в Санкт-Петербурге **Сергея Абашина.
**
❗️Получается довольно интересная** связка** из сотрудников европейских университетов и откровенных радикалов. Но как раз такой симбиоз, помноженный на силу **медиапропаганды**, способен дать нужный эффект.

__*деятельность в России запрещена__

📍[**Инфографика в высоком разрешении**](https://i.ibb.co/chQxqzmb/02-07.jpg)

📍[**English version**](https://i.ibb.co/HTmCHDxx/02-07-ENG.jpg)**

**#Казахстан #СредняяАзия
🏹@rybar_stan — о цене свободы для Средней Азии

💸 [**Поддержать нас**](https://qr.nspk.ru/BS1A0068ID10D33B9IBAQRQ4M9T0NIFN?type=01&bank=100000000008&crc=36CB)",130855,55,,1,1,photo
2026-07-02 17:26:53,rusich_army,30178,https://t.me/rusich_army/30178,"Друзья, давайте поднажмем и соберем нашим воинам на дроны. Это очень важно!

Вы тоже могли заметить, как много видео появилось с ликвидацией личного состава противника. А все потому, что парни получают от вас дроны и у них растет мотивация ликвидировать хохла еще больше и больше.

Начали выщемлять расчеты врага и бить по местам запусков.

Но чтобы результат был высокий, нужны дроны, а это расходник, поэтому мы обращаемся к Вам! 

Не проходите мимо, вы вносите большой вклад! Ставьте «+», пишите добрые слова!",62889,1,138,0,0,
2026-07-02 17:29:01,rybar,81474,https://t.me/rybar/81474,"**📝****Новые успехи под Купянском****📝**

Группировка войск «Запад» продвигается на **Купянском** **направлении**. Бойцам подразделений ВС РФ удалось занять еще часть территории плацдарма к востоку от реки **Оскол**. За июнь российские войска продвинулись в районе **Кучеровки**, **Подол**, в окрестностях **Куриловки** и соседних с ней руинах **литейного** **завода**, а также еще на нескольких участках.

➡️Противник понес большие потери в попытках удержать плацдарм, постепенно теряет позицию за позицией. Успешных продвижений не в последнюю очередь удалось добиться за счет нарушения логистики врага и работы по переправам. Однако обширные лесные массивы и обилие подходов все еще позволяют ВСУ заводить малые группы на восточный берег **Оскола**.

➡️В прибрежной полосе сохраняется присутствие противника, откуда ВСУ проводит атаки в **Купянске-Узловом** и южнее. Однако в целом ситуация для ВС РФ на правом берегу **Оскола** на этом направлении складывается довольно удачно. Это позволяет также наращивать активность и в самом **Купянске**, где на севере города по-прежнему продолжаются встречные столкновения малых групп.

❗️По мере освобождения и зачистки территории к востоку от реки, российские подразделения получат возможность провести полноценную перегруппировку (__в хорошем смысле этого слова__) и перебросить при необходимости часть сил на другие важные направления в зоне ответственности группировки «Запад», где также продолжаются ожесточенные бои.

📌Серия тактических успехов на **Купянском** **направлении** продолжалась весь [июнь](https://t.me/rybar/81088), и стала плодом работы над ошибками и нескольких весьма удачных тактических решений. Если раньше ВС РФ полагались на буквально несколько троп, то теперь от противника зачищены довольно крупные площади.
 
Дроны при этом по-прежнему остаются существенной угрозой. А в условиях «грязного неба» более масштабные операции на том берегу реки можно будет начать после того, как плацдарм противника окончательно перестанет существовать.

__Если у Вас есть дополнения по обстановке, Вы хотите, чтобы мы подсветили успехи Вашего подразделения, — Вы всегда можете написать нам в бот обратной связи 
____@rybar_feedback_bot__

**📍**[**Карта в высоком разрешении **](https://i.ibb.co/vxrtqdV8/02-07.jpg)**

****📍**[**English version **](https://i.ibb.co/Kx4vfsps/02-07-EN.jpg)

**📍****Онлайн-карты доступны по подписке на ****map.rybar.ru****
**⭐️@rybar совместно с @russkii_dom
#дайджест #карта #Купянск #Россия #Украина
**✈**** **[**RU**](https://t.me/rybar)** | ****✈**** **[**EN**](https://t.me/rybar_in_english)** | ****✉**** **[**MAX**](https://max.ru/Rybar)

✉️ [**VK**](https://vk.com/rybar_force) | ✉️ [**RuTube**](https://rutube.ru/u/rybar/) | ✉️ [**ОК**](https://ok.ru/group/70000041986659) | ✉️ [**Дзен**](https://dzen.ru/rybar)

💸[**Поддержать нас**](https://qr.nspk.ru/BS1A0068ID10D33B9IBAQRQ4M9T0NIFN?type=01&bank=100000000008&crc=36CB)",136586,125,,0,1,photo
2026-07-02 17:56:42,sashakots,62788,https://t.me/sashakots/62788,,32456,23,,0,1,poll
2026-07-02 18:01:13,dva_majors,95549,https://t.me/dva_majors/95549,"**Запорожское направление.
Район нп.Камышеваха
**
Операторы дронов-камикадзе 19 гвардейской мотострелковой дивизии 58 Армии бьют враг и жгут его технику, отрезая украинским боевикам логистические пути к Орехову.

Запорожский фронт не стоит, он динамичен, но большие сложности вызывают огромные открытые пространства, что увеличивает ""серую зону"" кратно.

[**Два майора **](https://t.me/dva_majors)**✨****  **[**Два майора в МАХ**](https://max.ru/dva_majors)",93270,37,10,0,1,document
2026-07-02 18:24:29,rusich_army,30179,https://t.me/rusich_army/30179,"Коллеги с проекта «[Война с Фейками](https://t.me/warfakes/34733)», сделали карту куда наши ВС РФ попали этой ночью. Частично мы рассказали о некоторых из этих объектов утром.

Интересно тут попадание по ГП «Антонов». Именно они осуществляют производство дронов дальнего радиуса действия «Лютый», которыми ВСУ бьют по России.

Масштабы ущерба пока ещё предстоит выяснить, как минимум дождаться спутниковых снимков, чтобы понять, куда конкретно прилетели наши ракеты.

🤙[Архангел Спецназа](https://t.me/rusich_army)!

❗️🤙 [Если не грузит видео - смотрите у нас в MAX](https://max.ru/arx_spn)",65390,9,0,0,1,webpage
2026-07-02 18:30:01,rusich_army,30180,https://t.me/rusich_army/30180,"🤙**Вот для чего нам нужны дроны. **

Душим вражеские расчеты всеми доступными средствами. 

Вы можете заметит как жизнь пацанам спас MAVIC,  купленный с вашей помощью, дорогие подписчики.",66275,17,25,0,1,document
2026-07-02 18:50:26,rybar,81475,https://t.me/rybar/81475,"**📝****Битва за Константиновку****📝****
**__Почему штурм города имеет стратегическое значение?__**
**
Подразделения группировки войск «Юг» с тяжёлыми боями занимают оставшиеся кварталы **Константиновки**. Крупный город не стал для российских войск непреодолимым препятствием. С того момента, как удалось закрепиться в застройке, штурмовые группы методично втягивались в городскую среду и шаг за шагом оттесняли противника на запад.

➡️Мы неоднократно отмечали, что успех в значительной степени обеспечен продуманной и последовательной работой по логистике противника. Счёт уничтоженной бронетехники идёт на сотни единиц, а число поражённых НРТК перевалило за несколько тысяч. Бои за **Константиновку** продолжались фактически почти год: первые передовые группы вышли на окраины ещё к сентябрю 2025 года.

➡️По всей видимости, уже в июле 2026 года будет объявлено о полном освобождении Константиновки. Тем временем передовые отряды ВС РФ уже выдвигаются в сторону **Алексеево-Дружковки**. Пока это связано, скорее, с действиями разведывательных групп, и о полноценном контроле речи не идёт.

В более широком смысле **Константиновка** является воротами в **Славянско — Краматорско — Дружковскую агломерацию**. Город особенно важен как плацдарм для продвижения на северо-запад через застройку** — **в** Алексеево-Дружковку**, затем в **Дружковку** и далее в **Краматорск**.

❗️Как нетрудно заметить, в случае ДНР противник делает ставку на города-крепости, превращая даже относительно крупные населённые пункты в опоясанные укреплениями бастионы, и охотно пиарит их в западных СМИ. 

Однако именно через такие города сейчас пробиваться несколько проще: концепция «стены дронов» более эффективна в открытом поле, а в плотной застройке штурмовые группы могут скрытно маневрировать и накапливаться, чтобы затем в стрелковых боях отвоёвывать территорию.

📌Пусть сохранение присутствия противника в **Красном** и на окраинах **Часова** **Яра** в некоторой степени замедляет освобождение **Константиновки**, в конечном счёте украинские формирования окажутся здесь, на тактически выгодных высотах, но в полуокружении — с вполне предсказуемым результатом.

__Если у Вас есть дополнения по обстановке, Вы хотите, чтобы мы подсветили успехи Вашего подразделения, — Вы всегда можете написать нам в бот обратной связи 
____@rybar_feedback_bot__
**
****📍**[**Карта в высоком разрешении**](https://i.ibb.co/rfdcjxJg/02-07.jpg)**

****📍**[**English version **](https://i.ibb.co/p9GFK0G/02-07-EN.jpg)
**
****📍****Онлайн-карты доступны по подписке на ****map.rybar.ru**

#дайджест #Константиновка #Россия #Украина
**✈**** **[**RU**](https://t.me/rybar)** | ****✈**** **[**EN**](https://t.me/rybar_in_english)** | ****✉**** **[**MAX**](https://max.ru/Rybar)

✉️ [**VK**](https://vk.com/rybar_force) | ✉️ [**RuTube**](https://rutube.ru/u/rybar/) | ✉️ [**ОК**](https://ok.ru/group/70000041986659) | ✉️ [**Дзен**](https://dzen.ru/rybar)

💸[**Поддержать нас**](https://qr.nspk.ru/BS1A0068ID10D33B9IBAQRQ4M9T0NIFN?type=01&bank=100000000008&crc=36CB)",149157,144,,0,1,photo
2026-07-02 19:22:02,wargonzo,35251,https://t.me/wargonzo/35251,,26568,12,,0,1,photo
2026-07-02 19:22:02,wargonzo,35250,https://t.me/wargonzo/35250,"**Братья по оружию, враги по крови
**
__Постоянный автор проекта __@wargonzo__ Марианна Котова узнала историю, ломающую стереотипы о жестоких законах войны.__

Война — чудовищная стихия, способная перемолоть любые города и союзы. Но даже её безжалостный механизм даёт сбой, сталкиваясь с человеческой совестью.

Июль 1993 года навсегда вошёл в историю грузино-абхазской войны 1992–1993 годов. С 1 по 8 июля разворачивалась легендарная Тамышская десантная операция. Триста абхазских бойцов, которых главнокомандующий абхазской армией Владислав Ардзинба назвал «спартанцами», совершили невероятное: они высадились в тылу врага и перерезали стратегическую трассу, лишив грузинские войска возможности перебрасывать подкрепления к Сухуму. 

Это были дни ожесточённых боёв, в которых абхазы потеряли 57 человек. Рвались гаубичные снаряды, плавилась броня, солдаты занимали и удерживали новые позиции, выкуривая грузинских боевиков с насиженных мест. Но именно внутри этого военного ада разыгралась драма, в которую трудно поверить.

У командира 2-го батальона 3-го полка Восточного фронта Славика Кучуберия в боях за Тамыш погибли два брата. Их тела остались лежать на территории, подконтрольной противнику. В это же время в плену у абхазских бойцов находился грузинский солдат. 

Славик принял решение обменять пленного на тела своих погибших братьев, чтобы достойно вернуть их домой.
Для этого он связался с командиром грузинского батальона «Аваза». 

Как вспоминает сегодня Славик, грузинский офицер был подавлен масштабом катастрофы, постигшей его подразделение. В разговоре он не стал скрывать горькую правду и признался, что шестисот человек его личного состава уже нет в живых. 

Он спросил у Славика, не знает ли тот Мишу Кишмария. «Я его спрашиваю: „Мераба, что ли?“ Тот говорит: „Да, Мераба“. Звоню в штаб, сообщаю Мерабу: так и так, тут командир „Авазы“ спрашивает, и имя называю — сейчас уже не помню его имени, знаю только, что он жив и работает в Минобороны Грузии, — рассказывает Славик. — Кишмария говорит: „Давай его сюда веди“».

Как вспоминает ветеран, когда они увиделись, то плакали оба.

«И Мираб плакал, и он плакал. Такой интересный момент был... Я никогда не забуду их встречу. Они, оказывается, три года вместе воевали в Афганистане», — говорит Славик.

После этой встречи между абхазской и грузинской сторонами установилось четырёхчасовое перемирие для обмена пленными и погибшими.

«Я когда его к Мерабу Кишмария вёз, он увидел всю технику его батальона, которую мы у них отняли, говорил ещё: „Так вот все наши танки у вас“», — вспоминает ветеран.

По словам Славика Кучуберия, в какой-то момент командир «Авазы» сказал, что готов сложить оружие. 

«„Я хочу сдаться. Если мы оружие сдадим, всё сдадим, если вы нас отпустите, мы хотим уйти“, — говорил он нам, и мы уже готовили операцию по их сдаче», — рассказывает Славик Кучуберия.

Абхазские командиры согласились и уже распределили силы вдоль дороги, чтобы принять капитуляцию, но в самый последний момент из-за нелепой случайности или продуманной провокации ситуация вышла из-под контроля. План сорвался, грузинский батальон отказался сдаваться. Бой закипел с новой силой. Грузинские войска потерпели сокрушительное поражение в этой операции, потеряв большее людей, чем могли.

👉🏻 [Присоединяйтесь к WarGonzo в MAХ](https://max.ru/WarGonzo)",23350,14,,0,1,photo
2026-07-02 19:46:16,rybar,81476,https://t.me/rybar/81476,"**▶**** **[**Итоги 2 июля**](https://rutube.ru/video/f149d266d9ac5763f6e17d518e9beeec/)
__видеосводка от руководителя проекта __@rybar__ Михаила Звинчука специально для __@SolovievLive

На **саммите НАТО** в Анкаре лидеры альянса собираются не только фотографироваться на совместном фото, но и подписывать оборонные контракты на десятки миллиардов долларов. 

В США военная повестка плавно перетекает в цифровую. Президент Трамп снял ограничения с Anthropic, но одновременно делает всё, чтобы **рынок ИИ остался под плотным контролем государства** и крупных корпораций. 

**Криптовалютные проекты** приносят самому Трампу миллиарды, а его администрация продвигает дерегуляцию отрасли и аккуратно встраивает крипту в финансовую систему. 

В Европе свои способы монетизировать будущее граждан: в Германии под разговорами о **«справедливой пенсии»** население планируют затаскивать на рискованный рынок капитала. 

На фронтах СВО продолжается совсем другая реальность — от мелких инцидентов с судами, которые иранские медиа превращают в политический символ, до российских **ударов по энергетике Киева** и постепенного продвижения российских войск на **Купянском и Славянском направлениях**.

__Об оборонных планах НАТО, цифровых экспериментах Вашингтона, криптобизнесе президента США и том, как всё это отражается на европейской экономике и военной обстановке, смотрите в новом выпуске __[__«Разборов Рыбаря — Итоги дня»__](https://rutube.ru/video/f149d266d9ac5763f6e17d518e9beeec/)__.__
#дайджест #разбор #эфиры
**✈**** **[**RU**](https://t.me/rybar)** | ****✈**** **[**EN**](https://t.me/rybar_in_english)** | ****✉**** **[**MAX**](https://max.ru/Rybar)** 

****✉**** **[**VK**](https://vk.com/rybar_force)** | ****✉**** **[**RuTube**](https://rutube.ru/u/rybar/)** | ****✉**** **[**ОК**](https://ok.ru/group/70000041986659)** | ****✉**** **[**Дзен**](https://dzen.ru/rybar)**

****💸**[**Поддержать нас**](https://qr.nspk.ru/BS1A0068ID10D33B9IBAQRQ4M9T0NIFN?type=01&bank=100000000008&crc=36CB)",123539,17,,0,1,photo
2026-07-02 19:50:34,rybar,81477,https://t.me/rybar/81477,"📝**Подтвержденные цели в Киеве**📝

Сегодняшний [ночной удар](https://t.me/rybar/81465?single) по **Киеву** преследовал цель поразить ключевые военно-промышленные заводы, а также объекты логистической инфраструктуры. Помимо этого удары были нанесены и по вспомогательной для ВСУ инфраструктуре, о чем стало известно благодаря всплывающим на протяжении дня кадрам горящих объектов.

➡️Одно из крупных возгораний в Киеве зафиксировано на территории транспортно-логистического центра «Чайка». Его основная важность для ВСУ заключалась в том, что его база пригодна для хранения беспилотных летательных аппаратов, боевых частей и боеприпасов для них, а также комплектующих к вооружению и технике, поступающих из-за рубежа.

🔻**Что ещё поразили?**

▪️Институт биохимии НАН в **Днепровском районе Киева**.

▪️Отделение «Новой Почты» в **Оболонском районе**. Организация давно работает в интересах ВСУ, помогая в снабжении их формирований на фронте и даже участвуя в доставке бронетехники.

▪️Уничтожен склад сети алкогольных магазинов OKWINE, зафиксированы поражения завода «Киевприбор» (о чем ранее писали в Минобороны РФ и теперь подтверждено фотоснимками) и ещё нескольких складов крупных компаний.

Попадания зафиксированы и по деловому комплексу Taryan Towers. По некоторым сведениям, оформленная на подставных лиц недвижимость там использовалась для проживания сотрудникам СБУ. Один из ударов пришелся на здания отелей CityHotel Residence и Premier Palace, а в киевские отели неоднократно расселяли иностранных «специалистов» и просто использовали их в качестве ПВД.
 
❗️Нанесение ударов по подобным объектам является важной задачей, поскольку они имеют вспомогательный, но критически значимый характер для обеспечения боеспособности ВСУ. Эти объекты, зачастую прикрытые ширмой гражданской инфраструктуры или частного бизнеса, формируют логистическую и техническую основу для ВСУ.

📌Важно понимать, что эффективное воздействие на противника не ограничивается исключительно военно-промышленными предприятиями или топливно-энергетическим сектором. В равной степени необходимо выводить из строя частные структуры (транспортные компании, гостиничные комплексы, офисные центры и склады), которые де-факто участвуют в обеспечении нужд украинских формирований. При этом дополнительные сложности уже приносят удары по АЗС, благодаря которым, например, фурам со снабжением для ВСУ становится нечем заправляться.

📍[**Карта в высоком разрешении**](https://i.ibb.co/j9VMMW4R/02-07-1.jpg)

📍[**English version**](https://i.ibb.co/4ZzZBVGt/02-07-1-EN.jpg) 

📍**Онлайн-карты доступны по подписке на ****map.rybar.ru**

#Россия #Киев #Украина 
✈️ [**RU**](https://t.me/rybar) | ✈️ [**EN**](https://t.me/rybar_in_english) | ✉️ [**MAX**](https://max.ru/Rybar)

✉️ [**VK**](https://vk.com/rybar_force) | ✉️ [**RuTube**](https://rutube.ru/u/rybar/) | ✉️ [**ОК**](https://ok.ru/group/70000041986659) | ✉️ [**Дзен**](https://dzen.ru/rybar)

💸[**Поддержать нас**](https://qr.nspk.ru/BS1A0068ID10D33B9IBAQRQ4M9T0NIFN?type=01&bank=100000000008&crc=36CB)",126154,112,,0,1,photo
2026-07-02 20:03:32,sashakots,62870,https://t.me/sashakots/62870,"Все в порядке, канал под контролем. 

@sashakots",76425,40,,0,0,
2026-07-02 20:05:15,vysokygovorit,23245,https://t.me/vysokygovorit/23245,"Все в порядке, канал под контролем. 

@sashakots",52842,13,,1,0,
2026-07-02 20:05:44,vysokygovorit,23246,https://t.me/vysokygovorit/23246,"Александра Коца пытались взломать, сейчас с каналом все хорошо, не переживайте.

[Старше Эдды в Мах](https://max.ru/vysokygovorit)",55470,17,,0,0,
2026-07-02 20:20:41,rybar,81478,https://t.me/rybar/81478,"📝**Главное от Рыбаря**📝
__дайджест материалов за 2 июля__

Как идет штурм **Константиновки** — города, который стратегически важен для продвижения к Славянско-Краматорской агломерации? [Разбирались](https://t.me/rybar/81475) в новом материале.

❗️Подробнее об этих и других темах читайте в нашем дайджесте.

➡️**Рыбарь** @rybar — говорим о сложном просто.

__Основной ресурс нашего аналитического центра. 
Самые важные и интересные материалы.__

▪️Хроника [СВО](https://t.me/rybar/81479), ночной удар по [Киеву](https://t.me/rybar/81461), успехи на подступах к [Славянску](https://t.me/rybar/81471), продвижение к востоку от [Оскола](https://t.me/rybar/81474), битва за [Константиновку](https://t.me/rybar/81475), последствия атак на объекты в [Киеве](https://t.me/rybar/81477)
▪️Что обсудят на [саммите](https://t.me/rybar/81460) НАТО?
▪️Обстановка в [Мали](https://t.me/rybar/81466)
▪️Как США пытаются [ограничивать](https://t.me/rybar/81468) технологии ИИ
▪️День ветеранов боевых действий хотят сделать [федеральной](https://t.me/rybar/81469) памятной датой
▪️Почему [цикличность](https://t.me/rybar/81472) ударов опасна
➡️**АЗИАТАРЬ ****@rybar_Pacific**

**Американцы** [озаботились](https://t.me/rybar_pacific/2753) строительством топливных резервуаров в регионе на случай войны с **Китаем**. **Японцам** же [стало](https://t.me/rybar_pacific/2754) тревожно от китайской пропаганды. А на Тайване [раскрывают](https://t.me/rybar_pacific/2755) маршруты контрабанды чипов на материк.
➡️**АМЕРИКАРЬ ****@rybar_america**
 
Дональд Трамп в прошлом году отлично заработал на [крипте](https://t.me/rybar_america/1743) и на [Ближнем Востоке](https://t.me/rybar_america/1749), США не будут продлевать торговое [соглашение](https://t.me/rybar_america/1745) с соседями, а OpenAI может [передать](https://t.me/rybar_america/1746) часть акций правительству.
➡️**АФРИКАРЬ ****@rybar_Africa**

Боевики «Джамаат Нусрат аль-Ислам валь-Муслимин» проверяют сахельскую оборону на прочность, одновременно атакуя Буркина-Фасо и Нигер. Штурм Гайери, Себба и Сольхана [обернулся](https://t.me/rybar_africa/4293) для исламистов потерей до 600 бойцов. В Нигере картина иная — в регионе Тиллабери они [убили](https://t.me/rybar_africa/4296) 21 солдата, захватив технику и оружие.
➡️**БАЛКАНАРЬ ****@balkanar**

В Болгарии фиксируют рекордную [инфляцию](https://t.me/balkanar/2237), цены растут, но власти страны продолжают переходить на евро, несмотря на критику в обществе. Тем временем в Сербии Александр Вучич [назван](https://t.me/balkanar/2234) кандидатом на пост премьера от правящей партии.
➡️**ЕВРОПАРЬ ****@evropar**

Литовцы хотят видеть чужую [ядерку](https://t.me/evropar/2100) в своей стране, а немецкий министр закупился [тушёнкой](https://t.me/evropar/2103). В Британии, тем временем, закрываются [пабы](https://t.me/evropar/2097).
➡️**КАВКАЗАРЬ ****@caucasar**

**Азербайджанцы** [поддержали](https://t.me/caucasar/1985) стремление жителей **Новой Каледонии** к независимости, а **горские евреи** [призвали](https://t.me/caucasar/1987) **израильское** правительство не признавать геноцид **армян**. В **Грузии** [отказываются](https://t.me/caucasar/1990) от **российской** нефти, в то время как **армяне** с охотой [слушают](https://t.me/caucasar/1986) байки о европейском будущем.
➡️**ЛАТИНАРЬ ****@rybar_latam**

В Латинской Америке [образовался](https://t.me/rybar_latam/3278) новый антинаркотический альянс, президент Гондураса [отказался](https://t.me/rybar_latam/3279) предоставлять гумпомощь Венесуэле, Вашингтон [раскритиковал](https://t.me/rybar_latam/3272) намерения Мачадо, а Марко Рубио [приговорил](https://t.me/rybar_latam/3274) очередную группировку.
➡️**ОРИЕНТАРЬ ****@rybar_mena**

Пока одни суда [встают на мель](https://t.me/rybar_mena/5721), другие уже успешно [проходят](https://t.me/rybar_mena/5732) **Ормуз**. Тем временем в **Израиле** решили [отказаться](https://t.me/rybar_mena/5722) от дотаций американцев, а в **КСИР** вновь [вспомнили](https://t.me/rybar_mena/5726) об иракских курдах.
➡️**ТУРАНАРЬ ****@rybar_stan**** 
**
В **Казахстане** [объявили](https://t.me/rybar_stan/2286) дату скорых выборов в **Парламент**. На этом фоне никак [не угомонятся](https://t.me/rybar_stan/2287) местные **«деколонизаторы»**. А в **Средней Азии** всё сильнее фонит **украинским** [присутствием](https://t.me/rybar_stan/2288).

©️[**Подписывайтесь на все каналы**](https://t.me/addlist/kONcGnoFQxU1NmQy)©️
#дайджест #итоги

✉️ [**VK**](https://vk.com/rybar_force) | ✉️ [**RuTube**](https://rutube.ru/u/rybar/) | ✉️ [**ОК**](https://ok.ru/group/70000041986659) | ✉️ [**Дзен**](https://dzen.ru/rybar)

💸[**Поддержать нас**](https://qr.nspk.ru/BS1A0068ID10D33B9IBAQRQ4M9T0NIFN?type=01&bank=100000000008&crc=36CB)",166485,13,,0,1,webpage
2026-07-02 21:09:28,Sladkov_plus,15719,https://t.me/Sladkov_plus/15719,"Может и мы скоро начнем думать нестандартно. Пока жизнь и причиненный Капотне (НПЗ) урон ничему не научил.    

https://t.me/historic_ru/19990",45690,103,,0,1,webpage
2026-07-02 21:10:21,rybar,81482,https://t.me/rybar/81482,,115406,70,,0,1,photo
2026-07-02 21:10:21,rybar,81481,https://t.me/rybar/81481,,111864,69,,0,1,photo
2026-07-02 21:10:21,rybar,81480,https://t.me/rybar/81480,,111629,69,,0,1,photo
2026-07-02 21:10:21,rybar,81479,https://t.me/rybar/81479,"📝**Хроника специальной военной операции **📝
__За 2 июля 2026 года__

🧨Российские войска нанесли комбинированный удар по объектам на всей территории т.н. Украины с основной массой прилётов в **Киеве**. Поражены объекты военно-промышленного комплекса, энергетики и логистической инфраструктуры, задействованной в снабжении ВСУ. Часть **Киева** осталась без света из-за повреждений энергообъектов.

Множественным ударам подверглись объекты противника и в прифронтовой зоне, поражены не менее семи АЗС, целями также стали различные инфраструктурные объекты.

Противник продолжил массовые пуски БЛА по России, средствами ПВО за минувшие сутки перехвачено несколько сотен БЛА. Перехваты зафиксированы на подлете к **Москве**, а также в **Нижегородской** и **Ленинградской областях**. Множественным ударам подвергся **Крым** и другие регионы юга России. 

Также формирования ВСУ нанесли удары БЛА по объектам в **Запорожской области**. В результате атак погибли двое сотрудников «Запорожьеэнерго» во время ремонтных работ. Ранения получили ещё несколько человек, все госпитализированы. Повреждены частные домовладения и личный транспорт в **Васильевке** и **Мелитопольском округе**.

➡️На **Слобожанском направлении **продолжаются ожесточенные бои в районе **Казачьей** **Лопани**, подразделения «Северян» действуют в границах населенного пункта.

➡️На** **[**Купянском направлении**](https://t.me/rybar/81474)** **группировка войск «Запад» значительно сократила плацдарм противника к востоку от **Оскола**, зачистив несколько населенных пунктов за минувшие несколько недель.

➡️На [**Славянском** **направлении** ](https://t.me/rybar/81471)гвардейцы 7 омсбр группировки «Юг» заняли **Пискуновку**, в селе развернуты флаги. Между **Кривой** **Лукой** и **Калениками** зачищены несколько опорных пунктов.

➡️На [**Константиновском направлении**](https://t.me/rybar/81475) штурмовые группы ВС РФ продвигаются к западным окраинам **Константиновки**, зачищая квартал за кварталом. Украинские формирования теряют бронетехнику в попытках контратак.

**📎**** Карты в высоком разрешении:

🔸Обстановка в зоне специальной военной операции (**[**ru**](https://i.ibb.co/8pRvB2N/clean-02-07-1.jpg)**; **[**en**](https://i.ibb.co/BVngLKjJ/clean-02-07-ENG-1.jpg)**)**

**🔸Комбинированный удар по Киеву  (**[**ru**](https://i.ibb.co/j9VMMW4R/02-07-1.jpg)**; **[**en**](https://i.ibb.co/4ZzZBVGt/02-07-1-EN.jpg)**)**
**
🔸Слобожанское направление (**[**ru**](https://i.ibb.co/Sw0tS69H/02-07.jpg)**; **[**en**](https://i.ibb.co/YTDTCJRD/02-07-EN.jpg)**)**
**
🔸Купянское направление (**[**ru**](https://i.ibb.co/qMWDkB3g/02-07.jpg)**; **[**en**](https://i.ibb.co/4n9JRVfH/02-07-EN.jpg)**)

🔸Славянское** **направление (**[**ru**](https://i.ibb.co/jk06qBKv/02-07.jpg)**; **[**en**](https://i.ibb.co/PG05sN2d/02-07-EN.jpg)**)**

**🔸Константиновское** **направление (**[**ru**](https://i.ibb.co/rfdcjxJg/02-07.jpg)**; **[**en**](https://i.ibb.co/p9GFK0G/02-07-EN.jpg)**)

****📍**** Онлайн-карты доступны по подписке на ****map.rybar.ru**
#дайджест #Днепропетровск #Запорожье #Славянск #Россия #Украина
✈️ [**RU**](https://t.me/rybar) | ✈️ [**EN**](https://t.me/rybar_in_english) | ✉️ [**MAX**](https://max.ru/Rybar)

✉️ [**VK**](https://vk.com/rybar_force) | ✉️ [**RuTube**](https://rutube.ru/u/rybar/) | ✉️ [**ОК**](https://ok.ru/group/70000041986659) | ✉️ [**Дзен**](https://dzen.ru/rybar)

💸 [**Поддержать нас**](https://qr.nspk.ru/BS1A0068ID10D33B9IBAQRQ4M9T0NIFN?type=01&bank=100000000008&crc=36CB)",109828,69,,0,1,photo
2026-07-02 21:10:22,rybar,81484,https://t.me/rybar/81484,,115235,69,,0,1,photo
2026-07-02 21:10:22,rybar,81483,https://t.me/rybar/81483,,115633,69,,0,1,photo
2026-07-02 21:32:07,dva_majors,95550,https://t.me/dva_majors/95550,"🇷🇺⚠️ **Экспертам МАГАТЭ на Запорожской АЭС показали последствия атаки ВСУ на пожарную часть в Энергодаре
**
2 июля группе экспертов **__Международного агентства по атомной энергии (МАГАТЭ)__** показали повреждения 30-й пожарно-спасательной части МЧС России (__на фото__) в **Энергодаре** после прилётов украинских БПЛА 30 июня.

По информации официальных каналов Запорожской АЭС, в результате атаки повреждено здание пожарной части и выведены из строя пожарные автоцистерны. 

Глава агентства **Рафаэль Гросси** подтвердил факт повреждений и назвал атаку неприемлемой (и__ дальше что?__):
«Группа обнаружила повреждения здания и нескольких пожарных машин, что значительно снизило оперативные возможности станции... Любая атака, которая подрывает ядерную безопасность и готовность к чрезвычайным ситуациям, неприемлема».

✨ Шёл **2026-й** год, на Запорожской АЭС продолжает присутствовать **постоянная миссия МАГАТЭ**. Европейцы находятся там якобы для __поддержания режима прекращения огня__ в районе станции. 

28 июня глава «Росатома» **Алексей Лихачёв** заявил, что ВСУ продолжают наносить удары по району Запорожской АЭС и Энергодару. **За сутки зафиксировали более 60 атак**. Либо пора депортировать представителей МАГАТЭ за отсутствие пользы от них, либо отправить в местные МОГи, чтобы эффективнее предотвращали атаки дронов на ЗАЭС. Броники у них уже есть, дело за малым. 

⚡️[**Два майора**](https://t.me/dva_majors/)
⭐️[**Два майора в МАХ**](https://max.ru/dva_majors)",82022,108,43,0,1,photo
2026-07-02 21:36:57,dva_majors,95551,https://t.me/dva_majors/95551,"✨Противник все чаще применяет скоростные и реактивные БПЛА. Достать их с гарантией - стрелять из [ПЗРК](https://t.me/tactical_13/9917). 

[**Два майора **](https://t.me/dva_majors)**✨****  **[**Два майора в МАХ**](https://max.ru/dva_majors)",86702,77,15,0,1,webpage
2026-07-03 00:57:43,ngp_razvedka,25760,https://t.me/ngp_razvedka/25760,"На канале обнаружен наплыв украинчиков, которые недовольны тем, что их неправильно освобождают. 

Недостаточно учитывают их интересы, причиняют дискомфорт. 

Почему мы вообще должны учитывать чьи либо интересы на Украине, кроме как добрых русских людей живущих в оккупации, украинчики не сообщают. 

Но, все недовольные всегда могут личным примером показать как надо, однако желающих за прошедшие годы пока не обнаружено. 

✈️ [НгП раZVедка](https://t.me/NgP_raZVedka) 🦇 [ДРГ в МАХ](https://max.ru/NgP_raZVedka) 📲",8957,12,43,0,0,
2026-07-03 01:56:45,dva_majors,95552,https://t.me/dva_majors/95552,"**ПОДЪЁМ**!

[**Два майора **](https://t.me/dva_majors)**✨****  **[**Два майора в МАХ**](https://max.ru/dva_majors)",75590,32,7,0,1,document
2026-07-03 01:56:51,dva_majors,95553,https://t.me/dva_majors/95553,"#Сводка** на утро 3 июля 2026 года**

▪️За нанесение ударов по Киеву Зеленский пообещал встречный налет. Этой ночью очередные дроны заходили на Крым в две волны, противник сосредоточил усилия после полуночи на полуострове. Несколько дронов уничтожены на подходе к **столице** и в **Тульской области**, бой с БПЛА противника шёл в Запорожской области.

▪️В Брянской области на границе с Белоруссией ВСУ самолетного типа атаковали пассажирский туристический автобус, следовавший из Минска в Анапу. Ранены два водителя. Реакция официальных лиц из Белоруссии потрясла и звучала коротко так: __не надо ездить в Россию, там опасно__.

▪️ На **Сумском направлении** в Шосткинском районе штурмовики ГВ ""Север"" продолжают вести стрелковые бои в Бачевске. В Сумском районе наши  ведут тяжелые бои, продвигаются. Не прекращаются стрелковые бои в Писаревке, Марьино, в селе Новая Сечь, посёлке Хотень. В Краснопольском районе - бои продолжаются в лесных массивах.

▪️В **Белгородской области **в селе Новая Таволжанка при отражении атаки FPV-дрона ранен боец ""Орлана"". Там же при атаке FPV-дрона на автомобиль мужчина, другой дрон ранее ударил по дороге, ранил троих. Противник охотится за автомобилями всех типов, наносит удары по гражданским объектам.

▪️В **Харьковской области** ГрВ ""Север"" ведет встречные бои в н.п. Казачья Лопань и прилегающих лесных массивах. На Волчанском участке  бои продолжаются в районе кладбища села Лосевка, в Земляном Яре, на подступах к посёлку Белый Колодезь. На Великобурлукском участке - бои в селе Петро-Ивановка, а также в лесных массивах около сёл Бударки и Землянки.

▪️С **Купянского** направления в сеть попали кадры работы наших передовых штурмовых групп у южной окраины Новоосиново.

▪️Идут бои на севере [Константиновки](https://t.me/dva_majors/95523), в сети поступали сообщения о действиях наших отдельных групп в **Алексеево-Константиновке** севернее

▪️В **ДНР** в Волновахе погиб мужчина, раненые - в Ждановке, а также на трассах: ""Донецк - Новоазовск - Седово""': ""Донецк - Старобешево"", ""Пантелеймоновка - Горловка"".

▪️В **Днепропетровской области **воины ГрВ ""Восток  уничтожили противника и овладели опорными пунктами северо-западнее Богодаровки и восточнее Добропасово.

▪️В восточной части Запорожской области подразделения ГрВ ""Восток"" продолжили продвижение в глубину обороны противника к западу от Новоселовки, Копани, Ровного и Лесного.  После освобождения Копани наши  продолжают разрывать оборону ВСУ в западном направлении.

▪️В **Херсонской области **погиб один человек, ещё три получили ранения. Повреждения инфраструктуры - в 15 населённых пунктах.

**Сводку составили: **[**Два майора**](https://t.me/dva_majors)",205853,306,51,0,1,webpage
2026-07-03 04:29:47,epoddubny,28005,https://t.me/epoddubny/28005,"Мирная жительница погибла в результате обстрела Белгорода. Около шести утра город подвергся массированной ракетной атаке. В областном центре и пригородах фиксируются перебои с электроснабжением. Оперативные службы работают над устранением последствий удара.

[Подпишись ТГ](https://t.me/epoddubny) / [Подпишись МАХ](https://max.ru/epoddubny)",20017,35,1,0,0,
2026-07-03 04:39:20,dva_majors,95554,https://t.me/dva_majors/95554,"Делайте утреннюю зарядку правильно!

[**Два майора **](https://t.me/dva_majors)**✨****  **[**Два майора в МАХ**](https://max.ru/dva_majors)",64076,177,27,0,1,document
2026-07-03 04:41:52,dva_majors,95555,https://t.me/dva_majors/95555,"В течение ночи в период с 20.00 мск 2 июля до 7.00 мск 3 июля дежурными средствами ПВО перехвачены и уничтожены 155 украинских беспилотных летательных аппаратов самолетного типа над территориями Тверской, Тульской, Смоленской, Калужской, Белгородской, Брянской, Курской, Ростовской областей, Краснодарского края, Московского региона, Республики Крым и над акваториями Азовского и Черного морей, - Минобороны России.

[**Два майора **](https://t.me/dva_majors)**✨****  **[**Два майора в МАХ**](https://max.ru/dva_majors)",71058,42,10,0,0,
2026-07-03 05:02:30,sashakots,62871,https://t.me/sashakots/62871,"**ИНОСМИ Альтернатива для Германии и российско-китайские учения**

Politico (США). «Культовая фигура крайне левых сил Германии протягивает руку помощи набирающим силу крайне правым с предложением свергнуть правящие страной партии магистральной линии. Союз Сары Вагенкнехт, левопопулистская партия, основанная бывшей коммунисткой из ГДР и одним из самых нашумевших политиков страны, заявил о готовности сотрудничать с ультраправой ""Альтернативой для Германии"", чтобы одолеть традиционную элиту, против которой выступают оба движения.
Предложение партии Вагенкнехт прорвать так называемый ""санитарный кордон"", который не дает другим партиям сотрудничать с ультраправыми, как минимум отчасти призвано поддержать собственный рейтинг и оттянуть избирателей у АдГ. Вместе с тем оно предвещает рождение радикального альянса между левыми и правыми в восточной Германии, где недоверие к центристам, долгое время правившим страной, укоренилось глубже, чем на Западе страны».

Sohu (Китай). «Мир бушует, и накал напряженности не обошел даже Северо-Восточную Азию. 27 июня вооруженные силы России и Китая провели 11-е совместное стратегическое воздушное патрулирование в воздушных пространствах над Японским морем, Восточно-Китайским морем и западной частью Тихого океана. Они очертили четкую границу в бескрайнем небе. Ситуация на Ближнем Востоке также остается напряженной, и Трамп вынужден отдавать приоритетное внимание этому региону. Фокус Вашингтона сместился, и в связи с этим решение вопросов в Азиатско-Тихоокеанском регионе было отодвинуто на задний план. Совместное российско-китайское патрулирование прошло именно в этот период. В результате основной удар пришелся по Японии. Правительство Санаэ Такаити вынуждено самостоятельно решать вопросы безопасности Японии, а неопределенность, вызванная временным отходом Штатов от азиатского региона, поставила Токио в затруднительное положение».

The New York Times (США). «Дональд Трамп и его военное командование оказались в затруднительном положении. Они объявили о начале новой миссии по проходу торговых судов через Ормузский пролив, который Иран фактически заблокировал в начале войны. ВМС и ВВС США будут отражать любые атаки Ирана во время временного прекращения огня, заявили командиры.  Центральное командование США было застигнуто врасплох, когда руководство Саудовской Аравии не разрешило американским вооруженным силам воспользоваться воздушным пространством королевства для выполнения миссии, которую Пентагон окрестил операцией ""Свобода"". Американцы с саудовцами предварительно не консультировались. Последовала вереница неотложных и напряженных телефонных звонков между Вашингтоном и саудовским лидером наследным принцем Мухаммедом ибн Салманом. По словам американских официальных лиц, разъяренный Трамп беседовал с ним 4 мая, в первый же день операции, а затем в течение двух последующих дней».

@sashakots",15545,13,,0,0,
2026-07-03 05:04:34,rusich_army,30181,https://t.me/rusich_army/30181,"🤙**Доброго, пятничного утра, дорогие подписчики!
**
__Живы́й въ по́мощи Вы́шняго, въ кро́вѣ Бо́га небе́снаго водвори́т­ся,
рече́тъ Го́сподеви: засту́пникъ мо́й еси́ и при­­бѣ́жище мое́, Бо́гъ мо́й, и упова́ю на Него́.
Я́ко То́й изба́витъ тя́ от­ сѣ́ти ло́вчи и от­ словесе́ мяте́жна:
плещма́ Сво­и́ма осѣни́тъ тя́, и подъ крилѣ́ Его́ надѣ́ешися: ору́жiемъ обы́детъ тя́ и́стина Его́.
Не убо­и́шися от­ стра́ха нощна́го, от­ стрѣлы́ летя́щiя во дни́,
от­ ве́щи во тмѣ́ преходя́щiя, от­ сря́ща {от­ нападе́нiя} и бѣ́са полу́ден­наго.
Паде́тъ от­ страны́ тво­ея́ ты́сяща, и тма́ одесну́ю тебе́, къ тебѣ́ же не при­­бли́жит­ся:
оба́че очи́ма тво­и́ма смо́триши и воз­дая́нiе грѣ́шниковъ у́зриши.
Я́ко ты́, Го́споди, упова́нiе мое́: Вы́шняго положи́лъ еси́ при­­бѣ́жище твое́.
Не прiи́детъ къ тебѣ́ зло́, и ра́на не при­­бли́жит­ся тѣлеси́ тво­ему́ {селе́нiю тво­ему́}:
я́ко А́нгеломъ Сво­и́мъ заповѣ́сть о тебѣ́, сохрани́ти тя́ во всѣ́хъ путе́хъ тво­и́хъ.
На рука́хъ во́змутъ тя́, да не когда́ преткне́ши о ка́мень но́гу твою́:
на а́спида и васили́ска насту́пиши, и попере́ши льва́ и змі́я.
Я́ко на Мя́ упова́, и изба́влю и́: покры́ю и́, я́ко позна́ и́мя Мое́.
Воззове́тъ ко Мнѣ́, и услы́шу его́: съ ни́мъ е́смь въ ско́рби, изму́ его́ и просла́влю его́:
долгото́ю дні́й испо́лню его́ и явлю́ ему́ спасе́нiе Мое́.

__[Архангел Спецназа. Подписаться.](https://t.me/rusich_army)",54748,18,36,0,1,photo
2026-07-03 05:19:26,wargonzo,35256,https://t.me/wargonzo/35256,,17271,34,,0,1,photo
2026-07-03 05:19:26,wargonzo,35255,https://t.me/wargonzo/35255,,15841,34,,0,1,photo
2026-07-03 05:19:26,wargonzo,35254,https://t.me/wargonzo/35254,,15812,34,,0,1,photo
2026-07-03 05:19:26,wargonzo,35253,https://t.me/wargonzo/35253,,15761,34,,0,1,photo
2026-07-03 05:19:26,wargonzo,35252,https://t.me/wargonzo/35252,"⚡️Фронтовая сводка на утро 03.07.26⚡️

**Запорожский фронт**
На Каменском направлении об изменениях в ЛБС не сообщается.** (Рис. 1.1)**

На Гуляйпольского направления войска РФ продвигаются к Долинке от сёл Ровное и Копани. На Ореховском направлении ВС РФ наступают со стороны Нестерянки к Новоандреевке, продвигаясь к западным и южным окраинам села. Идут бои в центре Новоданиловки. **(Рис. 1.2)
**
**Донецкий фронт**
На Красноармейском направлении продвигаются со стороны Гришино и занимают новые позиции западнее села. На Добропольском направлении ВС РФ заходят на юго-восточную окраину Доброполья и наступают к окраине Анновки. **(Рис. 2.2)**

В Константиновке продолжается зачистка. Появляется информация о том, что штурмовые группы ВС РФ зашли на южные окраины Алексеево-Дружковки.

В Красном Лимане ВС РФ занимают новые позиции в южной части города. МО РФ сообщило об освобождении Пискуновки, расположенной к западу от Кривой Луки. Есть успехи на участке между Кривой Лукой и Калениками. Продолжаются бои в районе Рай-Александровки и на подступах к Ореховатке. ВС РФ занимают новые позиции по рубежу Малиновка – Юрковка. **(Рис. 2.3)**

**Харьковский фронт**
На Купянском направлении ВС РФ отражают контратаки противника у Куриловки и Купянска-Узлового. Войска РФ занимают новые позиции вдоль южной окраины Новоосиново. **(Рис. 3.1)**

На Волчанском направлении ВС РФ продвигаются в Казачьей Лопани. В районе Волчанска идут бои в Земляном Яре, а также в лесах у Избицкого, Старицы и Рубежного. (**Рис. 3.2)**

**Сумской фронт**
Продолжаются бои в Писаревке, Марьино, Новой Сечи и Хотени. **(Рис. 4)**

__Смотрите ежедневные сводки от аналитического отдела проекта__
@wargonzo",18865,34,,0,1,photo
2026-07-03 05:19:27,wargonzo,35258,https://t.me/wargonzo/35258,,17279,34,,0,1,photo
2026-07-03 05:19:27,wargonzo,35257,https://t.me/wargonzo/35257,,17314,34,,0,1,photo
2026-07-03 05:25:30,rybar,81485,https://t.me/rybar/81485,"#Сводка** на утро 3 июля 2026 года**

▪️За нанесение ударов по Киеву Зеленский пообещал встречный налет. Этой ночью очередные дроны заходили на Крым в две волны, противник сосредоточил усилия после полуночи на полуострове. Несколько дронов уничтожены на подходе к **столице** и в **Тульской области**, бой с БПЛА противника шёл в Запорожской области.

▪️В Брянской области на границе с Белоруссией ВСУ самолетного типа атаковали пассажирский туристический автобус, следовавший из Минска в Анапу. Ранены два водителя. Реакция официальных лиц из Белоруссии потрясла и звучала коротко так: __не надо ездить в Россию, там опасно__.

▪️ На **Сумском направлении** в Шосткинском районе штурмовики ГВ ""Север"" продолжают вести стрелковые бои в Бачевске. В Сумском районе наши  ведут тяжелые бои, продвигаются. Не прекращаются стрелковые бои в Писаревке, Марьино, в селе Новая Сечь, посёлке Хотень. В Краснопольском районе - бои продолжаются в лесных массивах.

▪️В **Белгородской области **в селе Новая Таволжанка при отражении атаки FPV-дрона ранен боец ""Орлана"". Там же при атаке FPV-дрона на автомобиль мужчина, другой дрон ранее ударил по дороге, ранил троих. Противник охотится за автомобилями всех типов, наносит удары по гражданским объектам.

▪️В **Харьковской области** ГрВ ""Север"" ведет встречные бои в н.п. Казачья Лопань и прилегающих лесных массивах. На Волчанском участке  бои продолжаются в районе кладбища села Лосевка, в Земляном Яре, на подступах к посёлку Белый Колодезь. На Великобурлукском участке - бои в селе Петро-Ивановка, а также в лесных массивах около сёл Бударки и Землянки.

▪️С **Купянского** направления в сеть попали кадры работы наших передовых штурмовых групп у южной окраины Новоосиново.

▪️Идут бои на севере [Константиновки](https://t.me/dva_majors/95523), в сети поступали сообщения о действиях наших отдельных групп в **Алексеево-Константиновке** севернее

▪️В **ДНР** в Волновахе погиб мужчина, раненые - в Ждановке, а также на трассах: ""Донецк - Новоазовск - Седово""': ""Донецк - Старобешево"", ""Пантелеймоновка - Горловка"".

▪️В **Днепропетровской области **воины ГрВ ""Восток  уничтожили противника и овладели опорными пунктами северо-западнее Богодаровки и восточнее Добропасово.

▪️В восточной части Запорожской области подразделения ГрВ ""Восток"" продолжили продвижение в глубину обороны противника к западу от Новоселовки, Копани, Ровного и Лесного.  После освобождения Копани наши  продолжают разрывать оборону ВСУ в западном направлении.

▪️В **Херсонской области **погиб один человек, ещё три получили ранения. Повреждения инфраструктуры - в 15 населённых пунктах.

**Сводку составили: **[**Два майора**](https://t.me/dva_majors)",73740,25,,1,1,webpage
2026-07-03 05:33:20,epoddubny,28006,https://t.me/epoddubny/28006,"Новые антидроновые боеприпасы –
патроны ""Многоточие"" пошли в серию, первая партия уже отгружена в войска.  Разработка представлена в двух вариантах – под калибры 5,45 мм и 7,62 мм. 

Ключевое преимущество ""Многоточия"" – особая конструкция пули: она состоит из трёх элементов и при выстреле разделяется, за счёт чего существенно возрастает плотность огня. Это кратно повышает вероятность поражения малоразмерной и манёвренной цели вроде беспилотника.

Важный плюс новых патронов – полная совместимость со штатными автоматами соответствующих калибров. Благодаря этому бойцам не нужно брать с собой дополнительное оружие для борьбы с дронами. По заявлению ""Ростеха"" привычный автомат с патронами ""Многоточие"" может служить универсальным средством противодействия БПЛА.

[Подпишись ТГ](https://t.me/epoddubny) / [Подпишись МАХ](https://max.ru/epoddubny)",17030,141,0,0,1,photo
2026-07-03 06:04:25,dva_majors,95556,https://t.me/dva_majors/95556,"📝**Главное от Рыбаря**📝
__дайджест материалов за 2 июля__

Как идет штурм **Константиновки** — города, который стратегически важен для продвижения к Славянско-Краматорской агломерации? [Разбирались](https://t.me/rybar/81475) в новом материале.

❗️Подробнее об этих и других темах читайте в нашем дайджесте.

➡️**Рыбарь** @rybar — говорим о сложном просто.

__Основной ресурс нашего аналитического центра. 
Самые важные и интересные материалы.__

▪️Хроника [СВО](https://t.me/rybar/81479), ночной удар по [Киеву](https://t.me/rybar/81461), успехи на подступах к [Славянску](https://t.me/rybar/81471), продвижение к востоку от [Оскола](https://t.me/rybar/81474), битва за [Константиновку](https://t.me/rybar/81475), последствия атак на объекты в [Киеве](https://t.me/rybar/81477)
▪️Что обсудят на [саммите](https://t.me/rybar/81460) НАТО?
▪️Обстановка в [Мали](https://t.me/rybar/81466)
▪️Как США пытаются [ограничивать](https://t.me/rybar/81468) технологии ИИ
▪️День ветеранов боевых действий хотят сделать [федеральной](https://t.me/rybar/81469) памятной датой
▪️Почему [цикличность](https://t.me/rybar/81472) ударов опасна
➡️**АЗИАТАРЬ ****@rybar_Pacific**

**Американцы** [озаботились](https://t.me/rybar_pacific/2753) строительством топливных резервуаров в регионе на случай войны с **Китаем**. **Японцам** же [стало](https://t.me/rybar_pacific/2754) тревожно от китайской пропаганды. А на Тайване [раскрывают](https://t.me/rybar_pacific/2755) маршруты контрабанды чипов на материк.
➡️**АМЕРИКАРЬ ****@rybar_america**
 
Дональд Трамп в прошлом году отлично заработал на [крипте](https://t.me/rybar_america/1743) и на [Ближнем Востоке](https://t.me/rybar_america/1749), США не будут продлевать торговое [соглашение](https://t.me/rybar_america/1745) с соседями, а OpenAI может [передать](https://t.me/rybar_america/1746) часть акций правительству.
➡️**АФРИКАРЬ ****@rybar_Africa**

Боевики «Джамаат Нусрат аль-Ислам валь-Муслимин» проверяют сахельскую оборону на прочность, одновременно атакуя Буркина-Фасо и Нигер. Штурм Гайери, Себба и Сольхана [обернулся](https://t.me/rybar_africa/4293) для исламистов потерей до 600 бойцов. В Нигере картина иная — в регионе Тиллабери они [убили](https://t.me/rybar_africa/4296) 21 солдата, захватив технику и оружие.
➡️**БАЛКАНАРЬ ****@balkanar**

В Болгарии фиксируют рекордную [инфляцию](https://t.me/balkanar/2237), цены растут, но власти страны продолжают переходить на евро, несмотря на критику в обществе. Тем временем в Сербии Александр Вучич [назван](https://t.me/balkanar/2234) кандидатом на пост премьера от правящей партии.
➡️**ЕВРОПАРЬ ****@evropar**

Литовцы хотят видеть чужую [ядерку](https://t.me/evropar/2100) в своей стране, а немецкий министр закупился [тушёнкой](https://t.me/evropar/2103). В Британии, тем временем, закрываются [пабы](https://t.me/evropar/2097).
➡️**КАВКАЗАРЬ ****@caucasar**

**Азербайджанцы** [поддержали](https://t.me/caucasar/1985) стремление жителей **Новой Каледонии** к независимости, а **горские евреи** [призвали](https://t.me/caucasar/1987) **израильское** правительство не признавать геноцид **армян**. В **Грузии** [отказываются](https://t.me/caucasar/1990) от **российской** нефти, в то время как **армяне** с охотой [слушают](https://t.me/caucasar/1986) байки о европейском будущем.
➡️**ЛАТИНАРЬ ****@rybar_latam**

В Латинской Америке [образовался](https://t.me/rybar_latam/3278) новый антинаркотический альянс, президент Гондураса [отказался](https://t.me/rybar_latam/3279) предоставлять гумпомощь Венесуэле, Вашингтон [раскритиковал](https://t.me/rybar_latam/3272) намерения Мачадо, а Марко Рубио [приговорил](https://t.me/rybar_latam/3274) очередную группировку.
➡️**ОРИЕНТАРЬ ****@rybar_mena**

Пока одни суда [встают на мель](https://t.me/rybar_mena/5721), другие уже успешно [проходят](https://t.me/rybar_mena/5732) **Ормуз**. Тем временем в **Израиле** решили [отказаться](https://t.me/rybar_mena/5722) от дотаций американцев, а в **КСИР** вновь [вспомнили](https://t.me/rybar_mena/5726) об иракских курдах.
➡️**ТУРАНАРЬ ****@rybar_stan**** 
**
В **Казахстане** [объявили](https://t.me/rybar_stan/2286) дату скорых выборов в **Парламент**. На этом фоне никак [не угомонятся](https://t.me/rybar_stan/2287) местные **«деколонизаторы»**. А в **Средней Азии** всё сильнее фонит **украинским** [присутствием](https://t.me/rybar_stan/2288).

©️[**Подписывайтесь на все каналы**](https://t.me/addlist/kONcGnoFQxU1NmQy)©️
#дайджест #итоги

✉️ [**VK**](https://vk.com/rybar_force) | ✉️ [**RuTube**](https://rutube.ru/u/rybar/) | ✉️ [**ОК**](https://ok.ru/group/70000041986659) | ✉️ [**Дзен**](https://dzen.ru/rybar)

💸[**Поддержать нас**](https://qr.nspk.ru/BS1A0068ID10D33B9IBAQRQ4M9T0NIFN?type=01&bank=100000000008&crc=36CB)",39893,0,1,1,1,webpage
2026-07-03 06:18:01,dva_majors,95557,https://t.me/dva_majors/95557,"**Бензиновый дефицит — это не только про бензин. Это про попытку раскачать общество через бытовую злость.**

Мы смотрим на то, что происходит на заправках, и видим очень знакомую механику: там, где раньше работало пять колонок, сейчас открыты две. Формально бензин есть, табло горит, заправка работает, но поток искусственно сужен. Машины стоят, очередь растёт, люди нервничают, начинают звонить знакомым, писать в чаты, снимать видео, ехать заправляться “на всякий случай”.

И вот уже дефицит становится не только экономическим, но и психологическим.

**Очередь — это оружие.**

Потому что очередь бьёт не по кошельку, а по нервам. Она показывает человеку простую картинку: “система не справляется”. И дальше уже неважно, сколько реально топлива на базе, сколько цистерн в дороге и какой график поставок. Человек видит хвост машин, закрытые колонки и делает вывод: что-то пошло не так.

История России такие сценарии уже знает.** Февраль 1917 года** — это не просто “хлеба не было”. Россия тогда не исчезла как производитель зерна. Проблема была в другом: война, логистика, сбои снабжения, управленческий развал, слухи, недоверие. В Петрограде люди видели **очереди за хлебом** и понимали это не как технический сбой, а как символ: власть больше не контролирует базовые вещи.

Именно с этого начинается разрушение государства — не с лозунгов, а с очереди. Сначала очередь за хлебом. Потом разговоры в очереди. Потом злость. Потом улица. Потом уже политики, агитаторы, радикалы и все остальные, кто приходит на готовое раздражение.

**В 1990 году** была другая история, но механизм тот же: **табачный дефицит**. Табачные бунты. Москва, Пермь, другие города. Сигареты — вроде не хлеб, без них можно прожить. Но для миллионов людей это была ежедневная привычка, нервная разрядка, элемент быта. И когда сигареты пропали, когда появились талоны, очереди, спекулянты, унижение и ощущение полного бардака — это ударило по психике общества сильнее, чем многие политические заявления.

Поздний СССР ломался не только на трибунах. Он ломался в очередях. Очередь за колбасой. Очередь за сигаретами. Очередь за водкой. Очередь за бензином. Очередь как постоянное доказательство того, что государство вроде огромное, армия мощная, ракеты есть, заводы есть — а нормальную жизнь обеспечить не может.

Вот почему нынешний бензиновый дефицит нельзя рассматривать просто как “ну, временно не довезли”. Бензин — это нервная система страны. Это не только автомобилисты. Это доставка. Такси. Фуры. Скорая. Сельхозтехника. Уборочная. Малый бизнес. Строители. Регионы. Всё, что движется, завязано на топливо.

И если человеку начинают показывать картинку: “бензина нет”, “колонки закрыты”, “очередь на час”, “лучше залей полный бак прямо сейчас”, — дальше включается стадный инстинкт. Даже тот, кому полбака хватило бы на неделю, едет и доливает до полного. Кто-то берёт канистры. Кто-то начинает искать “свою” заправку. Кто-то перепродаёт. Кто-то запускает слухи.

Так дефицит сам себя разгоняет. Именно поэтому мы говорим: смотрите не только на наличие бензина, а на управление потоком:

Сколько колонок реально работает?
Почему часть колонок закрыта?
Есть ли лимиты?
Кому отпускают без очереди?
Как часто приходит бензовоз?
Почему на одной заправке пусто, а на другой очередь?
Почему табло горит, а колонка не работает?
Почему раньше справлялись пять колонок, а теперь оставили две?

Это и есть точка, где хозяйственная проблема превращается в социальную технологию. **Россию невозможно взломать только снаружи.** Её можно пытаться давить санкциями, атаками, войной, информацией, но **окончательный взлом всегда пытаются делать изнутри — через недоверие, усталость, раздражение, бытовой хаос и ощущение, что “всё разваливается”.**

1917 год — хлеб.
1990 год — табак.
Сегодня таким триггером может стать бензин.

Не потому что бензин сам по себе важнее всего. А потому что он касается почти каждого. Он сразу виден. Он сразу ощущается. Он сразу создаёт очередь. А очередь — это готовая декорация для паники. Поэтому сейчас главное — не вестись на истерику, но и не делать вид, что ничего не происходит.

Нужна холодная голова и жёсткая фиксация фактов:

Где закрывают колонки?
Где искусственно режут поток?
Где создают очереди при наличии топлива?
Где независимые АЗС задирают цену?
Где местные власти спят?
Где сети играют в мутные схемы?
Где проблема объективная, а где её усиливают руками?

Потому что дефицит — это не всегда когда товара нет. Иногда дефицит — это когда товар есть, но людям специально показывают, что его “почти нет”. А это уже не экономика. Это работа по нервам общества.

Третьей революции за 110 лет нам не надо. Пристегните кукухи, осень будет турбулентной.

[Месть доброй воли](https://t.me/Mestb_Dobroj_Voli)",44286,641,332,1,0,
2026-07-03 06:19:00,rybar,81486,https://t.me/rybar/81486,"📝**Обменялись опытом**📝

В западных СМИ очередная сенсация: оказывается, российских военнослужащих обучают в Китае. В прошлом году на курсах в сфере БЛА, РХБЗ и других участвовали около 200 представителей ВС РФ. В целом ничего необычного, но на Западе нашли к чему придраться. 

©️Кто сливает информацию о российско-китайском взаимодействии и как она будет использована в дальнейшем —[ разобрали на нашем канале в **MAX**.](https://max.ru/Rybar/AZ8itDyIWMY)

❗️**Подписывайтесь**, чтобы не пропустить другие эксклюзивные материалы.",71605,10,,0,1,webpage
2026-07-03 06:31:02,wargonzo,35259,https://t.me/wargonzo/35259,"**Два человека погибли при ракетном ударе по Белгороду и атаке на Брянщину**

Приграничные регионы России понесли новые потери.

В Белгороде в результате ракетного обстрела погибла мирная жительница. Еще как минимум один человек пострадал. На энергообъекте возник пожар, часть города осталась без света и воды.

В Брянской области от атак украинских дронов-камикадзе погиб мужчина в селе Борщово Погарского района. Трое раненых — водитель в Климовском районе, женщина в Суземке и еще один пострадавший (данные уточняются). Все госпитализированы.

На местах работают экстренные службы, восстанавливают инфраструктуру. Власти оказывают помощь семьям погибших и пострадавшим.

👉🏻 [Присоединяйтесь к WarGonzo в MAХ](https://max.ru/WarGonzo)",13634,12,,0,0,
2026-07-03 06:31:17,rybar,81487,https://t.me/rybar/81487,"📝**Не количество, а качество**📝
__о российской миграционной политике__

В своем интервью член Совета при Президенте РФ по развитию гражданского общества **Кирилл Кабанов** [затронул](https://t.me/ReportersLive/25026) одну из главных тем последних лет — переход от бесконтрольной миграции к системе управляемого отбора и контроля. И хотя многие изменения уже начали работать, сама реформа пока далека от завершения.

🔻**Какие тенденции отметил? **

▪️За последние три года в России существенно обновили миграционное законодательство.

▪️Одним из ключевых принципов должен стать организованный набор работников под конкретного работодателя и на конкретный срок.

▪️Продолжается внедрение цифрового профиля мигранта и других механизмов цифрового контроля.

▪️В стране уже действует реестр лиц, незаконно находящихся на территории России.

▪️Ряд регионов — в частности Калужская, Костромская, Тульская, Брянская и Калининградская области — активно используют новые инструменты регулирования миграции.

▪️Одновременно сохраняются территории, где влияние миграционного лобби по-прежнему затрудняет проведение реформ.

🖍Вопрос сегодня уже стоит не о том, нужна ли миграция России, а о том, **какой именно** она должна быть. Практика последних лет показала, что ориентация исключительно на количество приезжающих создает слишком много проблем самого разного характера.

Поэтому государство постепенно [переходит](https://t.me/rybar/77829) к более рациональной модели, предполагающей усиление контроля, цифровизацию миграционного учета, повышение ответственности работодателей и сокращение возможностей для злоупотребления миграционными механизмами.

Да, где-то новые механизмы еще до конца не отлажены, где-то они сталкиваются с сопротивлением __«миграционного лобби»__ на местах, но общий тренд не может не вселять позитивных надежд.

❗️При этом речь не идет о закрытии страны для иностранцев. Напротив, России **необходимы люди**, которые готовы работать, соблюдать российские законы, уважать традиции и связывать со страной свое будущее, особенно те, кто прошел через горнило СВО. Именно такая миграция способна приносить государству **пользу**, а не создавать дополнительные риски.

📌За последние годы власти проделали большую работу и первые результаты **уже заметны, **но сейчас важно не останавливаться на полпути. Переход от массовой миграции к качественному отбору приезжающих — процесс длительный, но только так удастся добиться той модели миграционной политики, которая **отвечает интересам** безопасности и развития России.
#мигранты #Россия 
**✈️**** **[**RU**](https://t.me/rybar)** | ****✈️**** **[**EN**](https://t.me/rybar_in_english)** | ****✉️**** **[**MAX**](https://max.ru/Rybar) 

✉️ [**VK**](https://vk.com/rybar_force) | ✉️ [**RuTube**](https://rutube.ru/u/rybar/) | ✉️ [**ОК**](https://ok.ru/group/70000041986659) | ✉️ [**Дзен**](https://dzen.ru/rybar)

**💸**[**Поддержать нас**](https://qr.nspk.ru/BS1A0068ID10D33B9IBAQRQ4M9T0NIFN?type=01&bank=100000000008&crc=36CB)",70696,11,,0,1,webpage
2026-07-03 06:50:10,dva_majors,95558,https://t.me/dva_majors/95558,"✨ **Фронтовая броня** ✨

💌 Весточка с фронта! 

Бойцы 18-й МСД передают привет всем неравнодушным подписчикам канала ""Два Майора"" и проекту ""Фронтовая броня"" VБроне_31! ✊ 

Насыщение как передовых позиций, так и всех критически важных объектов стационарными и мобильными пунктами наблюдения/перехвата вражеских беспилотников - приоритетная задача теперь уже не только для фронта и приграничья! ✌️

Спасибо всем, кто помогает! ❤️✌️

❗️ у кого телега уже совсем не едет и скрипит - мы все дублируем в [MAX](https://max.ru/join/5px4R-qLtnu-GE2L7K0lzYStf5GiclQnlTmmzsG-SxY)

🌸 Актуальный сбор на необходимый нам для производства бронекомплектов металл по [ссылке](https://t.me/dva_majors/90012).
🍎 У нас на канале продолжаем сборы на производственные расходы и текущие нужды.

✨[VБроне_31](https://t.me/Vbrone31) ⭐️[VБроне_31 в MAX](https://max.ru/join/5px4R-qLtnu-GE2L7K0lzYStf5GiclQnlTmmzsG-SxY)
✨[БФ ""Два Майора""](https://t.me/front_narod) ✨[Два Майора](https://t.me/dva_majors) ⭐️[Два Майора в MAX](https://max.ru/dva_majors)",36813,1,3,0,1,document
2026-07-03 07:01:18,rusich_army,30182,https://t.me/rusich_army/30182,"**💬****Удар по тылам****💬**

✍️ Украинские формирования атакуют российские территории ежедневно, меняется лишь интенсивность: дронов то больше, то меньше. 

В ночь на 3 июля подразделениями ПВО было уничтожено 155 беспилотников. Всего за сутки с утра 2 июля поражено не менее 255 БпЛА.

▪️Основной целью сегодняшнего удара стала Белгородская область, где после нескольких волн БпЛА, был нанесен ракетный удар по Мичуринской ТЭЦ.

Помимо этого, украинскими беспилотниками продолжились налеты на энергосистему Крыму: украинские ресурсы намеренно акцентируют внимание на этом.

❗️В остальном каких-то прямо серьезных результатов у противника нет. И в отсутствие этого на Украине муссируют ту тему, которую могут, – топливный дефицит.

Сейчас проблема с бензином беспокоит российских граждан более всего, и украинское ЦИПсО активно пользуется этим, разгоняя панику и негатив в соцсетях.

🤙[Архангел Спецназа](https://t.me/rusich_army)!

❗️🤙 [Если не грузит видео - смотрите у нас в MAX](https://max.ru/arx_spn)",42563,26,19,0,1,photo
2026-07-03 07:04:07,dva_majors,95559,https://t.me/dva_majors/95559,"✨**Сбор** **на Добропольское направление**✨
576 человек приняли участие сборах за сутки!

⚡️ Десантники нуждаются в народной поддержке! Для сопровождения штурмовых групп и ведения разведки операторам необходимы дроны, а так же оборудование для mesh-сети.

▪️Mavic 4Т - 400 000 ₽
▪️Mavic 3Pro -2шт- 400 000 ₽
▪️Mesh-система - 1 200 000 ₽

**Необходимо: 2 000 000 ₽
**Собрано за сутки: 184 044 ₽**
**Собрано всего: 1 720 166 ₽ 
Осталось собрать: **279 834 ₽**

**-**
**Реквизиты для добровольных 
пожертвований: **
✔️любым удобным способом **на сайте** «Два майора» - https://dva-majors.ru 
✔️ на счет БФ «Два майора» перевод **по СБП** без комиссии:  https://qr.nspk.ru/AS1A002SNGS125GG8HFRLP618Q3H3GRI?type=01&bank=100000000111&crc=DF0D
✔️T-Банк: https://pay.cloudtips.ru/p/4641cedb
✔️**для юридических лиц **(покажите друзьям - бизнесменам!): 
ИНН: 2365033577
КПП: 236501001
БИК: 040349602
Р/с 40703810530000007491
—
Карта Сбербанка физического лица (Е.В.М.), **представителя Фонда**: 
2202206209199178
`2202206209199178`

**Всё для Фронта! **🇷🇺 

Наш официальный сайт:
https://dva-majors.ru
—
[БФ Два майора](https://t.me/front_narod)",36261,0,16,0,1,document
2026-07-03 07:11:34,sashakots,62872,https://t.me/sashakots/62872,"Друзья, канал моего донецкого друга, военкора Сергея Макаренко взломан. Не надо ходить оттуда ни по каким ссылкам.

@sashakots",9112,14,,0,1,photo
2026-07-03 07:13:50,wargonzo,35260,https://t.me/wargonzo/35260,"**Автомобиль главы района подорвался на мине в Курской области**

В Курской области взрыв прогремел прямо у здания районной администрации в Рыльске. В тот момент, когда служебная машина подъезжала к учреждению, дистанционно сработало взрывное устройство.

Тяжелые ранения получил глава Рыльского района Владимир Ковальчук — у него минно-взрывная травма и множественные осколочные ранения ног.

За рулем находился директор управления хозобслуживания Сергей Беседин. Мужчина экстренно прооперирован в Рыльской ЦРБ: у него повреждено бедро и диагностировано непроникающее ранение брюшной полости.

Но список пострадавших не ограничился двумя людьми. Как уточнил губернатор Александр Хинштейн, осколки также задели начальника управления культуры и специалиста отдела ГО и ЧС.

Сейчас место происшествия оцеплено, на месте работают саперы. Ситуация остается на контроле оперативных служб.

👉🏻 [Присоединяйтесь к WarGonzo в MAХ](https://max.ru/WarGonzo)",10426,42,,0,1,photo
2026-07-03 07:20:05,rybar,81488,https://t.me/rybar/81488,"📝**Почта под ударом****📝**
о__б атаках на логистическую инфраструктуру т.н. Украины в 2026 году__

С начала 2026 года удары по тыловой инфраструктуре **т.н. Украины** всё чаще попадают не только по складам, энергообъектам и промышленным площадкам, но и по логистическим узлам, завязанным на внутреннее снабжение. 

Одной из наиболее показательных целей стали объекты почтовой сети — прежде всего «Новой почты», а также отдельные площадки «Укрпочты».

Речь идёт уже не о разовых прилётах по отдельно взятым отделениям. Под поражение попадали терминалы, хабы, депо, грузовые площадки, сортировочные объекты и обычные точки выдачи, то есть вся цепочка — от приёма и хранения до распределения отправлений по регионам.

🔻**География ударов**

▪️Кампания по нанесению ударов охватила как прифронтовые районы, так и глубокий тыл. В числе затронутых городов и населённых пунктов — **Харьков**, **Киев**, **Днепропетровск**, **Запорожье**, **Краматорск**, **Славянск**, **Сумы**, **Одесса**, **Луцк**, **Болград**, **Херсон**, а также узлы в **Коротиче**, **Лиманке**, **Шостке**, **Сновске**, **Новониколаевке** и других точках. На карте хорошо видно, что основной контур поражения пришёлся на восток, юг и центральную часть т.н. Украины, где сосредоточена наиболее плотная сеть распределения грузов.

🔻**Основной инструмент ударов — беспилотники**

▪️Именно БЛА стали главным средством поражения по таким объектам, позволяя системно выбивать распределённую инфраструктуру без необходимости расходовать более дорогие средства на каждую отдельную цель. В отдельных случаях применялись и ракетные удары, а также авиационные средства поражения, однако именно дроны задают общий характер этой кампании.

▪️Особенно показательно и **распределение по типам целей**. Больше всего поражённых объектов — это точки выдачи и приёма отправлений, однако значительная доля пришлась и на сортировочные мощности, терминалы и площадки хранения. А это уже куда чувствительнее для всей системы, поскольку вывод из строя одного хаба или терминала создаёт перегрузку соседних узлов, срывает маршруты и замедляет доставку в целом регионе.

Формально такие объекты проходят как гражданская почтовая инфраструктура, однако в условиях конфликта они неизбежно становятся частью более широкого контура снабжения. Через почтово-логистические сети идут не только бытовые посылки и коммерческие грузы, но и комплектующие, оборудование, средства связи, снаряжение, волонтёрские поставки и другие грузы двойного назначения, связанные с обеспечением фронта и прифронтовых районов.

🔻**Динамика ударов**

▪️Если в начале года фиксировались единичные эпизоды, то к весне и особенно к лету интенсивность резко возросла. Пик пришёлся на май и июнь, когда удары по почтовой логистике стали уже не случайным фоном, а устойчивой частью давления на тыловую инфраструктуру.

В итоге можно говорить о вполне определённой тенденции: почтово-логистическая сеть **т.н. Украины** рассматривается как элемент общего контура снабжения, по которому идёт не только гражданский товарооборот, но и перевозка техники, комплектующих, коммерческих грузов и сопутствующих потоков для нужд фронта и тыла. Поэтому поражение таких объектов даёт эффект значительно шире, чем просто сгоревшее отделение или повреждённый склад.

📌На этом фоне удары по почтовой инфраструктуре становятся частью более широкой кампании по расшатыванию внутренней логистики **т.н. Украины**. И чем чаще под поражение попадают не только отделения, но и терминалы, хабы и площадки хранения, тем заметнее будет сказываться накопительный эффект — от перебоев в доставке до перегрузки всей распределительной сети.

📎[**Инфографика в высоком разрешении**](https://i.ibb.co/rGzBnFM8/01-07.jpg)

📎[**English version**](https://i.ibb.co/vxLZdWgS/01-07.jpg)

 #инфографика #Россия #Украина
**✈**** **[**RU**](https://t.me/rybar)** | ****✈**** **[**EN**](https://t.me/rybar_in_english)** | ****✉**** **[**MAX**](https://max.ru/Rybar)

✉️ [**VK**](https://vk.com/rybar_force) | ✉️ [**RuTube**](https://rutube.ru/u/rybar/) | ✉️ [**ОК**](https://ok.ru/group/70000041986659) | ✉️ [**Дзен**](https://dzen.ru/rybar)

💸[**Поддержать нас**](https://qr.nspk.ru/BS1A0068ID10D33B9IBAQRQ4M9T0NIFN?type=01&bank=100000000008&crc=36CB)",63021,30,,0,1,photo
2026-07-03 07:31:01,dva_majors,95560,https://t.me/dva_majors/95560,"🇩🇪🤩**В Германии открылся новый завод по производству чипов в рамках программы ЕС**

2 июля 2026 года в Дрездене компания **Infineon Technologies** открыла завод Smart Power Fab. Инвестиции составили **5 млрд евро** (❗). Производство запущено на три месяца раньше графика. Это один из первых реализованных проектов в рамках **Европейского закона о чипах** (EU Chips Act), цель которого увеличить долю Европы в мировом производстве полупроводников **с около 10% до 20% к 2030 году** и снизить зависимость от Азии.

Завод специализируется на выпуске **300-мм плат и силовых полупроводников** (на кремнии и карбиде кремния SiC) и аналого-смешанных микросхемах.

Также в Европе в рамках EU Chips Act реализуется **ряд крупных проектов**:

◾🇩🇪**ESMC** – совместное предприятие 🇹🇼TSMC, 🇩🇪Bosch,🇩🇪Infineon и 🇳🇱NXP в Дрездене по выпуску **300-мм пластин продвинутой логики** (12–28 нм FinFET). Мощность **до 40 тыс. плат в месяц**. Запуск производства ожидается в 2027 году;
◾🇮🇹**STMicroelectronics** – вертикальная интеграция производства SiC (карбид кремния) на 200-мм платах;
◾🇩🇪расширение американского производства  🇺🇸**GlobalFoundries** в Дрездене (проект SPRINT) для выпуска специализированных чипов для автомобилей, промышленности, связи и энергетики;
◾🇨🇿строительство завода американской компании 🇺🇸**onsemi** в Чехии (в городе Рожнов-под-Радгоштем) крупного завода по производству силовых чипов на основе карбида кремния;
◾🇦🇹строительство новой производственной площадки 🇦🇹🇩🇪австрийско-немецкой компании **ams-Osram AG** в Премштеттене (Австрия) по выпуску чипов и датчиков.

✨Помимо автомобильной промышленности (которая **ускоренно деградирует в Европе**), телекоммуникации и энергетики, чипы будут **массовоо использоваться для перевооружения Европы** – БПЛА, РЛС, систем РЭБ и управления умным вооружением, космических аппаратов, наземной и морской техники, ракетных вооружений и ПВО.

✨⭐️Новые европейские мощности позволят ВПК осуществить более дешёвый и быстрый **переход армий к новому технологическому укладу**, где главенствуют «умные» вооружения с ИИ, беспилотниками, датчиками и роботами, для производства которых **потребуются миллионы чипов**. Кроме того, меры направлены **на повышение доли технологического суверенитета ЕС**, что должно поддержать выпуск военной продукции **в условиях торговых войн. **

[**Два майора**](https://t.me/dva_majors)
[**Два майора в МАХ**](https://max.ru/dva_majors)",36471,56,88,0,1,photo
2026-07-03 08:15:01,dva_majors,95561,https://t.me/dva_majors/95561,"⛽️🇷🇺**На всех АЗС Новороссийска приостановлена свободная продажа бензина**

На некоторых осталось **какое-то количество дизельного топлива**. 

Заправка осуществляется **только по топливным картам.** Пользоваться ими могут только служебные авто и только на определенных заправках оператора, с которым заключен договор.

✨Создание системы ПВО «малого неба» против дронов **требует принятия сверхбыстрых экстраординарных и внебюррократических мер.** Враг не остановится и будет **наращивать удары** по нефтепроизводству и нефтехранилищам, в том числе используя **реактивные дроны**, с которыми вооружённые пулемётами **МОГи не справятся**.

[**Два майора**](https://t.me/dva_majors)
[**Два майора в МАХ**](https://max.ru/dva_majors)",25586,278,90,0,1,photo
2026-07-03 08:15:08,rybar,81489,https://t.me/rybar/81489,"📝**Забота следующего канцеляра**📝
__Настоящая цена наследия__

В британской оборонной политике снова всплыло слово «__дыра__» — речь как обычно о военном бюджете.

По данным казначейства и минобороны, после [презентации](https://t.me/evropar/2081) плана оборонных инвестиций на 15 млрд фунтов будущему канцлеру [придётся](https://www.theguardian.com/politics/live/2026/jun/30/defence-investment-plan-keir-starmer-dan-jarvis-labour-andy-burnham-uk-politics-latest-news) где‑то найти ещё почти **5 млрд**, чтобы закрыть нехватку финансирования. На данный момент такой  суммы вообще нет, а ее поиск отложен на осенний бюджет.

Схема текущего плана устроена довольно цинично. Все ведомства получили указание снизить капитальные расходы на **1%** — это даёт около 4 млрд за четыре года. Дополнительно срезают транспорт: до 700–800 млн. Ещё 2 млрд изымают из «зеленой» энергетики.

Но даже после этих манёвров остаётся почти треть инвестиционного плана (__5 млрд__ __фунтов__), не обеспеченная конкретными источниками. 

❗️Получается, британские власти сделали вид, что соблюдают обещание не повышать налоги и не увеличивать заимствования. Однако главная проблема остается нерешённой, поэтому она ляжет на плечи следующего правительства, которое осенью может и не соблюдать заверения предшественников.  
#Великобритания
👁@evropar — на пороге смерти Европы

**💸**** **[**Поддержать нас**](https://qr.nspk.ru/BS1A0068ID10D33B9IBAQRQ4M9T0NIFN?type=01&bank=100000000008&crc=36CB)",12976,0,,1,1,webpage
2026-07-03 08:49:50,dva_majors,95562,https://t.me/dva_majors/95562,"Украина подпитывает иллюзии своего населения байками о ""возвращении исконно украинских территорий"". Совместно с советниками из США Киев ещё в 2022 году представил план создания ""народных республик"" на российско-украинской границе путём разделения территории нашей страны 
Этот материал конечно делается для внутреннего пользования, чтобы пудрить мозги украинцам. Между тем желаем украинским и американским политтехнологам определиться со своими тезисами. А то заявления о том, что НАТО не угрожает России не соотносится с планами по расчленению нашей страны

[Блокнот пропагандиста](http://t.me/designersmil)",6434,12,8,0,1,photo
